id,sales
3000888,3.944102
3000889,0.000000
3000890,4.968716
3000891,2232.675049
3000892,0.000000
3000893,378.754547
3000894,12.754088
3000895,638.417542
3000896,732.569397
3000897,147.453751
3000898,142.711334
3000899,136.186386
3000900,2642.128174
3000901,19.625475
3000902,1.385975
3000903,22.740648
3000904,27.256044
3000905,0.000000
3000906,192.713409
3000907,15.528375
3000908,26.109631
3000909,12.326562
3000910,108.217216
3000911,5.237192
3000912,280.321167
3000913,178.592789
3000914,3.824197
3000915,10.140259
3000916,294.818817
3000917,61.342709
3000918,4084.560791
3000919,8.223876
3000920,21.007673
3000921,1.362796
3000922,0.000000
3000923,3.770266
3000924,1194.612061
3000925,0.000000
3000926,89.949440
3000927,2.802090
3000928,622.537354
3000929,368.928070
3000930,205.386276
3000931,31.901381
3000932,31.198622
3000933,2398.820312
3000934,2.905087
3000935,0.002089
3000936,7.864837
3000937,11.427208
3000938,0.000000
3000939,162.554382
3000940,4.174403
3000941,8.223876
3000942,8.274854
3000943,19.676085
3000944,0.177811
3000945,175.678055
3000946,162.964478
3000947,0.000000
3000948,2.680250
3000949,118.739944
3000950,22.887211
3000951,440.267578
3000952,33.679630
3000953,2.237244
3000954,5.476268
3000955,0.000000
3000956,4.476638
3000957,4095.218750
3000958,0.000000
3000959,691.161377
3000960,11.919465
3000961,1660.619995
3000962,614.547668
3000963,453.528290
3000964,196.760178
3000965,74.466080
3000966,6900.787109
3000967,19.929272
3000968,0.360838
3000969,23.216244
3000970,19.682598
3000971,0.000000
3000972,439.467651
3000973,9.246502
3000974,24.176619
3000975,9.660134
3000976,36.548981
3000977,1.830611
3000978,669.746338
3000979,382.402405
3000980,1.291176
3000981,12.485701
3000982,407.935333
3000983,97.339752
3000984,1462.498413
3000985,34.460201
3000986,4.982008
3000987,4.665547
3000988,0.000000
3000989,2.577353
3000990,1439.080933
3000991,0.000000
3000992,175.374176
3000993,9.129243
3000994,827.045898
3000995,471.486206
3000996,176.008392
3000997,36.638588
3000998,31.908857
3000999,2634.677734
3001000,6.585851
3001001,0.000000
3001002,12.482785
3001003,22.671385
3001004,0.000000
3001005,146.217484
3001006,8.204258
3001007,8.223876
3001008,12.036030
3001009,33.339886
3001010,1.794435
3001011,147.200577
3001012,164.682510
3001013,1.013948
3001014,5.685950
3001015,142.914062
3001016,34.069759
3001017,571.207214
3001018,16.028004
3001019,3.146163
3001020,3.464350
3001021,0.000000
3001022,3.579578
3001023,1308.645264
3001024,0.000000
3001025,105.658279
3001026,5.007164
3001027,573.537720
3001028,296.245819
3001029,156.098679
3001030,48.999718
3001031,25.299147
3001032,2507.568115
3001033,6.639814
3001034,0.000000
3001035,11.020242
3001036,9.404485
3001037,0.000000
3001038,126.742592
3001039,1.357446
3001040,8.223876
3001041,3.625023
3001042,34.486565
3001043,0.935425
3001044,90.605995
3001045,167.610870
3001046,0.215350
3001047,3.220547
3001048,55.639393
3001049,18.306974
3001050,398.508392
3001051,29.465511
3001052,1.312581
3001053,3.462012
3001054,0.000000
3001055,2.530792
3001056,1652.904785
3001057,0.000000
3001058,160.135284
3001059,7.303626
3001060,805.205078
3001061,421.419006
3001062,242.628723
3001063,28.702669
3001064,33.925919
3001065,2872.707520
3001066,5.576422
3001067,0.000000
3001068,10.476544
3001069,19.878283
3001070,0.000000
3001071,170.455200
3001072,1.652659
3001073,8.223876
3001074,6.039078
3001075,21.778276
3001076,3.128054
3001077,147.999741
3001078,273.789154
3001079,0.737132
3001080,4.759171
3001081,57.191338
3001082,77.050644
3001083,582.695068
3001084,23.026503
3001085,4.957769
3001086,3.165051
3001087,1.240851
3001088,4.594120
3001089,1599.437256
3001090,0.000000
3001091,132.992432
3001092,3.662795
3001093,748.758240
3001094,349.149902
3001095,221.812866
3001096,98.822121
3001097,57.647907
3001098,2609.212158
3001099,7.979008
3001100,0.907836
3001101,12.523595
3001102,18.204416
3001103,0.000000
3001104,194.975723
3001105,7.132248
3001106,8.223876
3001107,11.867174
3001108,23.580011
3001109,2.276590
3001110,125.398033
3001111,172.542679
3001112,0.000000
3001113,4.313513
3001114,101.925072
3001115,48.418278
3001116,796.281189
3001117,27.109411
3001118,5.142056
3001119,3.655475
3001120,0.000038
3001121,1.636700
3001122,1142.791870
3001123,0.000000
3001124,160.035294
3001125,4.111933
3001126,713.856934
3001127,277.743683
3001128,128.379837
3001129,113.427612
3001130,26.319855
3001131,2207.214600
3001132,3.340968
3001133,0.000000
3001134,12.997985
3001135,16.569187
3001136,0.000000
3001137,138.770233
3001138,0.000000
3001139,8.223876
3001140,10.878045
3001141,26.015135
3001142,1.831615
3001143,55.518627
3001144,137.132401
3001145,0.061299
3001146,2.412587
3001147,61.089066
3001148,32.329784
3001149,647.833618
3001150,8.223876
3001151,1.729997
3001152,5.952683
3001153,0.129517
3001154,3.306695
3001155,2308.890869
3001156,0.000000
3001157,283.805115
3001158,4.389019
3001159,977.434143
3001160,1001.116882
3001161,392.166687
3001162,157.691528
3001163,78.185730
3001164,3994.659180
3001165,10.642826
3001166,1.245445
3001167,21.761702
3001168,22.860323
3001169,0.000000
3001170,236.543625
3001171,0.000000
3001172,8.223876
3001173,9.897921
3001174,33.566315
3001175,4.086486
3001176,230.105026
3001177,207.590286
3001178,0.869337
3001179,6.473348
3001180,265.157379
3001181,53.384857
3001182,1356.975220
3001183,79.513168
3001184,9.631144
3001185,2.254255
3001186,0.066825
3001187,4.432844
3001188,1668.054932
3001189,0.000000
3001190,457.048279
3001191,7.203218
3001192,463.151947
3001193,618.673523
3001194,164.313110
3001195,142.503281
3001196,37.620045
3001197,2350.358887
3001198,8.653592
3001199,0.602771
3001200,15.917130
3001201,23.625662
3001202,0.000000
3001203,153.344254
3001204,7.165897
3001205,22.949554
3001206,11.920670
3001207,59.885727
3001208,2.028577
3001209,71.376747
3001210,152.425278
3001211,2.253520
3001212,5.561737
3001213,126.258629
3001214,55.536819
3001215,1702.554199
3001216,39.228657
3001217,10.379576
3001218,5.371106
3001219,0.000000
3001220,4.300966
3001221,2209.290527
3001222,0.000000
3001223,164.128159
3001224,5.703795
3001225,714.716675
3001226,328.508270
3001227,243.774246
3001228,39.306034
3001229,39.267956
3001230,3086.400879
3001231,11.513631
3001232,1.111771
3001233,12.259704
3001234,13.582722
3001235,0.000000
3001236,161.949219
3001237,6.705210
3001238,8.223876
3001239,7.004915
3001240,32.852322
3001241,3.427902
3001242,122.006554
3001243,155.086349
3001244,0.955982
3001245,4.785201
3001246,83.545219
3001247,21.123920
3001248,629.093628
3001249,33.001869
3001250,4.687695
3001251,4.888772
3001252,0.000000
3001253,7.221329
3001254,2429.017334
3001255,0.000000
3001256,589.197632
3001257,9.040860
3001258,738.432312
3001259,702.634460
3001260,204.209305
3001261,149.706848
3001262,88.562340
3001263,3436.289307
3001264,26.196838
3001265,0.721293
3001266,19.938620
3001267,25.133488
3001268,0.000000
3001269,217.310776
3001270,17.600534
3001271,22.874634
3001272,10.690950
3001273,71.119759
3001274,9.310981
3001275,355.595764
3001276,232.732285
3001277,7.039911
3001278,5.793599
3001279,393.792572
3001280,106.064209
3001281,3267.016846
3001282,8.223876
3001283,29.971607
3001284,6.970447
3001285,0.000000
3001286,4.728046
3001287,3309.052979
3001288,0.000000
3001289,389.179138
3001290,5.647300
3001291,1045.652710
3001292,765.427368
3001293,512.056763
3001294,61.307507
3001295,55.922897
3001296,4452.411621
3001297,9.681800
3001298,0.267286
3001299,15.934643
3001300,13.755821
3001301,0.000000
3001302,262.709076
3001303,1.157282
3001304,23.261724
3001305,12.562983
3001306,45.321327
3001307,1.860447
3001308,269.276031
3001309,308.072296
3001310,2.403632
3001311,5.474011
3001312,200.335266
3001313,52.426559
3001314,898.497253
3001315,71.668381
3001316,9.483216
3001317,8.024480
3001318,0.181860
3001319,4.593413
3001320,2725.397705
3001321,0.000000
3001322,364.463806
3001323,5.226240
3001324,1020.675842
3001325,597.658386
3001326,266.860565
3001327,229.777176
3001328,71.612534
3001329,3682.897461
3001330,11.286645
3001331,0.288687
3001332,30.444036
3001333,26.779392
3001334,0.000000
3001335,236.864639
3001336,3.126907
3001337,24.339003
3001338,9.719137
3001339,82.574448
3001340,2.353675
3001341,121.369202
3001342,203.957291
3001343,2.020591
3001344,5.491038
3001345,134.569260
3001346,123.546089
3001347,1377.032227
3001348,8.223876
3001349,3.988601
3001350,3.475266
3001351,0.000000
3001352,3.595635
3001353,1591.471680
3001354,0.000000
3001355,134.811035
3001356,5.296625
3001357,694.553650
3001358,317.430908
3001359,140.970566
3001360,38.880138
3001361,38.583729
3001362,2386.679932
3001363,7.158484
3001364,0.651849
3001365,24.365015
3001366,23.897614
3001367,0.000000
3001368,162.453842
3001369,0.911607
3001370,8.223876
3001371,5.800715
3001372,55.245132
3001373,3.380921
3001374,121.801430
3001375,139.492630
3001376,0.608728
3001377,4.669641
3001378,134.172150
3001379,29.415848
3001380,467.243561
3001381,38.278996
3001382,1.771891
3001383,1.376520
3001384,0.000000
3001385,3.510702
3001386,1302.275146
3001387,0.000820
3001388,281.050842
3001389,7.626799
3001390,526.010437
3001391,477.860748
3001392,121.903885
3001393,47.931534
3001394,55.653446
3001395,2096.222656
3001396,24.236483
3001397,0.083806
3001398,11.295235
3001399,12.567365
3001400,0.000351
3001401,136.243423
3001402,13.772707
3001403,22.014193
3001404,11.232088
3001405,54.447018
3001406,4.580538
3001407,720.928406
3001408,151.679428
3001409,2.739974
3001410,5.286296
3001411,356.567291
3001412,31.524380
3001413,1661.129517
3001414,8.223876
3001415,6.372103
3001416,2.535492
3001417,0.000000
3001418,5.107338
3001419,3274.854248
3001420,0.000000
3001421,691.275391
3001422,11.862679
3001423,1084.403442
3001424,1259.254883
3001425,280.723969
3001426,234.948196
3001427,149.285110
3001428,4159.000000
3001429,30.751434
3001430,1.059634
3001431,19.131769
3001432,28.214054
3001433,0.000000
3001434,272.891022
3001435,8.735570
3001436,39.513145
3001437,10.686522
3001438,85.076576
3001439,12.098309
3001440,393.953339
3001441,277.717438
3001442,14.708330
3001443,9.720088
3001444,521.014771
3001445,102.869942
3001446,6195.974609
3001447,8.223876
3001448,21.553679
3001449,2.657789
3001450,0.000000
3001451,4.072978
3001452,1764.371582
3001453,0.000000
3001454,362.823303
3001455,6.317137
3001456,371.096771
3001457,502.006042
3001458,134.448196
3001459,103.156944
3001460,80.311462
3001461,1850.433350
3001462,17.215429
3001463,0.986891
3001464,20.037003
3001465,15.922517
3001466,0.000000
3001467,100.408562
3001468,0.000000
3001469,43.008408
3001470,13.417325
3001471,123.399094
3001472,9.817656
3001473,227.025757
3001474,114.720818
3001475,4.313323
3001476,5.256321
3001477,169.813553
3001478,38.105770
3001479,2813.244385
3001480,27.172838
3001481,4.528693
3001482,2.810016
3001483,0.000000
3001484,2.889966
3001485,771.074829
3001486,0.000000
3001487,204.123322
3001488,4.511002
3001489,313.885162
3001490,243.290405
3001491,73.786118
3001492,27.638323
3001493,24.432119
3001494,1268.227051
3001495,2.979336
3001496,0.000000
3001497,9.691865
3001498,10.359927
3001499,0.000000
3001500,59.784664
3001501,0.000000
3001502,24.212135
3001503,7.928645
3001504,25.822371
3001505,0.000000
3001506,224.930573
3001507,104.164452
3001508,1.306797
3001509,0.726568
3001510,115.506889
3001511,17.516769
3001512,1083.356934
3001513,21.743038
3001514,1.763043
3001515,5.622337
3001516,0.000000
3001517,3.826298
3001518,2541.347168
3001519,0.000000
3001520,583.895020
3001521,11.179442
3001522,762.345520
3001523,861.209717
3001524,278.630249
3001525,232.152893
3001526,100.844193
3001527,3606.443359
3001528,26.664862
3001529,0.000000
3001530,19.080559
3001531,29.510935
3001532,0.000000
3001533,222.628174
3001534,5.374993
3001535,41.653545
3001536,12.563269
3001537,98.051804
3001538,4.613770
3001539,269.476562
3001540,216.114929
3001541,8.713519
3001542,8.376085
3001543,351.534485
3001544,74.172035
3001545,4049.294922
3001546,27.129585
3001547,17.340740
3001548,4.260061
3001549,0.000000
3001550,3.674608
3001551,2756.107178
3001552,0.000000
3001553,512.951172
3001554,13.179193
3001555,827.758911
3001556,770.510925
3001557,309.106079
3001558,194.985428
3001559,53.888958
3001560,4100.552246
3001561,13.480015
3001562,0.342977
3001563,25.153265
3001564,19.110867
3001565,0.330763
3001566,214.543320
3001567,0.000000
3001568,22.063894
3001569,5.717810
3001570,42.484840
3001571,0.972410
3001572,168.778381
3001573,260.766876
3001574,3.319350
3001575,3.615634
3001576,159.268616
3001577,60.747604
3001578,1692.354858
3001579,27.818941
3001580,3.524694
3001581,4.432960
3001582,0.075277
3001583,3.951082
3001584,2744.760498
3001585,0.000000
3001586,586.444885
3001587,5.633580
3001588,740.776062
3001589,685.086426
3001590,212.348450
3001591,161.786713
3001592,54.281471
3001593,3572.980225
3001594,13.333395
3001595,1.013686
3001596,21.614832
3001597,18.044672
3001598,0.000000
3001599,185.029404
3001600,0.000000
3001601,8.979479
3001602,6.522192
3001603,90.890892
3001604,1.260659
3001605,99.316628
3001606,174.054520
3001607,2.325312
3001608,3.974071
3001609,149.270920
3001610,54.038853
3001611,1290.364624
3001612,27.290541
3001613,4.896530
3001614,8.372265
3001615,0.370055
3001616,13.317184
3001617,7617.532227
3001618,0.000000
3001619,1104.836426
3001620,26.267532
3001621,1648.426636
3001622,1766.345337
3001623,277.339752
3001624,446.335297
3001625,271.856598
3001626,7651.512207
3001627,72.812553
3001628,2.554913
3001629,52.790073
3001630,50.910412
3001631,0.000000
3001632,436.829041
3001633,33.303936
3001634,74.578316
3001635,20.613317
3001636,193.920898
3001637,25.006924
3001638,592.879578
3001639,456.923340
3001640,13.910148
3001641,20.645233
3001642,961.611023
3001643,199.915207
3001644,10662.800781
3001645,27.356413
3001646,74.126343
3001647,2.730559
3001648,0.000000
3001649,0.887515
3001650,1946.491943
3001651,0.000000
3001652,157.827545
3001653,3.535235
3001654,495.466156
3001655,337.450928
3001656,134.302231
3001657,82.393555
3001658,36.687637
3001659,2214.762207
3001660,4.697960
3001661,0.018935
3001662,11.622142
3001663,9.736634
3001664,0.000000
3001665,158.986954
3001666,0.601174
3001667,8.223876
3001668,4.465588
3001669,32.967922
3001670,0.516951
3001671,53.623322
3001672,82.601028
3001673,1.164394
3001674,3.476587
3001675,95.774506
3001676,25.100151
3001677,770.656799
3001678,8.223876
3001679,3.684782
3001680,6.536556
3001681,0.000000
3001682,2.656281
3001683,2879.860596
3001684,0.000000
3001685,430.939056
3001686,7.344760
3001687,954.244812
3001688,738.202515
3001689,202.252563
3001690,199.800720
3001691,73.461311
3001692,4377.330566
3001693,9.621517
3001694,0.223124
3001695,17.962248
3001696,19.573471
3001697,0.000000
3001698,210.623062
3001699,0.823518
3001700,20.527609
3001701,9.495352
3001702,25.881298
3001703,1.011163
3001704,268.256927
3001705,204.648346
3001706,2.844310
3001707,4.494709
3001708,98.903709
3001709,59.656460
3001710,1467.988770
3001711,26.566833
3001712,4.254570
3001713,1.327530
3001714,0.000000
3001715,2.745009
3001716,881.578430
3001717,0.000000
3001718,132.278671
3001719,2.978494
3001720,420.120148
3001721,179.538498
3001722,111.135010
3001723,163.984085
3001724,18.367208
3001725,1684.121582
3001726,1.419254
3001727,0.000063
3001728,9.561662
3001729,11.945127
3001730,0.000000
3001731,81.929466
3001732,0.000000
3001733,8.223876
3001734,8.978512
3001735,32.218769
3001736,0.002491
3001737,60.271580
3001738,75.995941
3001739,10.528721
3001740,1.233844
3001741,51.342777
3001742,10.094469
3001743,467.481537
3001744,8.223876
3001745,1.450127
3001746,5.394011
3001747,0.000000
3001748,3.215927
3001749,1843.695190
3001750,0.000000
3001751,189.005692
3001752,5.303843
3001753,811.333618
3001754,509.745026
3001755,166.306015
3001756,129.779800
3001757,39.840805
3001758,2656.626953
3001759,2.578231
3001760,0.294319
3001761,25.121075
3001762,21.603798
3001763,0.000000
3001764,175.406586
3001765,0.000000
3001766,8.223876
3001767,11.815056
3001768,46.401096
3001769,1.725294
3001770,271.327423
3001771,169.427841
3001772,1.535909
3001773,2.838702
3001774,201.870178
3001775,30.937366
3001776,1332.015137
3001777,8.223876
3001778,1.016798
3001779,3.256415
3001780,0.000000
3001781,3.286835
3001782,2026.512939
3001783,0.000000
3001784,586.485046
3001785,8.881685
3001786,727.859985
3001787,719.556152
3001788,210.008057
3001789,105.693008
3001790,59.369072
3001791,3723.562500
3001792,7.168632
3001793,2.811184
3001794,24.321226
3001795,35.269424
3001796,0.000000
3001797,185.374451
3001798,1.925013
3001799,24.632565
3001800,12.117291
3001801,31.154079
3001802,2.955327
3001803,168.404480
3001804,266.026886
3001805,2.892637
3001806,5.775502
3001807,136.664459
3001808,24.743826
3001809,891.063721
3001810,34.100491
3001811,3.442052
3001812,3.224793
3001813,0.000000
3001814,3.018828
3001815,1165.408325
3001816,0.000000
3001817,93.250122
3001818,1.613700
3001819,409.930084
3001820,177.176895
3001821,79.589676
3001822,128.802170
3001823,36.878777
3001824,1626.856567
3001825,3.244239
3001826,0.000000
3001827,7.303777
3001828,11.571040
3001829,0.000000
3001830,76.840668
3001831,0.000000
3001832,8.223876
3001833,8.422130
3001834,51.090019
3001835,0.234420
3001836,158.963837
3001837,83.133835
3001838,0.224031
3001839,0.494637
3001840,35.949001
3001841,17.167341
3001842,533.490967
3001843,8.223876
3001844,0.328726
3001845,4.048583
3001846,0.000000
3001847,2.981497
3001848,3423.341797
3001849,0.000000
3001850,467.714539
3001851,7.206092
3001852,758.625732
3001853,636.635132
3001854,192.465424
3001855,85.272072
3001856,53.199162
3001857,3637.963867
3001858,8.212146
3001859,0.020842
3001860,25.477558
3001861,12.650764
3001862,0.000000
3001863,191.045105
3001864,0.000000
3001865,30.428473
3001866,11.931345
3001867,61.575241
3001868,2.069418
3001869,206.713379
3001870,205.277786
3001871,3.234406
3001872,2.993177
3001873,104.580544
3001874,53.093079
3001875,1632.746460
3001876,28.387344
3001877,1.433206
3001878,3.222245
3001879,0.000000
3001880,8.801331
3001881,2888.531494
3001882,0.000000
3001883,509.543304
3001884,5.663342
3001885,896.049133
3001886,845.026062
3001887,146.127319
3001888,123.108231
3001889,122.576500
3001890,3761.889160
3001891,47.394894
3001892,1.255468
3001893,29.375355
3001894,23.621962
3001895,0.000000
3001896,227.439407
3001897,20.103813
3001898,34.394596
3001899,8.554910
3001900,98.724129
3001901,9.875808
3001902,207.584824
3001903,243.979111
3001904,11.489779
3001905,14.535367
3001906,236.216141
3001907,73.413895
3001908,3854.470215
3001909,8.223876
3001910,12.507544
3001911,4.513441
3001912,0.000000
3001913,7.236227
3001914,2267.948975
3001915,0.000000
3001916,445.501068
3001917,9.833885
3001918,878.349182
3001919,730.232422
3001920,133.316727
3001921,77.204536
3001922,121.060524
3001923,3649.129150
3001924,21.434872
3001925,0.606748
3001926,33.701519
3001927,25.850641
3001928,0.000000
3001929,253.890900
3001930,18.348719
3001931,22.934887
3001932,10.693273
3001933,80.144272
3001934,10.750388
3001935,155.524536
3001936,412.185577
3001937,7.207316
3001938,9.224763
3001939,111.213028
3001940,74.673134
3001941,3299.232178
3001942,38.585148
3001943,13.572953
3001944,6.178766
3001945,0.000000
3001946,4.187642
3001947,3099.260742
3001948,0.000000
3001949,633.148926
3001950,4.897750
3001951,1271.247803
3001952,540.372864
3001953,187.195435
3001954,244.834656
3001955,54.470058
3001956,4737.604980
3001957,24.697388
3001958,1.261789
3001959,25.230471
3001960,16.826956
3001961,0.000000
3001962,272.163239
3001963,4.931459
3001964,18.403351
3001965,9.372922
3001966,51.501545
3001967,5.544967
3001968,148.319611
3001969,249.011642
3001970,5.339327
3001971,7.177280
3001972,166.123367
3001973,56.677376
3001974,1909.677979
3001975,30.242769
3001976,12.329184
3001977,3.044463
3001978,0.000000
3001979,5.342267
3001980,1990.515869
3001981,0.000000
3001982,269.452148
3001983,6.282405
3001984,648.826660
3001985,576.379150
3001986,167.254532
3001987,122.867409
3001988,74.232285
3001989,2822.084717
3001990,13.953765
3001991,1.008626
3001992,14.332153
3001993,11.455416
3001994,0.000000
3001995,189.764923
3001996,15.904136
3001997,27.177322
3001998,8.571772
3001999,68.794922
3002000,7.360899
3002001,264.497498
3002002,212.947372
3002003,4.803943
3002004,6.788608
3002005,340.922211
3002006,53.286228
3002007,3201.351562
3002008,7.640701
3002009,19.207048
3002010,3.362627
3002011,0.000000
3002012,3.821092
3002013,5271.219238
3002014,0.000000
3002015,419.767273
3002016,8.999857
3002017,1486.960327
3002018,867.145691
3002019,245.250137
3002020,159.722504
3002021,52.914375
3002022,5133.140137
3002023,7.984194
3002024,2.042112
3002025,24.381653
3002026,26.749784
3002027,0.000000
3002028,315.852234
3002029,0.000000
3002030,7.640701
3002031,9.688697
3002032,29.535713
3002033,2.333177
3002034,130.936066
3002035,278.619934
3002036,2.290342
3002037,7.977322
3002038,133.485199
3002039,54.034863
3002040,1251.373413
3002041,8.223876
3002042,5.065995
3002043,5.745678
3002044,0.000000
3002045,8.561378
3002046,1940.854858
3002047,0.000000
3002048,441.206757
3002049,8.199719
3002050,878.295715
3002051,651.874084
3002052,188.888306
3002053,120.352974
3002054,85.294472
3002055,3626.719238
3002056,24.207386
3002057,0.761348
3002058,21.899115
3002059,23.260042
3002060,0.000000
3002061,218.309540
3002062,13.147523
3002063,24.241863
3002064,9.279567
3002065,59.738884
3002066,10.020315
3002067,187.518936
3002068,319.887848
3002069,13.110249
3002070,7.414795
3002071,173.081726
3002072,55.788548
3002073,2836.323730
3002074,28.734934
3002075,5.787311
3002076,2.899736
3002077,0.000000
3002078,5.095043
3002079,2190.312988
3002080,0.000000
3002081,437.601562
3002082,7.690120
3002083,643.011536
3002084,709.314636
3002085,157.057816
3002086,106.109917
3002087,91.222137
3002088,2750.176025
3002089,24.715960
3002090,0.626598
3002091,22.190981
3002092,27.574186
3002093,0.000000
3002094,181.152191
3002095,10.202252
3002096,43.968719
3002097,11.210561
3002098,67.866707
3002099,8.488404
3002100,218.376678
3002101,192.040344
3002102,8.716500
3002103,7.254042
3002104,214.901382
3002105,52.404770
3002106,3223.659912
3002107,8.605156
3002108,11.471316
3002109,6.118361
3002110,0.000000
3002111,5.282384
3002112,4540.737793
3002113,0.000000
3002114,462.991425
3002115,12.001303
3002116,1039.023682
3002117,676.486816
3002118,249.835815
3002119,147.419479
3002120,44.895626
3002121,4465.369629
3002122,12.726348
3002123,0.000000
3002124,15.546711
3002125,24.525303
3002126,0.000000
3002127,235.562424
3002128,0.000000
3002129,21.520247
3002130,9.280543
3002131,57.419147
3002132,2.314903
3002133,199.257019
3002134,247.305786
3002135,2.635561
3002136,1.569751
3002137,233.709717
3002138,101.262398
3002139,1365.082153
3002140,30.425343
3002141,0.645139
3002142,13.485026
3002143,0.000000
3002144,12.511126
3002145,8134.395996
3002146,0.000000
3002147,1349.240112
3002148,27.477095
3002149,2029.970703
3002150,2137.288574
3002151,451.933075
3002152,510.004395
3002153,355.262329
3002154,8453.496094
3002155,98.089157
3002156,3.405882
3002157,117.079147
3002158,111.152245
3002159,0.000000
3002160,581.830688
3002161,21.104767
3002162,30.721878
3002163,60.662117
3002164,264.132233
3002165,20.458656
3002166,729.587463
3002167,443.889191
3002168,29.535645
3002169,30.981176
3002170,971.290771
3002171,267.752838
3002172,12046.034180
3002173,294.567108
3002174,73.478447
3002175,14.019147
3002176,0.000000
3002177,11.854341
3002178,7772.974121
3002179,0.000000
3002180,993.586914
3002181,22.671732
3002182,2094.451416
3002183,1853.213745
3002184,577.616150
3002185,314.346161
3002186,241.013184
3002187,9634.533203
3002188,90.611931
3002189,1.070263
3002190,68.305786
3002191,76.007820
3002192,0.409099
3002193,528.726257
3002194,31.094378
3002195,35.832455
3002196,15.701406
3002197,213.153763
3002198,11.989224
3002199,835.293518
3002200,679.480469
3002201,17.072216
3002202,23.200529
3002203,1017.525330
3002204,228.018723
3002205,8103.120117
3002206,414.339996
3002207,72.833115
3002208,10.309471
3002209,0.000000
3002210,18.422354
3002211,4637.003906
3002212,0.000000
3002213,750.106567
3002214,12.433049
3002215,1697.695312
3002216,1152.316406
3002217,578.888977
3002218,99.933601
3002219,188.104034
3002220,7586.351074
3002221,33.491970
3002222,2.886435
3002223,34.377411
3002224,27.079250
3002225,0.000000
3002226,496.701416
3002227,19.920765
3002228,28.616343
3002229,10.395038
3002230,129.413406
3002231,11.753518
3002232,841.644165
3002233,576.011108
3002234,17.993299
3002235,35.118828
3002236,559.524841
3002237,111.836723
3002238,3308.354004
3002239,312.295349
3002240,37.242088
3002241,12.089461
3002242,0.000000
3002243,21.941446
3002244,7372.430664
3002245,0.000000
3002246,926.695129
3002247,17.754025
3002248,1883.184937
3002249,1733.877319
3002250,513.313538
3002251,269.412903
3002252,228.070251
3002253,9488.996094
3002254,36.453289
3002255,1.200860
3002256,80.029083
3002257,54.761879
3002258,0.000000
3002259,503.825287
3002260,19.997919
3002261,37.373119
3002262,25.137041
3002263,188.397079
3002264,11.807166
3002265,682.965515
3002266,591.948425
3002267,17.453575
3002268,24.218086
3002269,835.167664
3002270,204.657333
3002271,7046.125488
3002272,342.738770
3002273,54.752716
3002274,8.544511
3002275,0.000000
3002276,17.532616
3002277,3332.940186
3002278,0.000000
3002279,587.708252
3002280,11.244192
3002281,1530.022217
3002282,937.427063
3002283,449.779510
3002284,78.080864
3002285,135.020370
3002286,6193.646484
3002287,30.484253
3002288,0.000000
3002289,28.690271
3002290,22.513470
3002291,0.000000
3002292,417.765015
3002293,22.636509
3002294,17.144279
3002295,12.095199
3002296,97.086838
3002297,5.524506
3002298,628.226440
3002299,570.083008
3002300,13.229107
3002301,18.877243
3002302,556.911011
3002303,75.760872
3002304,2268.928223
3002305,298.705780
3002306,16.401062
3002307,8.815208
3002308,0.000000
3002309,11.765615
3002310,6041.349609
3002311,0.000000
3002312,1121.504761
3002313,21.664972
3002314,1637.049194
3002315,1868.650635
3002316,356.667358
3002317,405.257629
3002318,281.784332
3002319,7637.885254
3002320,60.662079
3002321,0.914732
3002322,37.971321
3002323,44.525269
3002324,0.360285
3002325,439.821136
3002326,11.952000
3002327,38.697338
3002328,9.490261
3002329,212.449646
3002330,16.262882
3002331,598.976501
3002332,465.861908
3002333,14.181012
3002334,26.046314
3002335,815.142639
3002336,204.648880
3002337,9129.426758
3002338,232.370438
3002339,60.652878
3002340,5.450982
3002341,0.000000
3002342,6.533426
3002343,1788.348145
3002344,0.000000
3002345,319.816864
3002346,21.015457
3002347,746.544128
3002348,550.339966
3002349,205.477173
3002350,78.145699
3002351,63.490639
3002352,2779.952881
3002353,23.540970
3002354,0.992862
3002355,28.257011
3002356,23.053959
3002357,0.000000
3002358,183.865311
3002359,10.737181
3002360,21.693197
3002361,11.022505
3002362,51.763016
3002363,8.895266
3002364,228.272415
3002365,229.878510
3002366,2.983743
3002367,6.260996
3002368,227.298386
3002369,54.303535
3002370,2227.428711
3002371,25.610502
3002372,8.853968
3002373,8.862597
3002374,0.000000
3002375,12.494992
3002376,3827.135986
3002377,0.000000
3002378,493.106995
3002379,24.976242
3002380,1337.430786
3002381,868.720459
3002382,398.584961
3002383,95.334373
3002384,115.389282
3002385,5798.727539
3002386,56.170860
3002387,1.151135
3002388,37.566410
3002389,29.404631
3002390,0.000000
3002391,342.686157
3002392,9.485255
3002393,14.191202
3002394,12.910446
3002395,133.157593
3002396,8.603439
3002397,493.378174
3002398,435.492981
3002399,8.999972
3002400,18.538248
3002401,341.465057
3002402,76.286575
3002403,2444.426514
3002404,287.661102
3002405,13.610864
3002406,5.733969
3002407,0.000000
3002408,5.158255
3002409,4360.453613
3002410,0.000000
3002411,826.804688
3002412,10.476734
3002413,1453.344360
3002414,1703.543457
3002415,240.722748
3002416,363.819916
3002417,237.489761
3002418,5302.980957
3002419,45.638088
3002420,1.146469
3002421,26.984499
3002422,36.050167
3002423,0.000000
3002424,280.455200
3002425,1.985686
3002426,60.757389
3002427,10.072200
3002428,108.592026
3002429,10.234734
3002430,538.769714
3002431,279.089508
3002432,17.125362
3002433,9.083933
3002434,680.810425
3002435,119.821419
3002436,8854.111328
3002437,20.230371
3002438,48.102028
3002439,8.589409
3002440,0.000000
3002441,9.179721
3002442,4267.882812
3002443,0.000000
3002444,800.329712
3002445,12.404849
3002446,1671.121094
3002447,1179.687500
3002448,317.089691
3002449,223.747208
3002450,262.036987
3002451,5915.862793
3002452,29.650099
3002453,2.342578
3002454,42.328327
3002455,38.723270
3002456,0.000000
3002457,317.595093
3002458,6.117191
3002459,68.896614
3002460,10.715632
3002461,242.208511
3002462,11.640703
3002463,456.992004
3002464,294.467194
3002465,13.343469
3002466,22.564976
3002467,465.084595
3002468,126.789169
3002469,7728.779297
3002470,28.962976
3002471,6.896338
3002472,6.790031
3002473,0.000000
3002474,4.621457
3002475,1911.328979
3002476,0.000000
3002477,434.057190
3002478,5.783973
3002479,891.931763
3002480,486.675873
3002481,199.298523
3002482,81.256927
3002483,86.665245
3002484,2750.164795
3002485,11.401324
3002486,0.970326
3002487,25.341162
3002488,20.380396
3002489,0.000000
3002490,204.754669
3002491,6.395784
3002492,30.909061
3002493,9.602757
3002494,57.213570
3002495,4.252003
3002496,226.289871
3002497,224.386963
3002498,3.154630
3002499,4.971471
3002500,135.809052
3002501,65.638840
3002502,2944.093262
3002503,8.553373
3002504,4.163748
3002505,6.372568
3002506,0.000000
3002507,1.610580
3002508,2717.602051
3002509,0.000000
3002510,209.650085
3002511,4.018322
3002512,782.771973
3002513,274.808228
3002514,185.825470
3002515,43.088791
3002516,24.223110
3002517,3136.015869
3002518,11.804294
3002519,0.000000
3002520,17.852926
3002521,13.091702
3002522,0.000000
3002523,173.472992
3002524,0.000000
3002525,8.223876
3002526,7.676833
3002527,75.212982
3002528,1.722298
3002529,50.820473
3002530,152.672302
3002531,0.000000
3002532,1.532237
3002533,41.635956
3002534,78.747963
3002535,921.830811
3002536,8.223876
3002537,2.338987
3002538,5.316228
3002539,0.000000
3002540,6.954782
3002541,2880.118652
3002542,0.000000
3002543,460.181885
3002544,9.013655
3002545,983.974976
3002546,831.792236
3002547,269.245361
3002548,146.517120
3002549,121.157433
3002550,4442.670410
3002551,26.928450
3002552,0.542877
3002553,21.380854
3002554,43.956642
3002555,0.000000
3002556,255.119308
3002557,17.069185
3002558,24.903002
3002559,10.049880
3002560,79.139038
3002561,5.934233
3002562,387.243866
3002563,310.737549
3002564,7.226065
3002565,13.363251
3002566,437.234650
3002567,75.674294
3002568,3547.032959
3002569,8.223876
3002570,32.538074
3002571,4.147398
3002572,0.000000
3002573,6.720866
3002574,3987.319336
3002575,0.000000
3002576,603.303772
3002577,14.775187
3002578,1042.106201
3002579,1340.148315
3002580,195.403351
3002581,283.891968
3002582,199.506424
3002583,4055.447266
3002584,35.328705
3002585,2.778337
3002586,30.680832
3002587,35.691223
3002588,0.726531
3002589,269.027710
3002590,13.387522
3002591,42.538788
3002592,10.395069
3002593,146.974014
3002594,16.349455
3002595,455.533905
3002596,273.331421
3002597,5.435781
3002598,13.718443
3002599,599.731323
3002600,136.581696
3002601,6914.794434
3002602,8.702047
3002603,48.004551
3002604,3.757922
3002605,0.000000
3002606,9.813966
3002607,4313.330566
3002608,0.000000
3002609,750.578674
3002610,18.340353
3002611,1209.071777
3002612,1325.929688
3002613,247.342056
3002614,278.602875
3002615,158.283905
3002616,4547.324707
3002617,31.779821
3002618,2.857297
3002619,35.134155
3002620,51.275436
3002621,0.000000
3002622,309.023743
3002623,26.054377
3002624,46.073689
3002625,20.536402
3002626,144.555450
3002627,16.658033
3002628,356.613708
3002629,277.485901
3002630,13.338077
3002631,16.629599
3002632,461.657898
3002633,140.447113
3002634,6511.291992
3002635,27.487593
3002636,29.606625
3002637,10.368180
3002638,0.169060
3002639,8.003530
3002640,2842.835449
3002641,0.000000
3002642,412.126099
3002643,12.548010
3002644,1269.436523
3002645,742.832397
3002646,457.857086
3002647,165.236923
3002648,97.684891
3002649,5918.562988
3002650,7.588217
3002651,1.093417
3002652,51.156143
3002653,38.858570
3002654,0.000000
3002655,339.117523
3002656,6.888119
3002657,25.444988
3002658,10.363131
3002659,45.088768
3002660,4.655769
3002661,301.667450
3002662,370.537415
3002663,0.000000
3002664,6.143857
3002665,339.717407
3002666,82.790497
3002667,1523.009277
3002668,117.006424
3002669,14.656919
3002670,3.671823
3002671,0.000000
3002672,4.011492
3002673,1966.449219
3002674,0.000000
3002675,321.449585
3002676,14.788780
3002677,577.840088
3002678,588.984558
3002679,126.968735
3002680,123.133621
3002681,129.038467
3002682,2349.974365
3002683,20.895882
3002684,1.309267
3002685,20.501486
3002686,25.998766
3002687,0.000000
3002688,159.181946
3002689,12.741454
3002690,17.808186
3002691,6.521419
3002692,104.998909
3002693,5.822083
3002694,238.065491
3002695,157.508255
3002696,3.915865
3002697,8.585588
3002698,275.558380
3002699,70.509758
3002700,2221.497803
3002701,0.701878
3002702,22.479765
3002703,1.442718
3002704,0.000000
3002705,2.995208
3002706,1288.506470
3002707,0.000000
3002708,76.614090
3002709,2.782920
3002710,711.461548
3002711,236.679672
3002712,197.229858
3002713,23.271063
3002714,29.476522
3002715,2326.037354
3002716,3.039683
3002717,0.003194
3002718,8.079229
3002719,7.229523
3002720,0.000000
3002721,143.599976
3002722,3.670426
3002723,1.330362
3002724,1.801179
3002725,11.248216
3002726,0.175701
3002727,241.934555
3002728,145.467361
3002729,0.439145
3002730,3.060770
3002731,120.919922
3002732,27.621071
3002733,210.831284
3002734,47.647949
3002735,2.138084
3002736,5.736360
3002737,0.000000
3002738,4.360905
3002739,3859.730225
3002740,0.000000
3002741,628.062195
3002742,11.832690
3002743,1489.112305
3002744,498.005127
3002745,397.711884
3002746,173.639633
3002747,73.587654
3002748,6130.477051
3002749,20.828432
3002750,0.480222
3002751,21.872709
3002752,16.389172
3002753,0.000000
3002754,387.484192
3002755,8.011355
3002756,2.898854
3002757,7.484285
3002758,30.599649
3002759,1.770179
3002760,806.600342
3002761,329.857483
3002762,2.143939
3002763,12.809993
3002764,349.177551
3002765,100.745300
3002766,1191.965332
3002767,21.889818
3002768,4.645885
3002769,5.119977
3002770,0.000000
3002771,1.093145
3002772,1403.709839
3002773,0.000000
3002774,149.249313
3002775,10.260083
3002776,740.018799
3002777,352.309296
3002778,170.402115
3002779,60.525326
3002780,34.339386
3002781,2560.493408
3002782,5.086609
3002783,0.000000
3002784,12.087368
3002785,19.439442
3002786,0.000000
3002787,131.872894
3002788,7.983844
3002789,1.372458
3002790,6.078645
3002791,29.984818
3002792,1.763816
3002793,197.945175
3002794,144.599655
3002795,1.305062
3002796,7.033279
3002797,144.473846
3002798,33.779243
3002799,362.697418
3002800,5.987483
3002801,2.896032
3002802,3.654366
3002803,0.000000
3002804,2.282452
3002805,1281.574707
3002806,0.000000
3002807,103.856659
3002808,5.983171
3002809,576.724792
3002810,204.212692
3002811,103.316963
3002812,30.783571
3002813,25.511271
3002814,2327.029785
3002815,7.513900
3002816,0.000000
3002817,11.857185
3002818,7.444861
3002819,0.000000
3002820,117.392334
3002821,1.475931
3002822,1.450066
3002823,1.818715
3002824,25.039093
3002825,0.906102
3002826,167.579758
3002827,148.419052
3002828,0.226192
3002829,3.220506
3002830,79.631035
3002831,19.019278
3002832,176.801270
3002833,8.013320
3002834,1.325667
3002835,3.454414
3002836,0.000000
3002837,2.041416
3002838,1361.468750
3002839,0.000000
3002840,153.025742
3002841,8.092209
3002842,807.766602
3002843,343.776489
3002844,237.989044
3002845,26.861919
3002846,36.599888
3002847,2498.683350
3002848,5.220370
3002849,0.000000
3002850,10.187907
3002851,18.974424
3002852,0.000000
3002853,173.075867
3002854,1.843586
3002855,1.619227
3002856,4.415262
3002857,15.876878
3002858,3.406597
3002859,308.878998
3002860,202.379715
3002861,1.151555
3002862,5.237978
3002863,69.346703
3002864,85.031975
3002865,367.659210
3002866,2.446079
3002867,4.759499
3002868,3.431086
3002869,1.443675
3002870,4.293878
3002871,1555.132568
3002872,0.000000
3002873,145.392700
3002874,4.120360
3002875,813.643188
3002876,305.341675
3002877,233.331863
3002878,96.752693
3002879,71.764641
3002880,2617.648682
3002881,5.907726
3002882,1.659435
3002883,11.003294
3002884,16.919258
3002885,0.000000
3002886,179.995087
3002887,7.053938
3002888,1.699117
3002889,4.423861
3002890,19.706617
3002891,2.493191
3002892,160.380920
3002893,161.570740
3002894,0.362103
3002895,4.677782
3002896,112.055588
3002897,49.592697
3002898,591.813965
3002899,15.367528
3002900,5.104138
3002901,3.806716
3002902,0.013057
3002903,0.522058
3002904,997.811218
3002905,0.000000
3002906,106.023285
3002907,4.440594
3002908,692.689392
3002909,182.286469
3002910,122.007210
3002911,120.147026
3002912,24.967756
3002913,1674.772949
3002914,2.661466
3002915,0.000000
3002916,11.431180
3002917,12.861888
3002918,0.000000
3002919,121.842651
3002920,0.000000
3002921,1.610676
3002922,2.922481
3002923,20.481337
3002924,2.098430
3002925,54.283688
3002926,98.894814
3002927,0.628832
3002928,2.654960
3002929,59.114365
3002930,31.185854
3002931,368.783722
3002932,1.302799
3002933,1.819401
3002934,5.854784
3002935,0.076738
3002936,2.857388
3002937,2512.312744
3002938,0.000000
3002939,238.451797
3002940,6.000583
3002941,788.526428
3002942,583.277832
3002943,391.434387
3002944,147.924164
3002945,69.598572
3002946,3563.131592
3002947,12.099987
3002948,1.354318
3002949,20.089783
3002950,21.648020
3002951,0.000000
3002952,195.222427
3002953,0.000000
3002954,1.435279
3002955,6.648350
3002956,27.980425
3002957,4.150169
3002958,288.938049
3002959,193.065445
3002960,1.333905
3002961,6.795176
3002962,264.992401
3002963,56.083561
3002964,937.262939
3002965,50.012947
3002966,9.326224
3002967,2.701168
3002968,0.020732
3002969,3.619420
3002970,1653.038574
3002971,0.000000
3002972,444.130493
3002973,7.984605
3002974,439.718628
3002975,448.132080
3002976,151.151474
3002977,122.056015
3002978,35.202942
3002979,2195.024902
3002980,9.200045
3002981,0.820455
3002982,15.479670
3002983,17.219854
3002984,0.000000
3002985,148.716766
3002986,6.760812
3002987,3.718077
3002988,6.306125
3002989,51.988209
3002990,2.115843
3002991,174.623169
3002992,118.343910
3002993,3.177245
3002994,5.788923
3002995,127.919960
3002996,53.081364
3002997,1060.125488
3002998,46.748341
3002999,8.423643
3003000,5.294651
3003001,0.000000
3003002,3.400511
3003003,1954.171997
3003004,0.000000
3003005,125.074448
3003006,5.396594
3003007,689.060608
3003008,246.533066
3003009,206.892914
3003010,54.025543
3003011,36.256210
3003012,2771.452393
3003013,11.517327
3003014,1.116869
3003015,11.533788
3003016,10.579921
3003017,0.000000
3003018,142.629272
3003019,6.478023
3003020,1.610676
3003021,3.542604
3003022,28.440140
3003023,3.308064
3003024,143.978775
3003025,150.132095
3003026,1.382464
3003027,5.088003
3003028,192.909500
3003029,24.790579
3003030,415.924438
3003031,19.662567
3003032,4.603918
3003033,5.301279
3003034,0.000000
3003035,7.389996
3003036,2397.576172
3003037,0.000000
3003038,562.658936
3003039,9.604525
3003040,648.032227
3003041,593.350952
3003042,167.307098
3003043,120.020905
3003044,74.965164
3003045,2935.603027
3003046,25.949554
3003047,0.913495
3003048,18.282619
3003049,23.539280
3003050,0.000000
3003051,191.628311
3003052,18.358480
3003053,15.535336
3003054,4.099090
3003055,85.205231
3003056,8.165207
3003057,383.064117
3003058,189.612686
3003059,7.622244
3003060,5.674996
3003061,353.153809
3003062,99.342003
3003063,1838.483154
3003064,0.000000
3003065,24.893620
3003066,6.771588
3003067,0.000000
3003068,4.368335
3003069,3365.661377
3003070,0.000000
3003071,391.219055
3003072,5.464882
3003073,1063.845947
3003074,562.202637
3003075,448.512634
3003076,73.261566
3003077,57.532845
3003078,4695.094238
3003079,10.078504
3003080,0.195520
3003081,15.798029
3003082,12.424745
3003083,0.000000
3003084,256.593872
3003085,1.383554
3003086,6.885991
3003087,5.715310
3003088,44.360428
3003089,1.981520
3003090,670.000854
3003091,261.841400
3003092,3.148403
3003093,5.208604
3003094,207.191666
3003095,51.554970
3003096,696.221985
3003097,57.793133
3003098,9.040039
3003099,8.254883
3003100,0.211112
3003101,3.314637
3003102,2218.987793
3003103,0.000000
3003104,306.847961
3003105,5.037532
3003106,1125.239990
3003107,456.983307
3003108,212.801682
3003109,171.980942
3003110,72.182785
3003111,3096.988281
3003112,9.958130
3003113,0.372950
3003114,25.510832
3003115,22.761541
3003116,0.000000
3003117,224.414001
3003118,3.111831
3003119,3.759380
3003120,7.846429
3003121,74.474297
3003122,2.304420
3003123,113.722443
3003124,178.651169
3003125,2.714881
3003126,5.719385
3003127,126.210182
3003128,128.384277
3003129,856.170288
3003130,0.000000
3003131,4.018689
3003132,3.900333
3003133,0.000000
3003134,2.272957
3003135,1724.536865
3003136,0.000000
3003137,98.744644
3003138,6.055461
3003139,653.140259
3003140,268.063446
3003141,127.515251
3003142,37.770317
3003143,51.071880
3003144,2568.626465
3003145,8.401657
3003146,0.615622
3003147,23.163427
3003148,18.715683
3003149,0.000000
3003150,145.539917
3003151,1.401480
3003152,1.331635
3003153,4.627543
3003154,65.183205
3003155,3.428314
3003156,136.881378
3003157,127.098465
3003158,1.201937
3003159,5.244409
3003160,127.124542
3003161,29.899002
3003162,361.747253
3003163,19.000244
3003164,2.376512
3003165,1.882613
3003166,0.000000
3003167,2.630064
3003168,1263.193359
3003169,0.000000
3003170,244.068649
3003171,6.595241
3003172,459.892883
3003173,414.713287
3003174,108.837128
3003175,47.107277
3003176,61.739986
3003177,1815.096802
3003178,24.377287
3003179,0.032212
3003180,10.000352
3003181,10.640485
3003182,0.012622
3003183,118.959457
3003184,11.007599
3003185,2.352406
3003186,4.937693
3003187,53.286766
3003188,4.393816
3003189,694.179932
3003190,123.339211
3003191,3.246027
3003192,5.229414
3003193,320.794830
3003194,28.001448
3003195,990.356445
3003196,0.000000
3003197,6.906084
3003198,2.866078
3003199,0.000000
3003200,4.015161
3003201,2862.477539
3003202,0.000000
3003203,636.702332
3003204,16.042595
3003205,974.859131
3003206,1071.603516
3003207,221.187943
3003208,178.121033
3003209,152.034698
3003210,3449.402100
3003211,31.402081
3003212,1.003913
3003213,18.289368
3003214,26.878830
3003215,0.000000
3003216,231.151382
3003217,9.027700
3003218,29.307238
3003219,9.218927
3003220,75.148132
3003221,12.332269
3003222,347.105377
3003223,230.767441
3003224,14.610356
3003225,8.986160
3003226,455.662506
3003227,99.362701
3003228,2987.719971
3003229,1.491799
3003230,19.345184
3003231,3.130050
3003232,0.000000
3003233,2.888062
3003234,1921.858276
3003235,0.000000
3003236,350.950378
3003237,6.548676
3003238,389.962158
3003239,443.322815
3003240,119.926903
3003241,100.073120
3003242,77.152168
3003243,1707.564941
3003244,18.953663
3003245,0.526017
3003246,18.811378
3003247,13.173986
3003248,0.000000
3003249,96.877449
3003250,0.000000
3003251,26.143707
3003252,5.182820
3003253,178.608856
3003254,10.106774
3003255,177.110870
3003256,105.187294
3003257,4.360910
3003258,6.697585
3003259,162.686569
3003260,38.060043
3003261,1342.516113
3003262,4.315099
3003263,4.710670
3003264,2.750211
3003265,0.000000
3003266,0.000000
3003267,589.707275
3003268,0.000000
3003269,166.845123
3003270,4.519032
3003271,256.031616
3003272,162.443710
3003273,42.805897
3003274,22.835079
3003275,30.134247
3003276,1060.095825
3003277,5.595393
3003278,0.000000
3003279,8.932482
3003280,5.526873
3003281,0.000000
3003282,55.943027
3003283,0.000000
3003284,6.870360
3003285,0.802391
3003286,23.934410
3003287,0.000000
3003288,194.423584
3003289,88.310760
3003290,1.753294
3003291,0.944592
3003292,95.806557
3003293,15.080723
3003294,353.078400
3003295,2.363290
3003296,1.774226
3003297,5.813493
3003298,0.000000
3003299,3.194661
3003300,2153.183350
3003301,0.000000
3003302,507.968170
3003303,14.837137
3003304,595.413635
3003305,705.357239
3003306,214.077255
3003307,175.506943
3003308,99.997307
3003309,2786.266602
3003310,21.311068
3003311,2.389002
3003312,16.971392
3003313,24.793392
3003314,0.000000
3003315,166.255768
3003316,5.242056
3003317,30.321127
3003318,8.722872
3003319,109.268425
3003320,4.868260
3003321,214.339935
3003322,165.327530
3003323,8.570778
3003324,7.193679
3003325,303.920532
3003326,56.639637
3003327,2052.885010
3003328,3.025294
3003329,11.520008
3003330,4.310258
3003331,0.000000
3003332,2.796587
3003333,2461.179443
3003334,0.000000
3003335,445.953827
3003336,9.830001
3003337,843.415649
3003338,583.562805
3003339,269.454071
3003340,168.054337
3003341,54.786972
3003342,3562.472656
3003343,13.786955
3003344,0.435484
3003345,27.554958
3003346,15.613005
3003347,0.530470
3003348,213.960388
3003349,0.000000
3003350,6.161697
3003351,4.234900
3003352,48.231487
3003353,1.027999
3003354,260.393738
3003355,200.821777
3003356,3.488391
3003357,4.059696
3003358,159.657806
3003359,59.642471
3003360,1061.596313
3003361,3.513367
3003362,3.385237
3003363,4.711064
3003364,0.014993
3003365,3.312616
3003366,2494.276367
3003367,0.000000
3003368,516.348389
3003369,5.965899
3003370,727.618164
3003371,512.023865
3003372,202.140137
3003373,149.220993
3003374,54.175793
3003375,3322.626953
3003376,13.429345
3003377,1.000373
3003378,23.399324
3003379,15.934712
3003380,0.000000
3003381,181.510468
3003382,0.000000
3003383,4.409709
3003384,4.837942
3003385,98.325058
3003386,1.300304
3003387,137.791107
3003388,166.441452
3003389,3.546663
3003390,4.454840
3003391,152.852325
3003392,54.308662
3003393,833.434265
3003394,3.416593
3003395,4.877302
3003396,8.021744
3003397,0.374435
3003398,13.206114
3003399,6593.950684
3003400,0.000000
3003401,971.667908
3003402,32.775158
3003403,1388.645142
3003404,1551.518677
3003405,267.003082
3003406,359.884186
3003407,270.909729
3003408,6280.295410
3003409,60.023499
3003410,2.542925
3003411,50.365170
3003412,39.104599
3003413,0.000000
3003414,379.742645
3003415,27.309685
3003416,37.598751
3003417,23.541325
3003418,210.022354
3003419,23.427563
3003420,566.693176
3003421,394.538208
3003422,15.371559
3003423,20.655001
3003424,851.776245
3003425,221.994934
3003426,6157.270508
3003427,3.812545
3003428,70.742561
3003429,3.200491
3003430,0.005902
3003431,0.607536
3003432,1348.378418
3003433,0.000000
3003434,153.236893
3003435,3.860831
3003436,500.961670
3003437,214.777573
3003438,100.649574
3003439,97.477798
3003440,47.507393
3003441,2351.438232
3003442,4.464888
3003443,0.003864
3003444,12.412309
3003445,7.660001
3003446,0.000000
3003447,145.278534
3003448,0.584670
3003449,1.196934
3003450,2.719515
3003451,33.895454
3003452,0.550037
3003453,153.180923
3003454,97.735207
3003455,1.632444
3003456,3.721172
3003457,99.849480
3003458,23.459848
3003459,522.855530
3003460,0.000000
3003461,3.582211
3003462,6.784726
3003463,0.000000
3003464,1.649854
3003465,2618.513916
3003466,0.000000
3003467,446.848663
3003468,9.353150
3003469,1125.070679
3003470,512.347046
3003471,178.939529
3003472,195.138245
3003473,79.534416
3003474,3789.967773
3003475,9.649286
3003476,0.095546
3003477,17.730455
3003478,17.124533
3003479,0.000000
3003480,218.825119
3003481,0.919197
3003482,6.237339
3003483,9.440130
3003484,17.923666
3003485,1.073737
3003486,611.111755
3003487,188.653549
3003488,3.112900
3003489,4.724689
3003490,128.083618
3003491,52.840740
3003492,979.809387
3003493,2.736046
3003494,4.478496
3003495,1.838392
3003496,0.000000
3003497,1.842862
3003498,825.114990
3003499,0.000000
3003500,123.354202
3003501,3.203856
3003502,473.924713
3003503,122.701157
3003504,76.318802
3003505,194.249573
3003506,16.143904
3003507,1574.157104
3003508,1.495617
3003509,0.000000
3003510,6.777462
3003511,5.049469
3003512,0.000000
3003513,72.726280
3003514,0.000000
3003515,1.188383
3003516,1.908178
3003517,22.765476
3003518,0.000000
3003519,111.965096
3003520,62.508205
3003521,11.019682
3003522,1.369391
3003523,44.369999
3003524,10.336308
3003525,172.376999
3003526,1.652057
3003527,1.422620
3003528,5.300314
3003529,0.000000
3003530,2.613778
3003531,1469.844971
3003532,0.000000
3003533,173.552399
3003534,5.433589
3003535,760.390320
3003536,313.967896
3003537,154.082993
3003538,129.667603
3003539,53.574360
3003540,2418.219971
3003541,2.514058
3003542,0.212626
3003543,26.707180
3003544,14.492863
3003545,0.000000
3003546,156.456299
3003547,0.000000
3003548,1.372331
3003549,10.023631
3003550,28.521975
3003551,1.862856
3003552,333.026489
3003553,161.206253
3003554,1.898053
3003555,3.089760
3003556,199.208954
3003557,23.173077
3003558,982.646179
3003559,1.399599
3003560,1.026987
3003561,3.095653
3003562,0.044046
3003563,2.899959
3003564,2234.686035
3003565,0.000000
3003566,637.551208
3003567,8.732458
3003568,703.255676
3003569,565.808777
3003570,201.180466
3003571,86.688881
3003572,74.155861
3003573,3575.352051
3003574,7.294561
3003575,3.185357
3003576,24.455868
3003577,31.017460
3003578,0.000000
3003579,169.971939
3003580,1.940388
3003581,7.572061
3003582,4.140270
3003583,28.383791
3003584,2.826421
3003585,217.820740
3003586,239.101074
3003587,3.599929
3003588,6.336274
3003589,130.048203
3003590,32.602543
3003591,603.413391
3003592,6.288890
3003593,2.973273
3003594,3.631733
3003595,0.000000
3003596,1.039947
3003597,1256.194214
3003598,0.000000
3003599,78.840332
3003600,1.956279
3003601,363.035980
3003602,148.133881
3003603,76.832001
3003604,88.555885
3003605,36.756500
3003606,1581.794067
3003607,3.022649
3003608,0.000000
3003609,8.055615
3003610,4.623073
3003611,0.000000
3003612,78.110687
3003613,0.000000
3003614,1.188383
3003615,0.746101
3003616,30.113798
3003617,0.332431
3003618,291.159363
3003619,60.291389
3003620,0.706222
3003621,0.676545
3003622,59.212605
3003623,16.710461
3003624,358.601959
3003625,0.617878
3003626,0.372772
3003627,4.416301
3003628,0.000000
3003629,2.352449
3003630,3048.534668
3003631,0.000000
3003632,422.308685
3003633,9.753361
3003634,685.868286
3003635,519.845764
3003636,165.072449
3003637,131.877655
3003638,64.601852
3003639,3299.597412
3003640,8.249671
3003641,0.027163
3003642,21.488741
3003643,8.597723
3003644,0.000000
3003645,165.043579
3003646,0.000000
3003647,25.542204
3003648,4.241181
3003649,43.636307
3003650,2.338626
3003651,370.347809
3003652,168.691498
3003653,3.617847
3003654,3.023589
3003655,114.342056
3003656,45.239773
3003657,1154.821167
3003658,3.818058
3003659,1.712412
3003660,3.219592
3003661,0.000000
3003662,8.539454
3003663,2475.202148
3003664,0.000000
3003665,469.376526
3003666,6.388279
3003667,828.426086
3003668,703.563660
3003669,140.068893
3003670,118.236053
3003671,119.696678
3003672,3216.090576
3003673,47.329659
3003674,1.297396
3003675,29.164827
3003676,23.619543
3003677,0.000000
3003678,193.168655
3003679,19.154646
3003680,23.818542
3003681,1.996215
3003682,113.728394
3003683,9.754820
3003684,197.721039
3003685,222.132935
3003686,11.092588
3003687,12.603158
3003688,224.969254
3003689,75.074463
3003690,2290.346924
3003691,1.168227
3003692,10.996237
3003693,4.658116
3003694,0.000000
3003695,7.658088
3003696,2127.181152
3003697,0.000000
3003698,358.055115
3003699,11.470379
3003700,739.463745
3003701,584.829407
3003702,122.277672
3003703,71.947708
3003704,95.999603
3003705,2977.445068
3003706,21.654451
3003707,0.900335
3003708,31.090471
3003709,22.895447
3003710,0.000000
3003711,231.956696
3003712,16.233841
3003713,17.491468
3003714,8.849302
3003715,81.611244
3003716,10.687975
3003717,145.410675
3003718,302.061707
3003719,6.807744
3003720,8.634545
3003721,100.470245
3003722,74.798965
3003723,1830.028198
3003724,9.311045
3003725,14.707567
3003726,7.076027
3003727,0.000000
3003728,3.469392
3003729,3147.499756
3003730,0.000000
3003731,630.202209
3003732,5.762408
3003733,1320.776489
3003734,513.862854
3003735,157.935715
3003736,259.108154
3003737,54.176620
3003738,5019.336426
3003739,25.936655
3003740,1.384316
3003741,22.923965
3003742,13.769707
3003743,0.000000
3003744,259.568451
3003745,4.460544
3003746,14.207071
3003747,4.931530
3003748,54.902130
3003749,5.580130
3003750,205.411057
3003751,260.436768
3003752,5.598990
3003753,7.621853
3003754,192.114975
3003755,44.296654
3003756,1288.459351
3003757,15.810510
3003758,11.820378
3003759,3.228347
3003760,0.000000
3003761,5.362801
3003762,1814.212158
3003763,0.000000
3003764,264.306458
3003765,6.782362
3003766,575.333740
3003767,518.629517
3003768,156.107269
3003769,98.942085
3003770,62.980305
3003771,2539.775635
3003772,16.524027
3003773,0.943973
3003774,11.270640
3003775,8.073351
3003776,0.000000
3003777,146.032791
3003778,15.297331
3003779,17.094013
3003780,2.048002
3003781,75.513596
3003782,6.831301
3003783,264.462524
3003784,181.947906
3003785,5.395522
3003786,6.440441
3003787,234.589722
3003788,37.599545
3003789,1634.818237
3003790,0.483917
3003791,17.321419
3003792,3.663659
3003793,0.000000
3003794,2.985076
3003795,4293.656738
3003796,0.000000
3003797,356.200378
3003798,8.153090
3003799,1235.852173
3003800,539.221069
3003801,207.238800
3003802,125.768883
3003803,51.683830
3003804,4742.335449
3003805,8.048556
3003806,2.034497
3003807,23.484980
3003808,19.783945
3003809,0.000000
3003810,303.497742
3003811,0.000000
3003812,0.844288
3003813,9.127542
3003814,26.192200
3003815,2.276480
3003816,147.690262
3003817,235.660736
3003818,2.961358
3003819,8.985556
3003820,137.333817
3003821,37.941483
3003822,927.371033
3003823,0.658999
3003824,4.961417
3003825,5.037751
3003826,0.000000
3003827,7.542100
3003828,1665.155273
3003829,0.000000
3003830,357.065674
3003831,10.193790
3003832,844.671997
3003833,554.042664
3003834,165.593918
3003835,97.172264
3003836,118.331192
3003837,2913.413818
3003838,23.371452
3003839,0.918789
3003840,20.477900
3003841,21.490263
3003842,0.000000
3003843,165.699844
3003844,12.197634
3003845,14.224890
3003846,7.187356
3003847,79.355469
3003848,9.408322
3003849,162.947311
3003850,236.589600
3003851,12.161071
3003852,7.337123
3003853,146.148163
3003854,50.741806
3003855,1665.145386
3003856,2.327416
3003857,5.636726
3003858,3.249806
3003859,0.000000
3003860,4.418521
3003861,1756.297363
3003862,0.000000
3003863,351.145905
3003864,7.978214
3003865,575.198364
3003866,680.084290
3003867,146.201447
3003868,100.030510
3003869,95.119583
3003870,2535.395996
3003871,22.297817
3003872,0.920322
3003873,18.441097
3003874,19.697966
3003875,0.000000
3003876,153.542252
3003877,10.051989
3003878,35.586777
3003879,5.389475
3003880,73.261993
3003881,8.569323
3003882,217.576721
3003883,146.569733
3003884,7.625114
3003885,7.132845
3003886,183.982895
3003887,51.460690
3003888,1981.918213
3003889,1.330948
3003890,11.301917
3003891,6.781724
3003892,0.000000
3003893,5.042845
3003894,4310.568848
3003895,0.000000
3003896,446.476318
3003897,13.535977
3003898,1046.357666
3003899,517.898560
3003900,215.332489
3003901,144.031921
3003902,57.091301
3003903,3967.934570
3003904,11.859287
3003905,0.000000
3003906,14.518663
3003907,18.529587
3003908,0.000000
3003909,200.513840
3003910,0.000000
3003911,10.254467
3003912,2.124900
3003913,81.861488
3003914,1.311145
3003915,259.394836
3003916,235.153198
3003917,3.177581
3003918,1.501295
3003919,211.354202
3003920,109.463341
3003921,985.510498
3003922,4.697579
3003923,0.626713
3003924,13.170296
3003925,0.000000
3003926,11.189024
3003927,7337.212891
3003928,0.000000
3003929,1196.830322
3003930,26.784805
3003931,1744.460327
3003932,1856.223267
3003933,393.337311
3003934,402.274017
3003935,395.607513
3003936,7587.929199
3003937,72.514565
3003938,3.734257
3003939,98.150116
3003940,93.792572
3003941,0.000000
3003942,546.579773
3003943,22.785334
3003944,22.363853
3003945,55.200417
3003946,289.624329
3003947,19.149336
3003948,683.274963
3003949,392.722687
3003950,30.964550
3003951,30.705698
3003952,877.781799
3003953,273.454041
3003954,6793.923828
3003955,276.041016
3003956,60.367466
3003957,12.930839
3003958,0.000000
3003959,11.247551
3003960,6489.166504
3003961,0.000000
3003962,875.321106
3003963,27.596272
3003964,1830.480103
3003965,1685.573120
3003966,501.704590
3003967,260.899597
3003968,270.395630
3003969,8338.468750
3003970,97.069206
3003971,1.319626
3003972,55.510456
3003973,63.634003
3003974,1.908966
3003975,443.149750
3003976,21.828478
3003977,30.646612
3003978,7.406898
3003979,232.263962
3003980,16.813765
3003981,836.492798
3003982,560.708069
3003983,19.464115
3003984,22.166882
3003985,806.185913
3003986,210.504761
3003987,4646.892090
3003988,332.367218
3003989,56.626320
3003990,10.114621
3003991,0.000000
3003992,20.048887
3003993,4284.648926
3003994,0.000000
3003995,694.473511
3003996,14.961375
3003997,1509.869263
3003998,1049.395752
3003999,526.545837
3004000,93.925949
3004001,183.192413
3004002,6597.261719
3004003,33.819550
3004004,3.619662
3004005,33.635391
3004006,23.136293
3004007,0.120057
3004008,440.830841
3004009,20.405312
3004010,21.126627
3004011,9.412010
3004012,144.616684
3004013,11.645521
3004014,697.591492
3004015,501.609558
3004016,17.649511
3004017,32.709736
3004018,517.714905
3004019,120.945503
3004020,2074.164795
3004021,265.431580
3004022,35.341988
3004023,14.276135
3004024,0.000000
3004025,20.521286
3004026,6407.138672
3004027,0.000000
3004028,912.099487
3004029,21.000015
3004030,1549.003784
3004031,1457.428223
3004032,451.324738
3004033,235.008072
3004034,199.847351
3004035,8232.001953
3004036,47.448986
3004037,1.248178
3004038,69.931931
3004039,53.686073
3004040,0.235018
3004041,442.653961
3004042,21.990026
3004043,32.547016
3004044,25.602383
3004045,203.517746
3004046,13.664077
3004047,680.963013
3004048,564.549133
3004049,17.198286
3004050,24.207558
3004051,769.726685
3004052,193.681046
3004053,4162.943848
3004054,258.026855
3004055,53.164906
3004056,9.105493
3004057,0.000000
3004058,18.149141
3004059,3365.480469
3004060,0.000000
3004061,586.435974
3004062,10.235894
3004063,1330.079590
3004064,832.385681
3004065,440.311859
3004066,66.342316
3004067,136.209656
3004068,5929.264160
3004069,32.933651
3004070,0.000000
3004071,27.741598
3004072,20.952303
3004073,0.000000
3004074,420.134613
3004075,16.479216
3004076,9.819232
3004077,6.189405
3004078,115.606262
3004079,6.016900
3004080,588.121521
3004081,506.144592
3004082,14.432295
3004083,16.540937
3004084,519.922791
3004085,75.983208
3004086,1314.062134
3004087,299.871948
3004088,15.671087
3004089,9.582722
3004090,0.000000
3004091,10.020666
3004092,5287.618652
3004093,0.000000
3004094,964.140320
3004095,26.574829
3004096,1394.923096
3004097,1577.069336
3004098,341.019562
3004099,354.148346
3004100,269.956085
3004101,6062.802246
3004102,57.710079
3004103,1.205378
3004104,50.839130
3004105,46.326950
3004106,0.375345
3004107,343.036865
3004108,12.471508
3004109,27.895615
3004110,8.866955
3004111,232.052353
3004112,14.312667
3004113,619.911255
3004114,389.403290
3004115,15.353330
3004116,25.633486
3004117,695.400330
3004118,165.760300
3004119,5760.691895
3004120,200.857269
3004121,60.271614
3004122,5.195443
3004123,0.000000
3004124,6.819738
3004125,1559.406006
3004126,0.000000
3004127,268.389008
3004128,21.746048
3004129,687.588562
3004130,461.142059
3004131,192.188797
3004132,58.426212
3004133,74.792984
3004134,2534.755371
3004135,22.256866
3004136,0.936487
3004137,28.190887
3004138,20.905840
3004139,0.000000
3004140,157.451019
3004141,9.443050
3004142,8.919162
3004143,10.075670
3004144,58.104073
3004145,8.448510
3004146,221.509125
3004147,192.340378
3004148,2.639277
3004149,6.845023
3004150,170.968063
3004151,55.088348
3004152,1360.317749
3004153,2.561508
3004154,8.370308
3004155,8.601326
3004156,0.000000
3004157,12.658113
3004158,3555.329102
3004159,0.000000
3004160,457.671112
3004161,26.446609
3004162,1233.030396
3004163,833.532227
3004164,390.123871
3004165,75.397591
3004166,168.829361
3004167,5541.066406
3004168,56.932064
3004169,1.117460
3004170,49.814240
3004171,26.825314
3004172,0.000000
3004173,298.227020
3004174,8.414889
3004175,7.628350
3004176,4.623244
3004177,144.650833
3004178,8.495401
3004179,452.785522
3004180,392.046570
3004181,9.533979
3004182,16.803709
3004183,303.244843
3004184,77.529228
3004185,1810.398560
3004186,258.970917
3004187,13.202402
3004188,5.460689
3004189,0.000000
3004190,4.535782
3004191,3503.243896
3004192,0.000000
3004193,616.596191
3004194,9.493437
3004195,1035.357178
3004196,1137.343994
3004197,173.627777
3004198,278.753265
3004199,205.718704
3004200,3760.728027
3004201,33.851376
3004202,1.119015
3004203,22.056332
3004204,31.926504
3004205,0.000000
3004206,226.327789
3004207,2.158440
3004208,49.138855
3004209,4.258508
3004210,112.396194
3004211,9.452991
3004212,456.121490
3004213,179.380081
3004214,16.592630
3004215,10.281431
3004216,495.567169
3004217,101.438309
3004218,4378.066895
3004219,3.104058
3004220,32.885658
3004221,8.377985
3004222,0.000000
3004223,5.839473
3004224,3857.745117
3004225,0.000000
3004226,666.029785
3004227,12.136027
3004228,1398.324097
3004229,1011.990173
3004230,274.910461
3004231,171.797745
3004232,280.069946
3004233,5103.779297
3004234,29.741995
3004235,3.019516
3004236,35.724354
3004237,33.213341
3004238,0.000000
3004239,265.298309
3004240,6.502551
3004241,44.852814
3004242,9.257175
3004243,284.444275
3004244,11.838148
3004245,412.026550
3004246,269.298737
3004247,15.656892
3004248,21.653191
3004249,377.251923
3004250,104.664268
3004251,4191.490234
3004252,5.356572
3004253,7.068381
3004254,5.463877
3004255,0.000000
3004256,2.844919
3004257,1536.275635
3004258,0.000000
3004259,349.212708
3004260,7.106412
3004261,693.464905
3004262,354.592804
3004263,167.519653
3004264,55.671684
3004265,96.695648
3004266,2256.723633
3004267,10.903557
3004268,0.896029
3004269,24.279253
3004270,17.640760
3004271,0.000000
3004272,148.530670
3004273,5.886791
3004274,10.790832
3004275,5.252517
3004276,74.623535
3004277,4.488851
3004278,201.625641
3004279,167.562668
3004280,4.093713
3004281,4.410557
3004282,120.782242
3004283,49.181789
3004284,1543.265259
3004285,0.571510
3004286,3.959934
3004287,6.173184
3004288,0.000000
3004289,0.370644
3004290,2695.991455
3004291,0.000000
3004292,167.930084
3004293,4.062467
3004294,767.518372
3004295,186.007309
3004296,162.648102
3004297,57.147240
3004298,27.761503
3004299,2660.964844
3004300,13.445870
3004301,0.000000
3004302,18.808752
3004303,9.583930
3004304,0.000000
3004305,159.870636
3004306,0.000000
3004307,1.610676
3004308,4.304787
3004309,18.126684
3004310,1.756944
3004311,54.134094
3004312,145.217926
3004313,0.000000
3004314,1.563159
3004315,54.845173
3004316,66.588844
3004317,531.410522
3004318,0.971506
3004319,2.316496
3004320,5.127722
3004321,0.000000
3004322,5.561089
3004323,2412.004395
3004324,0.000000
3004325,404.437836
3004326,9.800177
3004327,873.028809
3004328,696.828552
3004329,232.019653
3004330,120.760193
3004331,98.460823
3004332,3773.809326
3004333,29.138628
3004334,0.870305
3004335,20.924402
3004336,43.455910
3004337,0.000000
3004338,220.897934
3004339,15.747434
3004340,18.124178
3004341,10.173866
3004342,75.944794
3004343,5.923275
3004344,348.414124
3004345,241.475769
3004346,7.728435
3004347,13.906044
3004348,395.501190
3004349,75.702423
3004350,1828.969849
3004351,0.662149
3004352,20.156158
3004353,4.100039
3004354,0.000000
3004355,5.510267
3004356,3286.027588
3004357,0.000000
3004358,579.533752
3004359,17.185194
3004360,858.171082
3004361,1089.693604
3004362,155.201126
3004363,242.816452
3004364,172.893066
3004365,3322.619141
3004366,34.316978
3004367,2.464908
3004368,28.790518
3004369,28.925114
3004370,0.770868
3004371,196.945465
3004372,11.978651
3004373,34.759224
3004374,8.091761
3004375,133.918671
3004376,15.047602
3004377,371.123840
3004378,201.684036
3004379,6.128738
3004380,12.960789
3004381,552.915710
3004382,109.594193
3004383,4182.489746
3004384,1.154561
3004385,34.398174
3004386,3.301466
3004387,0.000000
3004388,8.393927
3004389,3705.342285
3004390,0.000000
3004391,691.124695
3004392,19.975121
3004393,903.065796
3004394,1078.072998
3004395,208.132889
3004396,215.660141
3004397,121.882805
3004398,3917.728027
3004399,30.708534
3004400,2.767326
3004401,29.980804
3004402,33.381096
3004403,0.000000
3004404,260.909332
3004405,25.404051
3004406,31.649075
3004407,21.453964
3004408,138.507751
3004409,16.658539
3004410,355.562195
3004411,237.661911
3004412,13.760615
3004413,14.910454
3004414,403.783295
3004415,135.047775
3004416,3397.359131
3004417,4.066875
3004418,27.038828
3004419,11.369242
3004420,0.000256
3004421,7.957244
3004422,2557.708496
3004423,0.000000
3004424,394.636444
3004425,10.390062
3004426,1181.777710
3004427,583.616516
3004428,400.712891
3004429,151.723328
3004430,92.719086
3004431,5249.723633
3004432,8.619640
3004433,1.277787
3004434,38.384449
3004435,34.520916
3004436,0.000000
3004437,293.506927
3004438,7.430882
3004439,6.473893
3004440,9.571793
3004441,33.440804
3004442,4.445850
3004443,515.225708
3004444,340.188507
3004445,5.071667
3004446,6.529387
3004447,308.640625
3004448,97.629707
3004449,1111.359497
3004450,139.897568
3004451,13.157240
3004452,4.180128
3004453,0.000000
3004454,4.047948
3004455,1575.301514
3004456,0.000000
3004457,331.290985
3004458,18.734743
3004459,453.657654
3004460,468.994354
3004461,136.824631
3004462,127.547401
3004463,103.379875
3004464,1812.761719
3004465,20.735937
3004466,1.477970
3004467,26.749750
3004468,21.124708
3004469,0.000000
3004470,116.209053
3004471,11.565330
3004472,20.741020
3004473,6.695847
3004474,123.282188
3004475,6.294048
3004476,520.329163
3004477,105.013329
3004478,4.776992
3004479,9.512037
3004480,340.363617
3004481,55.099030
3004482,1638.597900
3004483,0.247643
3004484,33.172157
3004485,1.531101
3004486,0.000000
3004487,2.294879
3004488,1383.567993
3004489,0.000000
3004490,81.778694
3004491,2.727392
3004492,646.084839
3004493,230.591614
3004494,260.809937
3004495,34.481083
3004496,31.012386
3004497,2302.907227
3004498,2.797483
3004499,0.002089
3004500,7.334982
3004501,8.126704
3004502,0.000000
3004503,133.982391
3004504,4.047847
3004505,0.964718
3004506,1.695621
3004507,18.165890
3004508,0.435960
3004509,154.291199
3004510,143.112473
3004511,0.416789
3004512,3.175962
3004513,140.406113
3004514,22.733953
3004515,230.606644
3004516,52.359226
3004517,2.128708
3004518,6.172221
3004519,0.000000
3004520,3.902624
3004521,5174.863281
3004522,0.000000
3004523,657.412903
3004524,15.429149
3004525,1645.241455
3004526,509.276428
3004527,553.281921
3004528,233.503586
3004529,84.128960
3004530,6443.617188
3004531,23.640438
3004532,0.335262
3004533,23.567263
3004534,17.429367
3004535,0.000000
3004536,394.181488
3004537,7.389743
3004538,3.010163
3004539,7.611094
3004540,44.566048
3004541,1.731180
3004542,563.859558
3004543,304.930786
3004544,2.082119
3004545,12.701468
3004546,552.937439
3004547,97.961632
3004548,1427.375488
3004549,18.470657
3004550,4.391454
3004551,4.755116
3004552,0.000000
3004553,1.920928
3004554,1457.327881
3004555,0.000000
3004556,149.379898
3004557,15.552589
3004558,803.683716
3004559,350.983459
3004560,231.029724
3004561,58.044746
3004562,48.098732
3004563,2471.020996
3004564,6.568606
3004565,0.000000
3004566,12.107344
3004567,16.657253
3004568,0.000000
3004569,125.229736
3004570,7.852061
3004571,1.098193
3004572,5.088577
3004573,43.670990
3004574,1.850552
3004575,120.686310
3004576,134.131989
3004577,1.467159
3004578,6.355727
3004579,156.455017
3004580,30.331575
3004581,354.787292
3004582,17.387436
3004583,3.074657
3004584,3.791873
3004585,0.000000
3004586,2.235133
3004587,1650.528809
3004588,0.000000
3004589,101.069641
3004590,5.612067
3004591,584.226196
3004592,225.072906
3004593,154.149048
3004594,33.091919
3004595,32.357376
3004596,2568.651611
3004597,13.512804
3004598,0.000000
3004599,11.249597
3004600,8.590032
3004601,0.000000
3004602,118.642807
3004603,1.418262
3004604,1.034136
3004605,1.992570
3004606,39.246094
3004607,1.125053
3004608,146.836472
3004609,148.291809
3004610,0.150515
3004611,3.390312
3004612,84.247131
3004613,18.832245
3004614,188.772415
3004615,8.343694
3004616,1.362470
3004617,3.648029
3004618,0.000000
3004619,2.226111
3004620,1484.301392
3004621,0.000000
3004622,152.501846
3004623,10.233406
3004624,767.295410
3004625,353.060760
3004626,316.843109
3004627,31.551908
3004628,50.760109
3004629,2802.247314
3004630,7.808292
3004631,0.000000
3004632,11.228213
3004633,19.396267
3004634,0.000000
3004635,153.775299
3004636,1.636330
3004637,1.344961
3004638,3.200231
3004639,24.921883
3004640,3.657807
3004641,236.764603
3004642,240.135071
3004643,1.299734
3004644,4.843287
3004645,69.677040
3004646,80.539253
3004647,359.266876
3004648,0.000000
3004649,4.961349
3004650,3.444481
3004651,1.546122
3004652,3.357966
3004653,1542.081299
3004654,0.000000
3004655,134.774551
3004656,4.197237
3004657,673.291870
3004658,280.102417
3004659,307.891846
3004660,81.318008
3004661,74.222130
3004662,2266.837646
3004663,6.056959
3004664,0.952148
3004665,13.864445
3004666,16.604418
3004667,0.000000
3004668,185.138092
3004669,8.720319
3004670,1.424851
3004671,4.375979
3004672,32.651409
3004673,2.621079
3004674,124.301369
3004675,161.188202
3004676,0.488573
3004677,4.293494
3004678,144.617508
3004679,40.883110
3004680,535.822144
3004681,11.187325
3004682,4.676418
3004683,4.221892
3004684,0.000000
3004685,0.408847
3004686,1389.103760
3004687,0.000000
3004688,105.877357
3004689,4.356736
3004690,628.493958
3004691,192.962357
3004692,142.403946
3004693,101.268967
3004694,34.577946
3004695,1793.514526
3004696,2.601664
3004697,0.000000
3004698,13.348820
3004699,13.252128
3004700,0.000000
3004701,126.886429
3004702,0.000000
3004703,1.336411
3004704,2.261687
3004705,34.617500
3004706,2.040711
3004707,51.918274
3004708,97.703438
3004709,0.642440
3004710,2.521637
3004711,75.932388
3004712,29.398125
3004713,450.630768
3004714,0.759729
3004715,1.984337
3004716,7.621435
3004717,0.178783
3004718,2.528475
3004719,2571.812988
3004720,0.000000
3004721,272.258392
3004722,6.084795
3004723,814.291565
3004724,514.370178
3004725,585.267273
3004726,137.636642
3004727,79.260567
3004728,3718.578857
3004729,11.744458
3004730,1.324078
3004731,22.772833
3004732,18.884703
3004733,0.000000
3004734,217.894684
3004735,0.000000
3004736,1.019349
3004737,5.289172
3004738,46.257946
3004739,4.070654
3004740,200.914688
3004741,197.688995
3004742,1.355112
3004743,6.130761
3004744,283.136444
3004745,62.285778
3004746,978.982788
3004747,51.327103
3004748,10.118891
3004749,2.566638
3004750,0.020479
3004751,3.419961
3004752,1584.120361
3004753,0.000000
3004754,450.180939
3004755,9.580974
3004756,447.743835
3004757,416.098175
3004758,183.325546
3004759,121.159340
3004760,51.216114
3004761,2178.790771
3004762,8.208767
3004763,0.781677
3004764,17.422043
3004765,16.145264
3004766,0.000000
3004767,117.561508
3004768,6.337779
3004769,2.392663
3004770,4.816998
3004771,71.433754
3004772,2.129649
3004773,73.013245
3004774,122.750298
3004775,2.909637
3004776,5.452801
3004777,156.607391
3004778,52.310905
3004779,1098.731812
3004780,39.003624
3004781,8.097558
3004782,5.260960
3004783,0.000000
3004784,2.810818
3004785,2532.854980
3004786,0.000000
3004787,133.815659
3004788,5.759332
3004789,749.877441
3004790,288.148529
3004791,261.680054
3004792,54.956753
3004793,48.683220
3004794,3092.416748
3004795,16.426123
3004796,1.131700
3004797,12.505398
3004798,12.101128
3004799,0.000000
3004800,150.549988
3004801,7.002961
3004802,1.336411
3004803,3.946903
3004804,38.416656
3004805,3.505108
3004806,125.067307
3004807,186.792313
3004808,1.460139
3004809,5.096184
3004810,119.898071
3004811,19.625246
3004812,407.665436
3004813,8.636106
3004814,4.563558
3004815,5.462266
3004816,0.000000
3004817,6.675897
3004818,2635.447021
3004819,0.000000
3004820,537.197693
3004821,12.471254
3004822,736.413269
3004823,734.005981
3004824,257.542419
3004825,156.250397
3004826,102.169395
3004827,3543.147461
3004828,32.283737
3004829,0.694764
3004830,20.499926
3004831,21.916206
3004832,0.000000
3004833,219.439743
3004834,18.604904
3004835,14.150024
3004836,5.383433
3004837,126.665306
3004838,9.261360
3004839,1158.614258
3004840,233.466644
3004841,8.030938
3004842,6.466435
3004843,578.914429
3004844,103.545502
3004845,1997.031006
3004846,0.000000
3004847,38.011551
3004848,6.739935
3004849,0.000000
3004850,4.233819
3004851,3688.680908
3004852,0.000000
3004853,358.385498
3004854,7.259949
3004855,1310.363403
3004856,512.936218
3004857,938.854858
3004858,88.285187
3004859,84.062103
3004860,5963.581055
3004861,11.786802
3004862,0.208836
3004863,19.350960
3004864,12.637815
3004865,0.000000
3004866,260.723969
3004867,1.317313
3004868,6.996047
3004869,4.017331
3004870,61.062210
3004871,2.213884
3004872,258.997192
3004873,270.907013
3004874,3.116492
3004875,4.999698
3004876,445.204132
3004877,56.301872
3004878,739.850342
3004879,57.171158
3004880,10.300196
3004881,9.676861
3004882,0.232613
3004883,3.682573
3004884,2871.511475
3004885,0.000000
3004886,324.679047
3004887,4.884361
3004888,1344.537842
3004889,455.071045
3004890,265.982330
3004891,180.636047
3004892,77.541595
3004893,3530.115723
3004894,10.534284
3004895,0.158011
3004896,32.388783
3004897,24.707951
3004898,0.000000
3004899,232.965103
3004900,3.045525
3004901,3.827921
3004902,8.383597
3004903,92.853836
3004904,2.179893
3004905,102.017967
3004906,218.207123
3004907,2.352993
3004908,5.873862
3004909,156.643250
3004910,140.052765
3004911,989.830017
3004912,0.000000
3004913,3.948435
3004914,3.920127
3004915,0.000000
3004916,2.204479
3004917,1605.162231
3004918,0.000000
3004919,111.433983
3004920,6.529983
3004921,638.690186
3004922,274.568481
3004923,132.203339
3004924,47.241657
3004925,57.527672
3004926,2291.840820
3004927,6.128861
3004928,0.644101
3004929,24.441612
3004930,17.579050
3004931,0.000000
3004932,147.607864
3004933,1.480186
3004934,1.088950
3004935,5.033519
3004936,168.633652
3004937,3.856554
3004938,88.388870
3004939,128.611588
3004940,1.345683
3004941,4.367518
3004942,240.654602
3004943,34.204029
3004944,524.821350
3004945,13.642487
3004946,1.934769
3004947,1.612638
3004948,0.000000
3004949,2.531075
3004950,1264.567871
3004951,0.000000
3004952,245.452347
3004953,8.986658
3004954,457.115448
3004955,458.853149
3004956,143.703323
3004957,51.936409
3004958,82.196503
3004959,1787.922974
3004960,24.094614
3004961,0.021495
3004962,9.183627
3004963,15.138000
3004964,0.012622
3004965,122.603432
3004966,10.896196
3004967,2.002736
3004968,5.274619
3004969,77.501045
3004970,4.744505
3004971,552.552246
3004972,127.180237
3004973,3.224578
3004974,4.444072
3004975,391.810150
3004976,33.593079
3004977,1126.465332
3004978,0.000000
3004979,9.538317
3004980,2.964336
3004981,0.000000
3004982,4.563632
3004983,3329.019287
3004984,0.000000
3004985,685.854675
3004986,20.301491
3004987,943.845337
3004988,1131.052979
3004989,284.044739
3004990,250.403122
3004991,221.744385
3004992,4043.451660
3004993,32.058186
3004994,0.968078
3004995,19.447563
3004996,27.715107
3004997,0.000000
3004998,233.008621
3004999,10.131466
3005000,33.312298
3005001,10.226292
3005002,111.349442
3005003,14.362204
3005004,639.502380
3005005,239.924011
3005006,14.779641
3005007,9.156235
3005008,689.341614
3005009,114.324257
3005010,3266.567383
3005011,1.358080
3005012,38.843391
3005013,2.982233
3005014,0.000000
3005015,3.481555
3005016,2569.679932
3005017,0.000000
3005018,489.262451
3005019,8.732045
3005020,539.972778
3005021,676.749695
3005022,199.610580
3005023,148.887192
3005024,116.297188
3005025,2221.892578
3005026,23.591976
3005027,1.082450
3005028,21.384476
3005029,14.392670
3005030,0.000000
3005031,112.277229
3005032,0.000000
3005033,32.822987
3005034,5.078415
3005035,311.046783
3005036,12.962975
3005037,399.128693
3005038,108.211739
3005039,4.780761
3005040,6.685130
3005041,303.360229
3005042,53.054115
3005043,1956.312134
3005044,3.065008
3005045,8.173238
3005046,2.926057
3005047,0.000000
3005048,0.000000
3005049,673.503723
3005050,0.000000
3005051,199.819992
3005052,4.802412
3005053,279.127319
3005054,190.171265
3005055,81.551704
3005056,27.718090
3005057,32.339710
3005058,1289.243774
3005059,5.569733
3005060,0.000000
3005061,9.549886
3005062,5.803381
3005063,0.000000
3005064,61.139645
3005065,0.000000
3005066,10.297493
3005067,0.836058
3005068,29.943146
3005069,0.000000
3005070,387.330109
3005071,110.234009
3005072,1.687048
3005073,0.851722
3005074,214.158890
3005075,16.576780
3005076,441.623749
3005077,1.915357
3005078,2.891379
3005079,5.553738
3005080,0.000000
3005081,3.057093
3005082,2424.687012
3005083,0.000000
3005084,470.844666
3005085,15.959970
3005086,676.656311
3005087,748.356567
3005088,279.290039
3005089,213.775436
3005090,146.064041
3005091,3059.203857
3005092,28.186478
3005093,0.000000
3005094,21.616205
3005095,24.156345
3005096,0.000000
3005097,171.787216
3005098,5.129886
3005099,35.040470
3005100,9.400201
3005101,245.948547
3005102,4.639151
3005103,390.415741
3005104,179.793137
3005105,9.118310
3005106,8.682133
3005107,421.486664
3005108,68.854897
3005109,2103.998047
3005110,2.346241
3005111,20.757750
3005112,4.047123
3005113,0.000000
3005114,1.983096
3005115,2717.392090
3005116,0.000000
3005117,448.702545
3005118,16.004797
3005119,966.674805
3005120,583.851135
3005121,365.657410
3005122,159.876724
3005123,62.197628
3005124,3825.725586
3005125,14.572493
3005126,0.400696
3005127,27.372696
3005128,19.842653
3005129,0.442661
3005130,193.585770
3005131,0.000000
3005132,5.435528
3005133,4.371470
3005134,60.697239
3005135,1.008673
3005136,171.628021
3005137,238.746323
3005138,3.683809
3005139,3.740983
3005140,196.450302
3005141,76.055603
3005142,1022.856384
3005143,3.470680
3005144,3.311835
3005145,4.304697
3005146,0.010447
3005147,3.335396
3005148,2562.406982
3005149,0.000000
3005150,462.693756
3005151,6.805475
3005152,809.448364
3005153,508.100159
3005154,262.261780
3005155,151.636383
3005156,63.579971
3005157,3247.280762
3005158,13.570270
3005159,1.015908
3005160,25.498007
3005161,15.916489
3005162,0.000000
3005163,188.204605
3005164,0.000000
3005165,4.247526
3005166,4.562453
3005167,130.644989
3005168,1.372798
3005169,99.175140
3005170,165.310593
3005171,3.011967
3005172,5.013026
3005173,201.940689
3005174,60.660286
3005175,716.157410
3005176,2.811871
3005177,5.030141
3005178,9.454337
3005179,0.211575
3005180,13.257103
3005181,7546.223633
3005182,0.000000
3005183,1078.561646
3005184,35.043915
3005185,1684.349487
3005186,1840.847412
3005187,371.509155
3005188,483.034119
3005189,347.783966
3005190,7540.206055
3005191,75.849556
3005192,2.555179
3005193,55.975830
3005194,52.829201
3005195,0.000000
3005196,444.162781
3005197,38.955494
3005198,59.400028
3005199,20.235344
3005200,299.064575
3005201,31.717897
3005202,1281.206665
3005203,451.345276
3005204,18.292719
3005205,21.407787
3005206,1370.749756
3005207,238.574005
3005208,6837.343262
3005209,3.650857
3005210,113.993019
3005211,2.670180
3005212,0.001291
3005213,0.681625
3005214,1106.683716
3005215,0.000000
3005216,131.852386
3005217,3.924724
3005218,451.015900
3005219,210.077591
3005220,131.299194
3005221,119.347107
3005222,51.739647
3005223,1866.013916
3005224,4.432724
3005225,0.003294
3005226,12.549685
3005227,7.730786
3005228,0.000000
3005229,107.768555
3005230,0.706910
3005231,0.681728
3005232,2.870617
3005233,47.169884
3005234,0.504576
3005235,51.418823
3005236,84.382835
3005237,1.775410
3005238,3.395498
3005239,118.666672
3005240,19.714008
3005241,417.902771
3005242,1.095789
3005243,3.535396
3005244,7.142769
3005245,0.000000
3005246,1.572634
3005247,3169.700439
3005248,0.000000
3005249,500.505157
3005250,9.315262
3005251,976.930542
3005252,507.930603
3005253,277.202850
3005254,255.451828
3005255,81.051697
3005256,4158.751953
3005257,10.247494
3005258,0.095293
3005259,22.037371
3005260,20.463482
3005261,0.000000
3005262,230.101151
3005263,0.885397
3005264,4.684948
3005265,7.706246
3005266,22.780163
3005267,1.341473
3005268,352.204407
3005269,193.797226
3005270,3.398131
3005271,4.762619
3005272,146.989655
3005273,60.014763
3005274,1005.190369
3005275,2.495863
3005276,5.018861
3005277,1.561532
3005278,0.000000
3005279,2.246495
3005280,872.880310
3005281,0.000000
3005282,83.384293
3005283,3.114501
3005284,405.322113
3005285,122.454140
3005286,109.724434
3005287,165.260803
3005288,16.777243
3005289,1508.041504
3005290,1.455658
3005291,0.000063
3005292,6.765434
3005293,4.780046
3005294,0.000000
3005295,73.593643
3005296,0.000000
3005297,0.673178
3005298,1.390079
3005299,45.330116
3005300,0.002491
3005301,61.141479
3005302,60.192474
3005303,0.084541
3005304,1.336586
3005305,61.216442
3005306,9.387316
3005307,180.462814
3005308,1.179444
3005309,1.391526
3005310,5.185467
3005311,0.000000
3005312,2.026439
3005313,2018.332153
3005314,0.000000
3005315,176.998337
3005316,6.253412
3005317,756.258179
3005318,287.257904
3005319,203.287521
3005320,112.951462
3005321,68.987823
3005322,2484.736084
3005323,2.388448
3005324,0.331928
3005325,26.943157
3005326,14.259810
3005327,0.000000
3005328,160.712708
3005329,0.000000
3005330,1.098065
3005331,10.935750
3005332,36.098759
3005333,1.843197
3005334,210.271622
3005335,163.057587
3005336,1.838768
3005337,3.043797
3005338,257.817474
3005339,29.917160
3005340,1005.920471
3005341,0.982029
3005342,1.019142
3005343,3.571083
3005344,0.000000
3005345,2.973926
3005346,2466.442139
3005347,0.000000
3005348,689.440735
3005349,9.359175
3005350,833.213196
3005351,524.579895
3005352,255.083694
3005353,119.726639
3005354,80.973656
3005355,3937.836914
3005356,7.539148
3005357,3.075361
3005358,30.882305
3005359,35.776176
3005360,0.000000
3005361,194.232697
3005362,2.033066
3005363,8.143695
3005364,3.877316
3005365,44.666603
3005366,3.271147
3005367,176.984222
3005368,243.292465
3005369,3.894022
3005370,6.588601
3005371,164.722260
3005372,36.460064
3005373,607.047424
3005374,6.178738
3005375,2.496960
3005376,3.546098
3005377,0.000000
3005378,0.433299
3005379,1502.490723
3005380,0.000000
3005381,82.121643
3005382,2.776003
3005383,408.181732
3005384,127.646614
3005385,91.266762
3005386,117.254021
3005387,62.099770
3005388,1559.273071
3005389,3.642340
3005390,0.000000
3005391,7.827805
3005392,4.526575
3005393,0.000000
3005394,82.196648
3005395,0.000000
3005396,0.673178
3005397,0.265416
3005398,35.980888
3005399,0.327544
3005400,155.017807
3005401,63.619503
3005402,0.538599
3005403,0.644688
3005404,71.129356
3005405,16.780834
3005406,359.903320
3005407,0.004445
3005408,0.306433
3005409,4.693376
3005410,0.000000
3005411,1.637205
3005412,3366.214600
3005413,0.000000
3005414,460.896942
3005415,9.259084
3005416,746.526978
3005417,522.755066
3005418,235.786835
3005419,106.916809
3005420,105.652931
3005421,3464.427490
3005422,9.700897
3005423,0.056002
3005424,26.095026
3005425,9.654756
3005426,0.000000
3005427,193.758026
3005428,0.000000
3005429,30.154211
3005430,2.728950
3005431,64.977318
3005432,2.412603
3005433,208.219040
3005434,185.398132
3005435,3.759064
3005436,2.926810
3005437,140.747833
3005438,52.291828
3005439,1195.622437
3005440,2.888819
3005441,1.746596
3005442,3.335284
3005443,0.000000
3005444,8.147639
3005445,2284.485840
3005446,0.000000
3005447,436.313110
3005448,6.766197
3005449,725.889587
3005450,731.719788
3005451,156.779282
3005452,130.836319
3005453,134.383133
3005454,3136.643066
3005455,50.615128
3005456,1.415455
3005457,32.814243
3005458,22.329790
3005459,0.000000
3005460,189.062119
3005461,19.141756
3005462,27.066570
3005463,1.955533
3005464,141.784653
3005465,10.594788
3005466,281.201752
3005467,235.684296
3005468,12.130860
3005469,12.762898
3005470,298.940125
3005471,79.372726
3005472,2315.954590
3005473,0.582482
3005474,13.842182
3005475,4.622921
3005476,0.000000
3005477,6.912691
3005478,2036.458496
3005479,0.000000
3005480,371.158142
3005481,12.357406
3005482,735.736328
3005483,741.200378
3005484,152.938721
3005485,79.665016
3005486,108.953346
3005487,3216.780518
3005488,26.086960
3005489,0.708006
3005490,34.117615
3005491,26.885735
3005492,0.000000
3005493,271.440430
3005494,16.186962
3005495,15.533855
3005496,7.837311
3005497,123.679138
3005498,12.663250
3005499,211.841248
3005500,319.105835
3005501,7.491228
3005502,7.739448
3005503,166.620544
3005504,87.623169
3005505,1855.042603
3005506,8.834004
3005507,17.095211
3005508,7.999616
3005509,0.000000
3005510,3.153557
3005511,2983.347168
3005512,0.000000
3005513,599.180054
3005514,5.054608
3005515,1257.535156
3005516,540.972046
3005517,169.369263
3005518,213.205154
3005519,56.421066
3005520,4615.346191
3005521,24.977354
3005522,1.337554
3005523,20.548456
3005524,15.846773
3005525,0.000000
3005526,266.507507
3005527,4.725691
3005528,17.589804
3005529,8.121926
3005530,69.631180
3005531,5.981744
3005532,153.199387
3005533,237.314423
3005534,5.239473
3005535,10.309628
3005536,257.617889
3005537,60.099419
3005538,1444.472900
3005539,7.583485
3005540,13.889470
3005541,3.183649
3005542,0.000000
3005543,4.729636
3005544,2077.211426
3005545,0.000000
3005546,287.293457
3005547,7.828022
3005548,676.557739
3005549,629.623779
3005550,211.543732
3005551,131.554459
3005552,89.427414
3005553,3018.331787
3005554,14.822294
3005555,0.912506
3005556,15.078195
3005557,10.708478
3005558,0.000000
3005559,165.494171
3005560,15.717978
3005561,23.816444
3005562,2.029214
3005563,125.718285
3005564,7.231940
3005565,529.194153
3005566,193.165573
3005567,5.290454
3005568,7.589970
3005569,449.600189
3005570,53.831604
3005571,2021.727173
3005572,0.123240
3005573,29.987947
3005574,3.997009
3005575,0.000000
3005576,3.005091
3005577,5289.315430
3005578,0.000000
3005579,372.138458
3005580,9.220313
3005581,1387.987305
3005582,479.596008
3005583,281.595337
3005584,139.946671
3005585,60.716167
3005586,5522.501465
3005587,8.244349
3005588,1.865858
3005589,22.981691
3005590,22.126583
3005591,0.000000
3005592,276.544647
3005593,0.000000
3005594,0.425443
3005595,8.160196
3005596,35.047077
3005597,2.622376
3005598,129.778824
3005599,271.851166
3005600,3.019664
3005601,9.281631
3005602,225.358795
3005603,52.150997
3005604,878.088379
3005605,0.161923
3005606,4.894132
3005607,5.337260
3005608,0.000000
3005609,7.769833
3005610,1944.133423
3005611,0.000000
3005612,410.491882
3005613,12.126740
3005614,935.441711
3005615,569.544067
3005616,210.683960
3005617,107.391243
3005618,182.089966
3005619,3306.895996
3005620,30.709587
3005621,0.669472
3005622,18.299566
3005623,24.282055
3005624,0.000000
3005625,214.587891
3005626,13.132710
3005627,20.755888
3005628,6.689495
3005629,132.154541
3005630,9.313216
3005631,318.462189
3005632,237.601151
3005633,12.471781
3005634,8.173507
3005635,202.695038
3005636,58.928799
3005637,1830.103638
3005638,1.517260
3005639,6.211746
3005640,3.026926
3005641,0.000000
3005642,5.188969
3005643,1995.403320
3005644,0.000000
3005645,403.809662
3005646,9.227006
3005647,533.771667
3005648,727.447693
3005649,164.375992
3005650,117.921227
3005651,114.669724
3005652,2579.382080
3005653,25.525774
3005654,0.686029
3005655,18.425737
3005656,19.995861
3005657,0.000000
3005658,147.476807
3005659,10.856560
3005660,37.077129
3005661,5.255716
3005662,88.878426
3005663,9.929979
3005664,275.329498
3005665,201.127029
3005666,7.215616
3005667,7.098525
3005668,253.444748
3005669,52.239750
3005670,2125.720703
3005671,0.829629
3005672,14.743012
3005673,6.566756
3005674,0.000000
3005675,4.592290
3005676,5007.393066
3005677,0.000000
3005678,508.016876
3005679,20.309210
3005680,1135.632568
3005681,565.918640
3005682,298.576691
3005683,173.900253
3005684,80.571327
3005685,4536.150879
3005686,13.286419
3005687,0.000000
3005688,14.043444
3005689,19.563684
3005690,0.000000
3005691,197.780380
3005692,0.000000
3005693,10.711170
3005694,2.124584
3005695,89.142952
3005696,1.868098
3005697,205.514420
3005698,276.743073
3005699,3.338663
3005700,1.559626
3005701,279.895203
3005702,132.506226
3005703,1352.943848
3005704,4.106310
3005705,0.674840
3005706,14.101720
3005707,0.000000
3005708,13.909470
3005709,8903.224609
3005710,0.000000
3005711,1527.262085
3005712,26.232208
3005713,1994.463013
3005714,2368.363281
3005715,591.191895
3005716,554.862244
3005717,502.424896
3005718,9207.938477
3005719,71.898064
3005720,3.296838
3005721,106.161919
3005722,96.271271
3005723,0.000000
3005724,537.879395
3005725,23.768044
3005726,27.919994
3005727,53.499825
3005728,469.311371
3005729,24.675980
3005730,1319.846802
3005731,547.459534
3005732,34.622795
3005733,34.218407
3005734,1555.783691
3005735,275.610382
3005736,8304.315430
3005737,299.186523
3005738,112.485077
3005739,14.357265
3005740,0.000000
3005741,13.144461
3005742,8326.436523
3005743,0.000000
3005744,1197.495361
3005745,32.423664
3005746,2260.730713
3005747,2116.859375
3005748,763.540039
3005749,376.751282
3005750,348.797974
3005751,10564.298828
3005752,105.972023
3005753,1.066940
3005754,60.748905
3005755,77.892372
3005756,0.620333
3005757,522.859558
3005758,24.763912
3005759,37.312511
3005760,11.777614
3005761,346.384674
3005762,14.875934
3005763,1871.115967
3005764,622.390869
3005765,23.446867
3005766,29.848932
3005767,1638.482422
3005768,265.242004
3005769,6088.379883
3005770,427.677368
3005771,104.759575
3005772,10.645207
3005773,0.000000
3005774,20.487154
3005775,5716.079590
3005776,0.000000
3005777,744.752258
3005778,16.769444
3005779,1963.950439
3005780,1306.044800
3005781,797.905762
3005782,118.976128
3005783,238.364410
3005784,8528.098633
3005785,38.851742
3005786,3.454908
3005787,35.020222
3005788,24.381922
3005789,0.047435
3005790,492.017700
3005791,20.123156
3005792,31.724005
3005793,9.039352
3005794,189.292465
3005795,12.573603
3005796,1575.164185
3005797,608.364380
3005798,19.678858
3005799,37.731186
3005800,917.972168
3005801,147.643585
3005802,2405.719727
3005803,287.006531
3005804,57.311153
3005805,16.346588
3005806,0.000000
3005807,21.413046
3005808,8314.147461
3005809,0.000000
3005810,1089.281860
3005811,26.803423
3005812,1985.462646
3005813,1862.411377
3005814,679.259583
3005815,331.292206
3005816,262.018036
3005817,9215.696289
3005818,58.859337
3005819,0.893009
3005820,70.083130
3005821,58.836891
3005822,0.044619
3005823,508.676483
3005824,26.980059
3005825,35.112267
3005826,25.054916
3005827,305.295776
3005828,14.730940
3005829,1407.610474
3005830,632.072998
3005831,19.829224
3005832,24.756525
3005833,1333.210571
3005834,236.244675
3005835,5266.558105
3005836,335.576019
3005837,83.442596
3005838,10.280559
3005839,0.000000
3005840,17.438828
3005841,4562.483398
3005842,0.000000
3005843,674.256775
3005844,11.724475
3005845,1677.164062
3005846,969.173584
3005847,667.643250
3005848,92.190613
3005849,182.641296
3005850,7720.899414
3005851,39.932308
3005852,0.000000
3005853,33.763706
3005854,19.946934
3005855,0.000000
3005856,482.702026
3005857,19.717089
3005858,11.592698
3005859,5.065656
3005860,202.055222
3005861,6.797355
3005862,1250.308716
3005863,743.745850
3005864,14.856778
3005865,20.937292
3005866,949.199219
3005867,79.881310
3005868,1678.391235
3005869,302.432373
3005870,26.505165
3005871,11.297709
3005872,0.000000
3005873,11.474348
3005874,6420.868652
3005875,0.000000
3005876,1130.989258
3005877,30.125584
3005878,1602.006836
3005879,2031.808350
3005880,460.574158
3005881,482.919556
3005882,356.869995
3005883,7499.784180
3005884,71.820648
3005885,1.064977
3005886,52.082336
3005887,58.785080
3005888,0.000000
3005889,442.799896
3005890,12.670268
3005891,37.025486
3005892,9.569972
3005893,378.745453
3005894,18.082506
3005895,1356.418945
3005896,452.279572
3005897,17.168009
3005898,26.704069
3005899,1293.354370
3005900,226.976318
3005901,6793.044922
3005902,223.988373
3005903,116.973434
3005904,5.612175
3005905,0.000000
3005906,6.865725
3005907,1610.642212
3005908,0.000000
3005909,291.603668
3005910,25.687309
3005911,739.715942
3005912,464.417725
3005913,251.676697
3005914,87.627945
3005915,96.416611
3005916,2656.298584
3005917,25.882257
3005918,0.992254
3005919,27.556200
3005920,20.538273
3005921,0.000000
3005922,181.560211
3005923,11.018091
3005924,9.831732
3005925,10.007823
3005926,96.635597
3005927,9.724380
3005928,296.275635
3005929,197.512161
3005930,3.170331
3005931,6.337849
3005932,297.658844
3005933,57.329090
3005934,1446.915771
3005935,2.036142
3005936,11.768042
3005937,10.198016
3005938,0.000000
3005939,12.222706
3005940,4042.872803
3005941,0.000000
3005942,510.950317
3005943,31.588345
3005944,1481.266113
3005945,958.283569
3005946,482.337433
3005947,88.859436
3005948,164.868378
3005949,6054.242188
3005950,63.030804
3005951,0.956347
3005952,55.843697
3005953,30.492731
3005954,0.000000
3005955,359.906494
3005956,10.770910
3005957,8.219124
3005958,4.493411
3005959,179.440842
3005960,8.547091
3005961,755.032104
3005962,448.294922
3005963,10.855031
3005964,17.043667
3005965,454.717163
3005966,81.851738
3005967,1923.237793
3005968,302.169098
3005969,22.766920
3005970,6.777964
3005971,0.000000
3005972,4.449715
3005973,4634.979980
3005974,0.000000
3005975,759.717041
3005976,11.285387
3005977,1319.460571
3005978,1548.042358
3005979,301.116821
3005980,391.524139
3005981,293.032471
3005982,5060.714844
3005983,36.907917
3005984,1.157108
3005985,26.900227
3005986,37.506847
3005987,0.000000
3005988,292.992767
3005989,2.055595
3005990,53.545410
3005991,3.739023
3005992,237.991623
3005993,10.536676
3005994,1091.764282
3005995,249.192917
3005996,19.908640
3005997,8.633271
3005998,1246.750610
3005999,128.314804
3006000,5406.064453
3006001,3.085835
3006002,65.600166
3006003,9.043628
3006004,0.000000
3006005,9.630839
3006006,4667.912109
3006007,0.000000
3006008,863.801575
3006009,14.351237
3006010,1644.288330
3006011,1267.311768
3006012,389.715546
3006013,252.686371
3006014,460.764954
3006015,6768.539551
3006016,32.625980
3006017,2.566248
3006018,59.327892
3006019,39.432983
3006020,0.000000
3006021,332.719055
3006022,5.272569
3006023,55.570698
3006024,10.492148
3006025,395.064880
3006026,12.360173
3006027,940.742920
3006028,314.996826
3006029,18.685055
3006030,23.993826
3006031,747.206665
3006032,151.618393
3006033,5166.506348
3006034,4.823556
3006035,10.543095
3006036,8.267817
3006037,0.000000
3006038,2.988316
3006039,2094.187012
3006040,0.000000
3006041,448.118988
3006042,6.004712
3006043,789.520935
3006044,451.206177
3006045,236.789337
3006046,71.632179
3006047,140.216415
3006048,2964.793701
3006049,10.709878
3006050,0.893540
3006051,23.148909
3006052,15.387744
3006053,0.000000
3006054,173.537598
3006055,6.253126
3006056,12.429412
3006057,5.170332
3006058,117.175606
3006059,3.988490
3006060,430.702515
3006061,168.914215
3006062,4.198323
3006063,4.452240
3006064,234.960770
3006065,59.857323
3006066,1822.993896
3006067,0.000000
3006068,5.549649
3006069,6.262306
3006070,0.000000
3006071,0.306526
3006072,3220.025146
3006073,0.000000
3006074,169.988754
3006075,4.278249
3006076,827.779236
3006077,226.508987
3006078,239.662292
3006079,76.071205
3006080,27.748505
3006081,2757.968750
3006082,9.376698
3006083,0.000000
3006084,19.001331
3006085,9.236863
3006086,0.000000
3006087,165.011566
3006088,0.000000
3006089,1.336411
3006090,4.274905
3006091,29.803158
3006092,1.830406
3006093,52.752609
3006094,140.205200
3006095,0.000000
3006096,1.674388
3006097,65.115898
3006098,68.188232
3006099,511.411713
3006100,0.204848
3006101,2.226365
3006102,5.075112
3006103,0.000000
3006104,5.323812
3006105,2970.961426
3006106,0.000000
3006107,457.329041
3006108,11.438375
3006109,1004.812378
3006110,873.966431
3006111,329.619843
3006112,163.697006
3006113,144.452209
3006114,4187.104492
3006115,29.332155
3006116,0.542740
3006117,28.208439
3006118,49.741398
3006119,0.000000
3006120,243.080215
3006121,17.284601
3006122,16.630630
3006123,10.191827
3006124,121.251991
3006125,6.975508
3006126,595.795105
3006127,274.465363
3006128,7.849654
3006129,15.107987
3006130,594.826721
3006131,91.582016
3006132,2207.263428
3006133,0.145822
3006134,46.149158
3006135,4.232614
3006136,0.000000
3006137,6.504863
3006138,3483.276123
3006139,0.000000
3006140,558.678955
3006141,22.240284
3006142,753.998962
3006143,1147.048584
3006144,209.598938
3006145,302.614166
3006146,236.420120
3006147,3489.458984
3006148,35.794502
3006149,2.409058
3006150,30.953459
3006151,30.844891
3006152,0.698578
3006153,200.004776
3006154,12.811345
3006155,50.035358
3006156,7.183979
3006157,249.033005
3006158,17.270147
3006159,651.953552
3006160,202.180832
3006161,6.038443
3006162,15.841535
3006163,681.984924
3006164,137.590027
3006165,4254.269531
3006166,0.782319
3006167,57.335613
3006168,3.785809
3006169,0.000000
3006170,10.540445
3006171,4310.183594
3006172,0.000000
3006173,743.421082
3006174,25.104366
3006175,935.756104
3006176,1260.615112
3006177,286.690521
3006178,293.388092
3006179,165.956650
3006180,4547.261230
3006181,37.201591
3006182,2.827444
3006183,34.529354
3006184,35.031197
3006185,0.000000
3006186,284.225708
3006187,27.104984
3006188,34.897976
3006189,21.271965
3006190,194.781891
3006191,16.193438
3006192,687.092651
3006193,293.597137
3006194,17.013073
3006195,16.673681
3006196,851.133484
3006197,137.455505
3006198,3929.903809
3006199,3.907656
3006200,45.816074
3006201,12.392095
3006202,0.000259
3006203,7.346331
3006204,2721.957764
3006205,0.000000
3006206,402.556000
3006207,12.150761
3006208,1343.701172
3006209,673.961609
3006210,553.878174
3006211,128.289612
3006212,99.451683
3006213,5627.068359
3006214,9.703446
3006215,1.181965
3006216,52.863804
3006217,35.348709
3006218,0.000000
3006219,311.375244
3006220,7.705089
3006221,5.570416
3006222,7.171745
3006223,55.338211
3006224,4.360885
3006225,318.572693
3006226,314.905579
3006227,0.000000
3006228,6.337920
3006229,412.734894
3006230,103.118744
3006231,1248.441162
3006232,109.098312
3006233,14.138359
3006234,5.194314
3006235,0.000000
3006236,3.578327
3006237,1646.333130
3006238,0.000000
3006239,275.700409
3006240,12.216498
3006241,389.097198
3006242,516.429077
3006243,123.306206
3006244,136.722458
3006245,113.962868
3006246,1770.472656
3006247,14.016230
3006248,2.589607
3006249,18.214930
3006250,22.965584
3006251,0.000000
3006252,143.883041
3006253,13.598883
3006254,14.533199
3006255,5.949543
3006256,113.671486
3006257,7.442123
3006258,300.175110
3006259,149.289017
3006260,3.269215
3006261,10.415799
3006262,233.388824
3006263,52.764759
3006264,1976.599365
3006265,0.445694
3006266,26.275938
3006267,1.911693
3006268,0.000000
3006269,3.122813
3006270,1478.516846
3006271,0.000000
3006272,122.343277
3006273,8.408209
3006274,717.455811
3006275,294.531525
3006276,241.396225
3006277,46.058693
3006278,46.860317
3006279,2744.953857
3006280,6.557293
3006281,0.024152
3006282,12.337963
3006283,11.602704
3006284,0.000000
3006285,176.013306
3006286,6.873599
3006287,1.086866
3006288,2.107321
3006289,30.846531
3006290,0.319915
3006291,173.742294
3006292,179.229248
3006293,0.424137
3006294,5.362561
3006295,143.855377
3006296,31.656446
3006297,243.272537
3006298,87.560638
3006299,2.340311
3006300,7.527646
3006301,0.000000
3006302,5.046803
3006303,4472.396973
3006304,0.000000
3006305,563.190002
3006306,17.062962
3006307,1514.037964
3006308,501.892395
3006309,402.379425
3006310,185.327713
3006311,121.707520
3006312,6371.370117
3006313,31.094982
3006314,0.715167
3006315,33.991997
3006316,19.629183
3006317,0.000000
3006318,395.583160
3006319,10.242248
3006320,4.487035
3006321,10.112680
3006322,67.426094
3006323,2.702778
3006324,494.511169
3006325,313.941345
3006326,2.402175
3006327,17.834232
3006328,365.370636
3006329,103.412819
3006330,1166.348022
3006331,23.693819
3006332,12.420683
3006333,6.217188
3006334,0.000000
3006335,1.400613
3006336,1595.227051
3006337,0.000000
3006338,163.461227
3006339,11.239079
3006340,769.945740
3006341,395.324524
3006342,199.381149
3006343,53.746571
3006344,45.660301
3006345,2709.830566
3006346,7.885534
3006347,0.000000
3006348,20.691729
3006349,19.631659
3006350,0.000000
3006351,144.274521
3006352,11.509529
3006353,1.463022
3006354,7.134875
3006355,61.251122
3006356,2.202945
3006357,128.785751
3006358,151.598434
3006359,1.372070
3006360,7.997785
3006361,147.467743
3006362,34.469608
3006363,354.619904
3006364,7.039815
3006365,4.346981
3006366,5.494374
3006367,0.000000
3006368,4.233037
3006369,1726.580322
3006370,0.000000
3006371,125.039078
3006372,8.573401
3006373,766.512756
3006374,314.212036
3006375,190.870392
3006376,40.861271
3006377,38.677837
3006378,3075.656494
3006379,15.960802
3006380,0.000000
3006381,16.325024
3006382,11.425410
3006383,0.000000
3006384,161.774033
3006385,2.292923
3006386,1.101089
3006387,2.504286
3006388,67.059921
3006389,1.599489
3006390,160.121017
3006391,223.850861
3006392,0.501783
3006393,4.260170
3006394,129.020721
3006395,21.573750
3006396,210.312469
3006397,11.398713
3006398,2.194646
3006399,4.982916
3006400,0.000000
3006401,2.575975
3006402,1547.687866
3006403,0.000000
3006404,168.224991
3006405,11.140079
3006406,948.312805
3006407,453.819183
3006408,274.298553
3006409,38.194721
3006410,71.747993
3006411,3494.989258
3006412,7.142121
3006413,0.000000
3006414,12.094064
3006415,27.735638
3006416,0.000000
3006417,258.008301
3006418,1.684791
3006419,1.709918
3006420,3.297381
3006421,35.939606
3006422,5.166098
3006423,304.507538
3006424,279.921783
3006425,1.184295
3006426,6.230372
3006427,165.333344
3006428,89.987434
3006429,442.524719
3006430,0.000000
3006431,8.831343
3006432,3.967067
3006433,2.285309
3006434,3.700437
3006435,1452.973267
3006436,0.000000
3006437,143.219833
3006438,4.832372
3006439,776.803772
3006440,279.082489
3006441,245.189774
3006442,84.464149
3006443,81.473427
3006444,2397.872070
3006445,7.106184
3006446,1.257160
3006447,15.612475
3006448,17.740704
3006449,0.000000
3006450,196.487976
3006451,7.995767
3006452,1.847155
3006453,6.508478
3006454,34.541847
3006455,3.044782
3006456,106.533226
3006457,169.111984
3006458,1.671205
3006459,5.046118
3006460,99.178398
3006461,37.811962
3006462,494.848511
3006463,9.052562
3006464,5.213409
3006465,6.647370
3006466,0.000000
3006467,0.873932
3006468,1238.065674
3006469,0.000000
3006470,131.102600
3006471,6.956852
3006472,700.129456
3006473,246.886520
3006474,139.928085
3006475,117.619957
3006476,66.202568
3006477,2067.503418
3006478,3.487944
3006479,0.000000
3006480,19.550701
3006481,15.949461
3006482,0.000000
3006483,150.359726
3006484,0.000000
3006485,1.771047
3006486,3.637897
3006487,55.136536
3006488,2.804337
3006489,47.762619
3006490,139.490158
3006491,0.480307
3006492,3.266094
3006493,58.930534
3006494,38.946568
3006495,429.451660
3006496,0.833451
3006497,1.932820
3006498,10.115268
3006499,0.251082
3006500,3.536448
3006501,3162.105957
3006502,0.000000
3006503,280.751831
3006504,8.665520
3006505,1035.626465
3006506,567.338684
3006507,491.326935
3006508,139.600464
3006509,170.935394
3006510,4574.733398
3006511,18.896633
3006512,1.671559
3006513,27.452114
3006514,26.577009
3006515,0.000000
3006516,257.681854
3006517,0.000000
3006518,1.124794
3006519,10.397585
3006520,81.710167
3006521,6.317810
3006522,200.127914
3006523,265.409271
3006524,1.683524
3006525,9.674970
3006526,356.233948
3006527,75.588402
3006528,1086.706299
3006529,67.300468
3006530,17.356907
3006531,4.420202
3006532,0.108414
3006533,5.635841
3006534,2193.002197
3006535,0.000000
3006536,492.738434
3006537,11.155752
3006538,586.102417
3006539,533.552856
3006540,234.794754
3006541,149.819366
3006542,82.671730
3006543,2870.461426
3006544,11.936452
3006545,1.094306
3006546,25.976444
3006547,24.652311
3006548,0.000000
3006549,197.441757
3006550,11.229347
3006551,3.395869
3006552,7.222280
3006553,88.455795
3006554,2.806996
3006555,94.547318
3006556,165.929825
3006557,3.915907
3006558,9.288266
3006559,193.354431
3006560,54.731964
3006561,1430.361206
3006562,61.038589
3006563,20.445047
3006564,7.535722
3006565,0.127128
3006566,5.017122
3006567,3434.120117
3006568,0.000000
3006569,220.578247
3006570,7.527503
3006571,1050.958618
3006572,426.073547
3006573,331.126282
3006574,66.185257
3006575,54.365307
3006576,4445.295410
3006577,22.874842
3006578,1.764231
3006579,18.605793
3006580,16.599442
3006581,0.000000
3006582,268.595215
3006583,14.282087
3006584,1.768356
3006585,4.821004
3006586,60.104996
3006587,4.463777
3006588,206.765930
3006589,267.801880
3006590,1.475427
3006591,7.717134
3006592,265.267609
3006593,30.693954
3006594,490.504669
3006595,24.648630
3006596,7.840421
3006597,7.231054
3006598,0.000000
3006599,8.274750
3006600,3028.834717
3006601,0.000000
3006602,562.086609
3006603,14.630675
3006604,703.714539
3006605,702.552368
3006606,264.472809
3006607,174.472427
3006608,120.618149
3006609,3629.842041
3006610,35.137932
3006611,1.030665
3006612,23.449093
3006613,27.964516
3006614,0.000000
3006615,231.901718
3006616,28.590260
3006617,20.991154
3006618,6.734189
3006619,155.666763
3006620,12.651194
3006621,404.622833
3006622,276.327026
3006623,8.769697
3006624,7.913884
3006625,450.650604
3006626,111.886757
3006627,2083.776367
3006628,0.000000
3006629,37.329967
3006630,10.362866
3006631,0.000000
3006632,6.705314
3006633,5305.980469
3006634,0.000000
3006635,436.354675
3006636,14.428797
3006637,1617.459717
3006638,664.167603
3006639,643.532104
3006640,110.743019
3006641,144.031357
3006642,6307.047363
3006643,16.215847
3006644,0.593746
3006645,25.952080
3006646,18.236973
3006647,0.000000
3006648,350.190765
3006649,2.585631
3006650,9.585237
3006651,5.734519
3006652,81.543594
3006653,3.246932
3006654,283.169037
3006655,353.788147
3006656,4.575634
3006657,8.414229
3006658,298.483612
3006659,76.253151
3006660,1007.042786
3006661,56.207603
3006662,20.482038
3006663,14.922659
3006664,0.156836
3006665,6.501915
3006666,3103.222900
3006667,0.000000
3006668,361.995850
3006669,11.483035
3006670,1308.190186
3006671,517.654968
3006672,286.139313
3006673,235.479980
3006674,127.322479
3006675,4610.484863
3006676,14.473445
3006677,0.000000
3006678,40.006512
3006679,39.410168
3006680,0.000000
3006681,298.820099
3006682,5.937266
3006683,5.500556
3006684,11.821530
3006685,125.215240
3006686,3.564428
3006687,116.562561
3006688,259.111359
3006689,2.784930
3006690,8.369541
3006691,200.897919
3006692,143.516525
3006693,1197.957642
3006694,0.000000
3006695,9.500456
3006696,5.548501
3006697,0.000000
3006698,2.934435
3006699,1592.563843
3006700,0.000000
3006701,135.788040
3006702,10.758582
3006703,613.278870
3006704,276.756531
3006705,142.082352
3006706,54.645145
3006707,104.248222
3006708,2463.526367
3006709,9.829833
3006710,0.963002
3006711,27.050869
3006712,21.609419
3006713,0.000000
3006714,159.941727
3006715,1.785221
3006716,1.460730
3006717,5.251733
3006718,204.203049
3006719,5.049893
3006720,109.795334
3006721,142.459076
3006722,1.385763
3006723,5.689852
3006724,125.860931
3006725,32.412083
3006726,406.570068
3006727,23.029797
3006728,4.523235
3006729,1.990862
3006730,0.000000
3006731,3.889353
3006732,1374.323608
3006733,0.000000
3006734,237.545975
3006735,15.005711
3006736,443.172760
3006737,446.066650
3006738,139.302490
3006739,48.027721
3006740,83.326836
3006741,1884.532471
3006742,21.043589
3006743,0.031468
3006744,13.993079
3006745,12.282229
3006746,0.039637
3006747,133.426620
3006748,14.199754
3006749,5.842929
3006750,4.289941
3006751,103.203033
3006752,6.273273
3006753,273.527374
3006754,149.343597
3006755,3.494610
3006756,4.556597
3006757,255.680191
3006758,35.232243
3006759,955.543579
3006760,0.073469
3006761,9.189878
3006762,3.206759
3006763,0.000000
3006764,6.378669
3006765,3789.688721
3006766,0.000000
3006767,699.220093
3006768,19.109301
3006769,913.197021
3006770,1201.833130
3006771,272.887054
3006772,235.047729
3006773,199.035141
3006774,4070.259277
3006775,32.192814
3006776,1.097936
3006777,23.577553
3006778,35.129459
3006779,0.000000
3006780,263.102142
3006781,13.190636
3006782,37.206364
3006783,12.749300
3006784,142.694260
3006785,15.460076
3006786,403.085327
3006787,276.809662
3006788,18.839720
3006789,10.518881
3006790,485.146149
3006791,131.216263
3006792,3377.086914
3006793,1.619471
3006794,25.568651
3006795,2.788345
3006796,0.000000
3006797,4.032893
3006798,2839.830811
3006799,0.000000
3006800,451.814362
3006801,12.249176
3006802,550.590759
3006803,797.068970
3006804,187.109024
3006805,162.481903
3006806,219.192078
3006807,2299.345703
3006808,27.977814
3006809,1.447161
3006810,25.054930
3006811,16.707676
3006812,0.000000
3006813,139.455170
3006814,0.000000
3006815,33.608799
3006816,7.109939
3006817,511.603546
3006818,14.202069
3006819,234.442856
3006820,124.890617
3006821,4.625720
3006822,7.121355
3006823,195.066254
3006824,51.342453
3006825,1930.724487
3006826,4.085413
3006827,5.601668
3006828,4.243237
3006829,0.000000
3006830,1.301445
3006831,780.216431
3006832,0.000000
3006833,218.199219
3006834,7.405280
3006835,276.393799
3006836,237.784470
3006837,97.523354
3006838,38.090580
3006839,36.277718
3006840,1231.080811
3006841,7.816738
3006842,0.458812
3006843,12.038658
3006844,7.889563
3006845,0.000000
3006846,76.231674
3006847,0.000000
3006848,7.887638
3006849,1.387303
3006850,41.792580
3006851,0.000000
3006852,276.497864
3006853,136.353149
3006854,2.284897
3006855,2.361551
3006856,163.811462
3006857,22.572193
3006858,430.029205
3006859,0.000000
3006860,3.155449
3006861,9.657054
3006862,0.000000
3006863,4.712448
3006864,3169.003906
3006865,0.000000
3006866,502.453278
3006867,26.016375
3006868,704.594971
3006869,948.140564
3006870,278.097473
3006871,238.793152
3006872,225.682266
3006873,3742.750488
3006874,31.694750
3006875,0.000000
3006876,24.042793
3006877,35.670700
3006878,0.000000
3006879,231.171204
3006880,12.886488
3006881,54.151478
3006882,11.812175
3006883,360.831360
3006884,7.411200
3006885,273.447845
3006886,246.081970
3006887,11.523991
3006888,12.006830
3006889,354.475555
3006890,89.820580
3006891,2318.909668
3006892,2.890130
3006893,17.167612
3006894,6.825517
3006895,0.000000
3006896,3.676306
3006897,3594.734375
3006898,0.000000
3006899,538.968018
3006900,20.455359
3006901,1189.076538
3006902,831.544678
3006903,356.818085
3006904,209.279968
3006905,118.832756
3006906,5454.366211
3006907,16.737211
3006908,0.831644
3006909,36.840683
3006910,23.613508
3006911,0.856839
3006912,271.788086
3006913,0.000000
3006914,8.051739
3006915,5.698391
3006916,96.601379
3006917,1.645656
3006918,194.805923
3006919,276.164459
3006920,5.201643
3006921,5.978386
3006922,235.651978
3006923,82.102486
3006924,1464.249512
3006925,5.709380
3006926,9.738306
3006927,8.070712
3006928,0.099807
3006929,4.333709
3006930,2943.441895
3006931,0.000000
3006932,541.544189
3006933,11.128678
3006934,894.147034
3006935,612.877625
3006936,232.622726
3006937,200.599091
3006938,145.954834
3006939,4102.435547
3006940,20.161947
3006941,1.615229
3006942,27.085129
3006943,23.218758
3006944,0.000000
3006945,238.351868
3006946,0.000000
3006947,7.737417
3006948,7.704069
3006949,191.690613
3006950,2.203988
3006951,113.373169
3006952,232.003433
3006953,4.631145
3006954,7.227547
3006955,184.360138
3006956,75.934326
3006957,994.248535
3006958,4.174987
3006959,8.715890
3006960,12.996308
3006961,0.288241
3006962,18.796713
3006963,8478.177734
3006964,0.000000
3006965,1143.162720
3006966,49.728840
3006967,1598.340088
3006968,1862.483276
3006969,391.535919
3006970,484.401154
3006971,353.246582
3006972,8253.022461
3006973,69.738144
3006974,2.806599
3006975,62.877411
3006976,57.961544
3006977,0.000000
3006978,499.662964
3006979,63.107712
3006980,72.357506
3006981,21.341692
3006982,348.057770
3006983,37.430202
3006984,674.537231
3006985,500.271027
3006986,22.974455
3006987,34.669800
3006988,978.688232
3006989,263.072784
3006990,7580.280273
3006991,4.427154
3006992,74.186455
3006993,3.364325
3006994,0.002632
3006995,0.836624
3006996,1661.187012
3006997,0.000000
3006998,162.410278
3006999,4.537109
3007000,432.621277
3007001,242.031387
3007002,129.017380
3007003,137.080536
3007004,74.904236
3007005,2043.675415
3007006,6.097491
3007007,0.172645
3007008,14.056416
3007009,7.987596
3007010,0.000000
3007011,170.495377
3007012,0.750792
3007013,0.708991
3007014,3.170062
3007015,68.319969
3007016,0.905671
3007017,63.210457
3007018,102.488991
3007019,1.604092
3007020,4.702653
3007021,124.409492
3007022,21.894930
3007023,434.867676
3007024,0.000000
3007025,4.754792
3007026,9.985287
3007027,0.000000
3007028,2.428660
3007029,3230.948486
3007030,0.000000
3007031,492.245544
3007032,13.202347
3007033,1267.130371
3007034,600.185059
3007035,278.089905
3007036,232.877731
3007037,151.049179
3007038,4993.483887
3007039,13.630610
3007040,0.321824
3007041,26.306391
3007042,22.217918
3007043,0.000000
3007044,280.074738
3007045,1.511224
3007046,5.560087
3007047,10.179686
3007048,28.424627
3007049,2.169402
3007050,357.036926
3007051,250.563980
3007052,4.274238
3007053,7.626084
3007054,126.526909
3007055,78.495834
3007056,1174.241821
3007057,3.858004
3007058,7.264066
3007059,1.994853
3007060,0.000000
3007061,2.266639
3007062,1025.694580
3007063,0.000000
3007064,112.570541
3007065,4.044341
3007066,533.236938
3007067,165.058640
3007068,83.636627
3007069,117.907257
3007070,25.869148
3007071,1746.004761
3007072,2.029359
3007073,0.000000
3007074,9.852556
3007075,6.129872
3007076,0.000000
3007077,90.710030
3007078,0.000000
3007079,0.746900
3007080,1.771161
3007081,68.197105
3007082,0.014433
3007083,72.559494
3007084,88.092308
3007085,11.491378
3007086,1.490542
3007087,76.939186
3007088,13.616391
3007089,235.104706
3007090,1.472068
3007091,2.194973
3007092,9.340796
3007093,0.000000
3007094,3.194366
3007095,2442.314209
3007096,0.000000
3007097,238.520477
3007098,7.111821
3007099,883.354370
3007100,420.731018
3007101,180.470627
3007102,149.013870
3007103,120.195389
3007104,2967.939209
3007105,3.553100
3007106,0.320681
3007107,36.473969
3007108,22.965580
3007109,0.000000
3007110,255.682663
3007111,0.000000
3007112,1.497436
3007113,13.545152
3007114,61.948643
3007115,2.884507
3007116,264.737549
3007117,207.113770
3007118,1.805775
3007119,4.477716
3007120,192.504257
3007121,34.245441
3007122,1097.087646
3007123,3.511414
3007124,2.014720
3007125,3.271920
3007126,0.000000
3007127,2.906482
3007128,2512.037842
3007129,0.000000
3007130,647.731140
3007131,10.691241
3007132,778.937805
3007133,511.928925
3007134,205.981339
3007135,114.971863
3007136,71.100121
3007137,4238.876953
3007138,8.497805
3007139,2.625886
3007140,34.928871
3007141,49.140953
3007142,0.000000
3007143,198.825485
3007144,2.368660
3007145,9.721512
3007146,4.413680
3007147,62.802895
3007148,4.256555
3007149,138.508377
3007150,281.632446
3007151,4.453390
3007152,7.468515
3007153,154.852188
3007154,36.664673
3007155,564.080994
3007156,6.989631
3007157,4.519957
3007158,4.770398
3007159,0.000000
3007160,0.471970
3007161,1673.803345
3007162,0.000000
3007163,104.295334
3007164,2.995244
3007165,452.153503
3007166,188.166977
3007167,108.930305
3007168,178.081085
3007169,107.728760
3007170,1975.252930
3007171,6.436242
3007172,0.000000
3007173,9.737640
3007174,5.817028
3007175,0.000000
3007176,110.130096
3007177,0.000000
3007178,0.757459
3007179,0.542340
3007180,99.961586
3007181,0.607476
3007182,134.357758
3007183,91.380669
3007184,0.440950
3007185,0.925049
3007186,53.373360
3007187,22.855238
3007188,406.753204
3007189,0.003491
3007190,1.009778
3007191,5.069898
3007192,0.000000
3007193,2.095133
3007194,3609.814453
3007195,0.000000
3007196,443.542084
3007197,13.988368
3007198,799.681152
3007199,505.912872
3007200,206.341110
3007201,122.130714
3007202,221.073837
3007203,3602.854248
3007204,10.603024
3007205,0.022780
3007206,26.311481
3007207,11.355232
3007208,0.000000
3007209,228.795685
3007210,0.000000
3007211,33.838501
3007212,2.291109
3007213,122.444000
3007214,3.021048
3007215,213.628448
3007216,229.755463
3007217,3.561923
3007218,3.529281
3007219,129.462814
3007220,53.013535
3007221,1254.527344
3007222,3.439554
3007223,1.844460
3007224,2.840934
3007225,0.000000
3007226,10.999404
3007227,2377.512207
3007228,0.000000
3007229,401.478149
3007230,8.223684
3007231,691.366882
3007232,699.665222
3007233,128.864365
3007234,129.621399
3007235,102.711769
3007236,2933.437500
3007237,47.904507
3007238,1.633963
3007239,33.411789
3007240,26.945980
3007241,0.000000
3007242,221.590439
3007243,26.624260
3007244,22.471935
3007245,2.142032
3007246,142.265732
3007247,13.466063
3007248,193.649246
3007249,269.584930
3007250,12.542598
3007251,14.809469
3007252,268.754242
3007253,59.408630
3007254,2096.218018
3007255,0.491996
3007256,14.147553
3007257,6.005432
3007258,0.000000
3007259,11.245504
3007260,2592.442871
3007261,0.000000
3007262,452.971436
3007263,16.273403
3007264,880.453125
3007265,775.779724
3007266,166.043152
3007267,101.751907
3007268,132.151825
3007269,3879.914062
3007270,31.219149
3007271,1.036898
3007272,36.817352
3007273,31.862921
3007274,0.000000
3007275,323.195953
3007276,36.623840
3007277,22.637861
3007278,10.625134
3007279,176.999634
3007280,15.954967
3007281,162.592667
3007282,401.717926
3007283,9.640193
3007284,12.141180
3007285,159.622955
3007286,104.396507
3007287,1929.862183
3007288,33.316502
3007289,20.690685
3007290,10.785323
3007291,0.000000
3007292,5.024853
3007293,3319.141357
3007294,0.000000
3007295,626.864685
3007296,7.629179
3007297,1341.506470
3007298,506.725800
3007299,200.594055
3007300,233.318771
3007301,90.548302
3007302,4802.518555
3007303,39.436752
3007304,2.185576
3007305,31.366167
3007306,20.725439
3007307,0.000000
3007308,279.800415
3007309,9.089916
3007310,16.866158
3007311,9.477950
3007312,102.845482
3007313,8.349269
3007314,159.949738
3007315,282.262054
3007316,6.873921
3007317,11.855879
3007318,259.028168
3007319,60.636726
3007320,1371.228760
3007321,15.049681
3007322,19.149981
3007323,5.036164
3007324,0.000000
3007325,7.308718
3007326,2383.510010
3007327,0.000000
3007328,316.862305
3007329,13.017928
3007330,671.934021
3007331,696.180359
3007332,226.650452
3007333,148.605789
3007334,115.992325
3007335,3239.434326
3007336,18.400270
3007337,1.279096
3007338,17.369562
3007339,14.841211
3007340,0.000000
3007341,221.259125
3007342,24.884342
3007343,23.578865
3007344,2.970125
3007345,155.161148
3007346,9.827608
3007347,340.021057
3007348,239.940491
3007349,7.540154
3007350,9.857874
3007351,386.218323
3007352,61.542171
3007353,2009.341064
3007354,0.318355
3007355,28.339876
3007356,4.273008
3007357,0.000000
3007358,3.785540
3007359,5043.318359
3007360,0.000000
3007361,406.237549
3007362,13.872593
3007363,2098.354248
3007364,509.092133
3007365,272.077728
3007366,161.761536
3007367,96.947525
3007368,7126.294922
3007369,11.381870
3007370,2.053286
3007371,27.662701
3007372,26.528624
3007373,0.000000
3007374,313.578217
3007375,0.000000
3007376,0.486106
3007377,9.964688
3007378,59.919846
3007379,2.896433
3007380,141.752899
3007381,281.217194
3007382,2.648462
3007383,11.804248
3007384,160.129456
3007385,58.976620
3007386,972.534729
3007387,0.248974
3007388,8.326453
3007389,8.264413
3007390,0.000000
3007391,10.166919
3007392,2249.108154
3007393,0.000000
3007394,496.115417
3007395,14.553166
3007396,873.814819
3007397,645.618164
3007398,230.737289
3007399,133.450821
3007400,203.787933
3007401,3922.729736
3007402,34.247421
3007403,1.246814
3007404,28.882341
3007405,34.771992
3007406,0.000000
3007407,242.073380
3007408,22.884817
3007409,19.809608
3007410,8.942113
3007411,214.911301
3007412,15.162302
3007413,236.672958
3007414,363.848785
3007415,12.949202
3007416,10.892518
3007417,192.850632
3007418,69.381935
3007419,1764.698242
3007420,2.616784
3007421,8.373848
3007422,5.090402
3007423,0.000000
3007424,7.205290
3007425,2056.064941
3007426,0.000000
3007427,442.667877
3007428,11.883246
3007429,616.650940
3007430,706.817200
3007431,164.195999
3007432,139.917542
3007433,130.564819
3007434,2581.559570
3007435,35.856705
3007436,1.067915
3007437,30.685806
3007438,26.047575
3007439,0.000000
3007440,202.954971
3007441,23.453161
3007442,48.798512
3007443,6.686551
3007444,99.359200
3007445,12.611418
3007446,263.772461
3007447,202.423141
3007448,9.187750
3007449,9.203359
3007450,232.224213
3007451,47.106434
3007452,2011.049194
3007453,1.077493
3007454,15.307801
3007455,8.267933
3007456,0.000000
3007457,6.155474
3007458,5098.143066
3007459,0.000000
3007460,493.764618
3007461,19.465475
3007462,1227.230469
3007463,527.786621
3007464,285.402618
3007465,181.794601
3007466,98.354317
3007467,4748.638672
3007468,15.152899
3007469,0.000000
3007470,21.553032
3007471,25.288006
3007472,0.000000
3007473,238.487671
3007474,0.000000
3007475,12.355625
3007476,2.562199
3007477,132.340515
3007478,2.405014
3007479,187.635010
3007480,284.504089
3007481,3.889844
3007482,1.852614
3007483,211.611633
3007484,110.156975
3007485,1076.417480
3007486,6.078663
3007487,0.628369
3007488,19.020035
3007489,0.000000
3007490,22.612621
3007491,11663.659180
3007492,0.000000
3007493,1610.601685
3007494,27.264618
3007495,2290.630859
3007496,2704.235107
3007497,506.893616
3007498,592.336121
3007499,455.666199
3007500,10986.342773
3007501,83.958618
3007502,4.296881
3007503,121.538216
3007504,120.693352
3007505,0.000000
3007506,642.285889
3007507,48.351540
3007508,35.667931
3007509,55.188000
3007510,471.445770
3007511,35.500320
3007512,890.586060
3007513,635.226013
3007514,59.614773
3007515,42.363239
3007516,1217.101929
3007517,266.293671
3007518,10276.843750
3007519,362.484406
3007520,99.622589
3007521,18.347746
3007522,0.000000
3007523,17.887814
3007524,10659.885742
3007525,0.000000
3007526,1212.003540
3007527,31.690981
3007528,2620.557129
3007529,2098.663818
3007530,783.672302
3007531,438.648041
3007532,357.234711
3007533,12794.706055
3007534,118.514824
3007535,1.917442
3007536,77.556908
3007537,88.116615
3007538,1.013019
3007539,638.389771
3007540,43.190681
3007541,40.932816
3007542,13.956449
3007543,356.723419
3007544,18.968704
3007545,1193.946655
3007546,770.079407
3007547,33.342152
3007548,39.053368
3007549,1424.177002
3007550,275.995148
3007551,6636.592773
3007552,460.849487
3007553,95.300301
3007554,17.295633
3007555,0.000000
3007556,28.469769
3007557,6927.498047
3007558,0.000000
3007559,933.202454
3007560,24.102877
3007561,2389.905273
3007562,1552.458374
3007563,871.860107
3007564,186.919296
3007565,273.529877
3007566,10921.635742
3007567,58.730000
3007568,5.899686
3007569,53.140537
3007570,32.296276
3007571,0.650560
3007572,649.232178
3007573,56.920700
3007574,34.999977
3007575,11.777450
3007576,236.460312
3007577,17.061035
3007578,951.029053
3007579,853.725464
3007580,34.904202
3007581,60.549770
3007582,861.085205
3007583,156.312424
3007584,3238.733398
3007585,392.245667
3007586,58.989487
3007587,20.932104
3007588,0.000000
3007589,27.991306
3007590,10587.719727
3007591,0.000000
3007592,1186.503174
3007593,30.582346
3007594,2091.370605
3007595,1924.456787
3007596,701.415527
3007597,356.761475
3007598,277.646759
3007599,10969.780273
3007600,57.777096
3007601,1.289189
3007602,77.877129
3007603,81.714195
3007604,0.004536
3007605,609.244263
3007606,38.534153
3007607,36.761913
3007608,27.415371
3007609,350.902802
3007610,20.693958
3007611,812.690308
3007612,710.847595
3007613,32.144295
3007614,37.634914
3007615,1077.453125
3007616,269.217102
3007617,5763.364746
3007618,347.615967
3007619,73.105202
3007620,15.232347
3007621,0.000000
3007622,27.674320
3007623,5397.829102
3007624,0.000000
3007625,800.640503
3007626,19.326593
3007627,2044.123047
3007628,1409.112427
3007629,589.219055
3007630,135.505386
3007631,238.159882
3007632,9072.052734
3007633,55.617603
3007634,0.000000
3007635,36.223583
3007636,34.059071
3007637,0.000000
3007638,596.594788
3007639,39.791359
3007640,17.052080
3007641,9.394523
3007642,218.409653
3007643,10.614603
3007644,772.685669
3007645,805.935303
3007646,21.286688
3007647,32.126099
3007648,843.834106
3007649,99.988319
3007650,2077.988525
3007651,322.243958
3007652,32.341480
3007653,12.328029
3007654,0.000000
3007655,15.400964
3007656,7166.260254
3007657,0.000000
3007658,1004.799255
3007659,27.877827
3007660,1582.396729
3007661,1910.538086
3007662,434.911621
3007663,438.153442
3007664,312.113678
3007665,8013.592773
3007666,71.227646
3007667,1.337128
3007668,53.521049
3007669,50.674999
3007670,0.000000
3007671,482.583252
3007672,15.868412
3007673,33.701500
3007674,10.630128
3007675,375.694275
3007676,22.879267
3007677,735.898682
3007678,489.493286
3007679,23.217203
3007680,34.416954
3007681,826.554077
3007682,203.143051
3007683,6875.423828
3007684,266.957031
3007685,73.434196
3007686,6.654707
3007687,0.000000
3007688,9.574228
3007689,1564.951172
3007690,0.000000
3007691,275.237915
3007692,34.133305
3007693,778.306641
3007694,436.447601
3007695,206.096893
3007696,82.428146
3007697,131.878326
3007698,2783.024902
3007699,32.531284
3007700,1.039274
3007701,32.677017
3007702,18.983509
3007703,0.000000
3007704,164.691895
3007705,15.322820
3007706,11.571368
3007707,11.916542
3007708,105.915749
3007709,12.622775
3007710,237.501724
3007711,227.780365
3007712,3.027645
3007713,7.975520
3007714,233.277023
3007715,60.605793
3007716,1376.856079
3007717,3.013795
3007718,9.528381
3007719,12.119439
3007720,0.000000
3007721,18.643599
3007722,4748.648926
3007723,0.000000
3007724,554.756409
3007725,37.449497
3007726,1616.761719
3007727,1060.295898
3007728,495.593597
3007729,125.955078
3007730,191.244888
3007731,6909.474121
3007732,65.541481
3007733,1.566797
3007734,58.354671
3007735,33.007751
3007736,0.000000
3007737,444.649353
3007738,17.521690
3007739,12.266679
3007740,6.156929
3007741,209.030045
3007742,14.174397
3007743,502.490326
3007744,547.866272
3007745,18.119465
3007746,32.784306
3007747,388.652191
3007748,101.185898
3007749,2099.937500
3007750,332.220062
3007751,21.265146
3007752,7.724731
3007753,0.000000
3007754,7.465591
3007755,4718.035156
3007756,0.000000
3007757,791.669067
3007758,12.895335
3007759,1311.798096
3007760,1463.884399
3007761,243.990540
3007762,345.564728
3007763,359.050629
3007764,4800.592285
3007765,53.526737
3007766,1.197841
3007767,26.983685
3007768,41.079334
3007769,0.000000
3007770,308.520355
3007771,4.720357
3007772,56.452023
3007773,5.142602
3007774,288.514191
3007775,12.431931
3007776,598.078247
3007777,283.358002
3007778,19.727474
3007779,12.824908
3007780,567.731812
3007781,131.689987
3007782,5066.435059
3007783,4.270708
3007784,49.356388
3007785,13.028679
3007786,0.000000
3007787,12.684275
3007788,4773.430176
3007789,0.000000
3007790,834.603394
3007791,16.222408
3007792,1569.877808
3007793,1244.746826
3007794,392.280853
3007795,238.342484
3007796,395.160980
3007797,7032.872070
3007798,57.367840
3007799,3.519393
3007800,72.319603
3007801,45.952366
3007802,0.000000
3007803,397.434174
3007804,10.925921
3007805,59.808029
3007806,11.478128
3007807,369.038849
3007808,16.341337
3007809,494.105591
3007810,416.797058
3007811,17.126274
3007812,27.119562
3007813,509.390808
3007814,108.165939
3007815,4825.100098
3007816,6.548553
3007817,10.126457
3007818,10.063262
3007819,0.000000
3007820,5.539912
3007821,2219.260742
3007822,0.000000
3007823,443.337189
3007824,9.994376
3007825,901.995239
3007826,490.600525
3007827,269.997223
3007828,89.474709
3007829,207.605423
3007830,3465.974121
3007831,18.300480
3007832,1.373394
3007833,31.376663
3007834,23.078531
3007835,0.000000
3007836,223.367218
3007837,10.482143
3007838,17.734951
3007839,7.132816
3007840,199.986969
3007841,5.566618
3007842,311.132629
3007843,243.993683
3007844,5.518451
3007845,8.511103
3007846,205.793839
3007847,72.695175
3007848,2044.156494
3007849,0.090277
3007850,5.286718
3007851,9.244432
3007852,0.000000
3007853,0.928557
3007854,2481.798828
3007855,0.000000
3007856,213.901886
3007857,6.324889
3007858,948.598816
3007859,246.708130
3007860,214.791183
3007861,64.017136
3007862,46.609745
3007863,3429.598389
3007864,12.157369
3007865,0.707847
3007866,28.101723
3007867,12.849725
3007868,0.000000
3007869,232.843109
3007870,0.000000
3007871,1.758386
3007872,6.430202
3007873,40.598862
3007874,2.476640
3007875,57.462856
3007876,164.142029
3007877,0.000000
3007878,2.412943
3007879,78.513199
3007880,82.421463
3007881,547.708801
3007882,0.339603
3007883,3.416407
3007884,8.395428
3007885,0.000000
3007886,7.509393
3007887,3304.334229
3007888,0.000000
3007889,496.839172
3007890,14.189304
3007891,997.866699
3007892,784.481384
3007893,316.931580
3007894,199.245316
3007895,179.568268
3007896,4429.530273
3007897,37.073479
3007898,1.107158
3007899,33.540073
3007900,43.508850
3007901,0.000000
3007902,290.281708
3007903,27.695259
3007904,20.531944
3007905,12.109628
3007906,201.756470
3007907,9.730048
3007908,497.638580
3007909,286.617920
3007910,11.072224
3007911,16.005857
3007912,497.222443
3007913,119.525894
3007914,2446.757812
3007915,0.251928
3007916,36.733540
3007917,3.715082
3007918,0.000000
3007919,6.149146
3007920,3535.088379
3007921,0.000000
3007922,499.291718
3007923,22.746752
3007924,652.607483
3007925,1010.820618
3007926,165.358597
3007927,231.819870
3007928,259.486267
3007929,3033.833252
3007930,35.316124
3007931,2.483241
3007932,31.498941
3007933,29.265152
3007934,0.814874
3007935,197.175095
3007936,17.280867
3007937,52.257668
3007938,7.843452
3007939,291.235199
3007940,17.266239
3007941,397.497650
3007942,196.221405
3007943,6.622682
3007944,17.745474
3007945,542.737976
3007946,137.294754
3007947,4239.979004
3007948,1.082838
3007949,37.357204
3007950,6.410427
3007951,0.000000
3007952,15.568632
3007953,4932.759766
3007954,0.000000
3007955,706.360962
3007956,23.609430
3007957,1028.720825
3007958,1320.480103
3007959,312.513031
3007960,359.237274
3007961,189.542084
3007962,5067.682129
3007963,47.118591
3007964,4.159236
3007965,47.540081
3007966,51.395466
3007967,0.000000
3007968,353.440369
3007969,41.266811
3007970,39.992485
3007971,21.255264
3007972,210.305542
3007973,24.241520
3007974,436.665833
3007975,364.067902
3007976,23.300793
3007977,24.154058
3007978,570.388306
3007979,150.080505
3007980,4667.885254
3007981,4.922282
3007982,37.273865
3007983,15.635744
3007984,0.000000
3007985,11.330151
3007986,3638.896729
3007987,0.000000
3007988,493.883667
3007989,22.011871
3007990,1505.954590
3007991,784.743835
3007992,492.586700
3007993,176.542725
3007994,144.099960
3007995,6809.428223
3007996,12.980911
3007997,1.979330
3007998,54.986187
3007999,56.194820
3008000,0.000000
3008001,414.105957
3008002,13.469343
3008003,8.156134
3008004,9.722625
3008005,92.948730
3008006,6.083193
3008007,312.335724
3008008,406.922455
3008009,0.000000
3008010,9.906697
3008011,441.395691
3008012,129.120316
3008013,1451.265747
3008014,118.427849
3008015,21.337811
3008016,1.498408
3008017,0.000000
3008018,2.889532
3008019,911.724731
3008020,0.000000
3008021,141.318649
3008022,4.415872
3008023,196.307999
3008024,317.697021
3008025,54.545620
3008026,62.519947
3008027,50.999527
3008028,1087.997803
3008029,8.256042
3008030,0.671689
3008031,5.419474
3008032,11.059882
3008033,0.000000
3008034,65.768379
3008035,5.115953
3008036,11.893336
3008037,2.525947
3008038,41.941925
3008039,3.850301
3008040,96.444267
3008041,70.599052
3008042,1.416190
3008043,4.635728
3008044,118.970322
3008045,35.556980
3008046,1161.931519
3008047,0.467341
3008048,11.499083
3008049,1.867950
3008050,0.000000
3008051,3.206268
3008052,1402.884521
3008053,0.000000
3008054,136.262955
3008055,5.231063
3008056,708.541931
3008057,279.468445
3008058,272.988190
3008059,51.218079
3008060,34.951866
3008061,2682.151367
3008062,5.540142
3008063,0.025257
3008064,12.183211
3008065,11.202734
3008066,0.000000
3008067,174.097580
3008068,7.260875
3008069,1.588550
3008070,2.247708
3008071,13.163544
3008072,0.325224
3008073,172.157379
3008074,185.861343
3008075,0.470171
3008076,3.869989
3008077,177.368378
3008078,24.658955
3008079,269.597839
3008080,109.797043
3008081,2.483962
3008082,8.763556
3008083,0.000000
3008084,4.925851
3008085,4633.988770
3008086,0.000000
3008087,660.072937
3008088,11.728834
3008089,1591.948853
3008090,560.190308
3008091,484.510620
3008092,233.806473
3008093,118.107620
3008094,7080.266113
3008095,23.991449
3008096,0.814895
3008097,33.413776
3008098,20.887280
3008099,0.000000
3008100,432.008118
3008101,11.919130
3008102,4.227407
3008103,9.549973
3008104,28.398144
3008105,3.277739
3008106,483.520386
3008107,395.564117
3008108,2.578694
3008109,15.337577
3008110,460.519775
3008111,78.122002
3008112,1253.228027
3008113,29.543671
3008114,10.549827
3008115,6.447684
3008116,0.000000
3008117,1.479514
3008118,1523.993530
3008119,0.000000
3008120,202.542526
3008121,11.414163
3008122,830.455750
3008123,395.692230
3008124,196.838440
3008125,54.386806
3008126,36.759411
3008127,2662.873535
3008128,8.052798
3008129,0.000000
3008130,15.100972
3008131,24.576052
3008132,0.000000
3008133,146.509338
3008134,12.525851
3008135,1.704162
3008136,8.893902
3008137,35.270271
3008138,2.225492
3008139,132.350235
3008140,182.571579
3008141,1.458363
3008142,7.542566
3008143,144.321869
3008144,30.565092
3008145,350.002411
3008146,5.807876
3008147,3.193923
3008148,4.040557
3008149,0.000000
3008150,3.922753
3008151,1321.514771
3008152,0.000000
3008153,128.026550
3008154,7.811403
3008155,675.090332
3008156,237.106018
3008157,156.503769
3008158,50.341610
3008159,26.452185
3008160,2257.749756
3008161,13.126480
3008162,0.000000
3008163,14.000590
3008164,10.813670
3008165,0.000000
3008166,145.710678
3008167,2.203247
3008168,1.605122
3008169,2.626456
3008170,19.554535
3008171,1.620293
3008172,116.953323
3008173,170.971619
3008174,0.383422
3008175,4.908791
3008176,91.678009
3008177,24.435476
3008178,173.949661
3008179,10.458238
3008180,1.639457
3008181,4.149419
3008182,0.000000
3008183,1.874588
3008184,1517.598022
3008185,0.000000
3008186,149.838089
3008187,8.609680
3008188,743.663391
3008189,300.048767
3008190,182.250809
3008191,35.620338
3008192,35.531647
3008193,2628.565918
3008194,2.694561
3008195,0.000000
3008196,10.757001
3008197,17.946207
3008198,0.000000
3008199,125.475632
3008200,1.305406
3008201,2.060250
3008202,4.331739
3008203,19.718689
3008204,4.042423
3008205,205.021835
3008206,159.520508
3008207,1.013175
3008208,5.341628
3008209,58.428032
3008210,62.384747
3008211,343.110504
3008212,0.000000
3008213,4.848444
3008214,4.875404
3008215,1.609243
3008216,3.785142
3008217,1355.327271
3008218,0.000000
3008219,134.105057
3008220,4.265789
3008221,657.157776
3008222,234.676010
3008223,203.590942
3008224,78.367813
3008225,53.057137
3008226,2157.341553
3008227,5.390432
3008228,1.220196
3008229,12.055207
3008230,15.849023
3008231,0.000000
3008232,167.770676
3008233,8.022799
3008234,2.151121
3008235,4.598129
3008236,11.429496
3008237,2.957116
3008238,103.187218
3008239,162.695450
3008240,1.445800
3008241,4.720848
3008242,84.229446
3008243,36.269341
3008244,445.013000
3008245,19.847841
3008246,4.821751
3008247,6.193852
3008248,0.000000
3008249,1.828378
3008250,1506.741333
3008251,0.000000
3008252,196.802902
3008253,5.047369
3008254,845.530334
3008255,294.014587
3008256,208.175171
3008257,141.161911
3008258,35.386875
3008259,2448.646729
3008260,5.460968
3008261,0.000000
3008262,15.229163
3008263,20.098913
3008264,0.000000
3008265,193.937668
3008266,0.000000
3008267,2.077685
3008268,3.565351
3008269,28.138464
3008270,2.794466
3008271,60.357262
3008272,175.347214
3008273,0.448026
3008274,3.764038
3008275,73.247849
3008276,49.128819
3008277,492.721466
3008278,0.877393
3008279,2.133642
3008280,10.241610
3008281,0.391484
3008282,4.476117
3008283,3820.957764
3008284,0.000000
3008285,423.468231
3008286,6.705032
3008287,1262.226318
3008288,722.476135
3008289,496.614807
3008290,207.177933
3008291,116.590889
3008292,5213.595215
3008293,18.048584
3008294,1.697128
3008295,28.118494
3008296,28.344326
3008297,0.000000
3008298,320.707062
3008299,0.000000
3008300,1.657504
3008301,7.338017
3008302,54.531670
3008303,5.429815
3008304,239.597351
3008305,289.367188
3008306,1.626556
3008307,10.913240
3008308,396.346741
3008309,60.723297
3008310,1564.177002
3008311,65.765137
3008312,18.837563
3008313,4.118527
3008314,0.095112
3008315,6.967581
3008316,2388.306396
3008317,0.000000
3008318,671.355652
3008319,7.536469
3008320,622.754761
3008321,620.386108
3008322,230.678482
3008323,222.672684
3008324,68.761002
3008325,3382.090088
3008326,17.059248
3008327,1.306500
3008328,26.858492
3008329,23.583029
3008330,0.000000
3008331,241.738907
3008332,15.746468
3008333,3.488803
3008334,8.407771
3008335,51.585926
3008336,3.081028
3008337,102.287605
3008338,193.119049
3008339,5.051484
3008340,10.376222
3008341,224.037888
3008342,53.877743
3008343,1968.829712
3008344,54.050446
3008345,16.698656
3008346,7.871934
3008347,0.000000
3008348,3.736113
3008349,2447.929443
3008350,0.000000
3008351,211.855484
3008352,5.513769
3008353,821.241882
3008354,319.521606
3008355,279.073151
3008356,77.666847
3008357,41.844482
3008358,3233.065430
3008359,15.722470
3008360,1.549474
3008361,14.253857
3008362,22.201769
3008363,0.000000
3008364,170.857513
3008365,12.627260
3008366,2.066095
3008367,5.176837
3008368,33.618839
3008369,4.262519
3008370,152.069778
3008371,201.559021
3008372,1.381356
3008373,6.545523
3008374,63.264706
3008375,27.394634
3008376,426.723267
3008377,12.570604
3008378,5.762501
3008379,7.934750
3008380,0.000000
3008381,9.045659
3008382,3302.641357
3008383,0.000000
3008384,582.448547
3008385,11.370956
3008386,761.668762
3008387,756.512512
3008388,228.183624
3008389,223.319168
3008390,118.790390
3008391,3958.801758
3008392,46.887646
3008393,1.625733
3008394,24.387585
3008395,21.741295
3008396,0.000000
3008397,264.552765
3008398,36.651855
3008399,22.003426
3008400,5.446774
3008401,77.104897
3008402,12.407391
3008403,352.211945
3008404,274.410156
3008405,8.743663
3008406,8.747500
3008407,478.065582
3008408,120.824944
3008409,2366.047607
3008410,0.000000
3008411,45.743912
3008412,13.107194
3008413,0.000000
3008414,8.704098
3008415,5731.262695
3008416,0.000000
3008417,908.829102
3008418,10.928522
3008419,1883.023682
3008420,979.776672
3008421,765.390076
3008422,152.595398
3008423,90.296349
3008424,7920.752441
3008425,17.252190
3008426,0.585789
3008427,26.493889
3008428,25.506124
3008429,0.000000
3008430,450.733795
3008431,4.405660
3008432,10.178021
3008433,8.230550
3008434,54.027546
3008435,3.627163
3008436,401.988525
3008437,578.173645
3008438,4.971959
3008439,10.156775
3008440,446.142609
3008441,85.978081
3008442,1421.155151
3008443,73.164612
3008444,18.959558
3008445,17.050322
3008446,0.207767
3008447,9.726432
3008448,4020.666260
3008449,0.000000
3008450,744.096313
3008451,6.569303
3008452,1595.798218
3008453,809.878418
3008454,453.662933
3008455,325.236298
3008456,73.382469
3008457,6207.520020
3008458,23.541801
3008459,0.000000
3008460,38.421204
3008461,51.421345
3008462,0.000000
3008463,413.130310
3008464,9.610331
3008465,5.813251
3008466,14.987015
3008467,59.186291
3008468,3.751305
3008469,176.157333
3008470,375.007538
3008471,2.747192
3008472,9.792427
3008473,229.572571
3008474,179.654022
3008475,1599.258179
3008476,0.000000
3008477,8.767103
3008478,5.665511
3008479,0.000000
3008480,3.180314
3008481,1663.558594
3008482,0.000000
3008483,150.793518
3008484,7.787005
3008485,658.184143
3008486,279.766083
3008487,154.757980
3008488,36.899300
3008489,50.033245
3008490,2484.895020
3008491,6.078201
3008492,0.522703
3008493,24.801548
3008494,21.565916
3008495,0.000000
3008496,166.797562
3008497,1.443080
3008498,1.780598
3008499,4.783235
3008500,34.510101
3008501,5.299164
3008502,131.960678
3008503,149.360779
3008504,1.173760
3008505,5.957473
3008506,155.322845
3008507,34.697548
3008508,401.320709
3008509,16.405149
3008510,2.812089
3008511,2.369247
3008512,0.000000
3008513,3.161675
3008514,1424.687622
3008515,0.000000
3008516,234.854172
3008517,10.748696
3008518,485.788391
3008519,488.493988
3008520,130.718552
3008521,49.272820
3008522,56.693134
3008523,1878.682495
3008524,17.969091
3008525,0.031468
3008526,13.435855
3008527,12.320184
3008528,0.000000
3008529,134.583527
3008530,17.405609
3008531,6.640839
3008532,6.025017
3008533,60.197941
3008534,5.756147
3008535,683.166199
3008536,170.045975
3008537,3.642147
3008538,5.878951
3008539,289.054749
3008540,32.253296
3008541,1067.330322
3008542,0.000000
3008543,7.599599
3008544,2.992579
3008545,0.000000
3008546,5.598356
3008547,3454.924561
3008548,0.000000
3008549,647.826416
3008550,12.387425
3008551,769.166443
3008552,1109.621582
3008553,234.916641
3008554,205.087006
3008555,116.760338
3008556,3704.276367
3008557,30.802179
3008558,1.151424
3008559,22.399679
3008560,30.470119
3008561,0.000000
3008562,231.697052
3008563,13.947214
3008564,29.657938
3008565,10.138584
3008566,58.176479
3008567,13.516733
3008568,345.258881
3008569,275.266479
3008570,18.356739
3008571,10.351196
3008572,436.303497
3008573,98.341896
3008574,3195.043457
3008575,1.124733
3008576,18.408209
3008577,2.891629
3008578,0.000000
3008579,3.705621
3008580,2435.919434
3008581,0.000000
3008582,405.321655
3008583,5.642693
3008584,454.557251
3008585,601.509399
3008586,159.184494
3008587,142.673172
3008588,115.323364
3008589,1953.337646
3008590,23.718372
3008591,1.225351
3008592,16.321280
3008593,14.025611
3008594,0.000000
3008595,117.748169
3008596,0.000000
3008597,22.480171
3008598,6.506654
3008599,206.287048
3008600,10.318261
3008601,186.419586
3008602,133.504471
3008603,3.665634
3008604,7.383328
3008605,167.933594
3008606,48.318539
3008607,1462.246216
3008608,3.917678
3008609,3.859465
3008610,4.723344
3008611,0.000000
3008612,0.000000
3008613,942.778503
3008614,0.000000
3008615,241.960083
3008616,6.895624
3008617,356.612854
3008618,286.748474
3008619,104.363319
3008620,49.453297
3008621,45.385899
3008622,1588.999756
3008623,8.145288
3008624,0.512719
3008625,13.571090
3008626,9.735598
3008627,0.000000
3008628,89.293152
3008629,0.000000
3008630,9.459661
3008631,1.635733
3008632,22.394770
3008633,0.000000
3008634,286.507996
3008635,143.008667
3008636,1.731244
3008637,1.411071
3008638,150.335876
3008639,24.919767
3008640,473.200287
3008641,2.320453
3008642,2.918095
3008643,10.904379
3008644,0.000000
3008645,5.508964
3008646,4391.338867
3008647,0.000000
3008648,726.447937
3008649,17.821320
3008650,896.750916
3008651,1080.878296
3008652,325.754395
3008653,288.547638
3008654,173.052155
3008655,4945.872070
3008656,37.428593
3008657,0.000000
3008658,24.022697
3008659,33.525486
3008660,0.000000
3008661,282.284576
3008662,16.190683
3008663,51.414185
3008664,12.008989
3008665,160.283417
3008666,7.697041
3008667,277.032684
3008668,290.926300
3008669,12.737713
3008670,13.057579
3008671,485.980835
3008672,105.772255
3008673,3045.611816
3008674,3.275465
3008675,21.456091
3008676,7.864841
3008677,0.000000
3008678,4.449823
3008679,4917.679199
3008680,0.000000
3008681,924.098083
3008682,13.614250
3008683,1428.207642
3008684,1067.654419
3008685,496.759064
3008686,254.475220
3008687,89.981941
3008688,7378.761230
3008689,20.636890
3008690,0.967459
3008691,34.177811
3008692,25.036995
3008693,0.908572
3008694,341.993103
3008695,0.000000
3008696,7.127337
3008697,7.385358
3008698,53.183224
3008699,1.889544
3008700,198.140274
3008701,320.563232
3008702,5.965273
3008703,7.113446
3008704,278.575195
3008705,101.005898
3008706,1800.513306
3008707,6.725085
3008708,7.172447
3008709,7.488065
3008710,0.100135
3008711,4.415537
3008712,4112.031738
3008713,0.000000
3008714,913.223877
3008715,7.317674
3008716,1081.268433
3008717,905.999695
3008718,324.680603
3008719,247.772125
3008720,90.961342
3008721,5175.095215
3008722,30.195623
3008723,1.866491
3008724,28.029623
3008725,25.194014
3008726,0.000000
3008727,282.908966
3008728,0.000000
3008729,7.110759
3008730,7.192726
3008731,84.792442
3008732,2.467827
3008733,129.359192
3008734,275.292603
3008735,4.923835
3008736,7.205688
3008737,229.247314
3008738,75.622978
3008739,1388.870850
3008740,4.368203
3008741,8.086269
3008742,14.853183
3008743,0.614496
3008744,23.326633
3008745,10381.938477
3008746,0.000000
3008747,1177.090820
3008748,28.282030
3008749,1837.164185
3008750,2030.880615
3008751,388.269073
3008752,511.296478
3008753,352.458344
3008754,8381.580078
3008755,77.236382
3008756,3.293299
3008757,69.518135
3008758,55.984776
3008759,0.000000
3008760,571.249329
3008761,63.311985
3008762,57.639164
3008763,23.764261
3008764,209.199158
3008765,36.867878
3008766,697.251038
3008767,650.294922
3008768,23.437714
3008769,33.915237
3008770,1027.474609
3008771,264.456024
3008772,8402.863281
3008773,4.767713
3008774,77.363617
3008775,2.863262
3008776,0.013814
3008777,0.839410
3008778,1449.165161
3008779,0.000000
3008780,205.829987
3008781,5.189186
3008782,475.923676
3008783,282.089905
3008784,124.470390
3008785,146.519470
3008786,37.186947
3008787,1867.361816
3008788,8.766819
3008789,0.046906
3008790,16.196398
3008791,7.994937
3008792,0.000000
3008793,124.403694
3008794,0.672444
3008795,0.700707
3008796,3.264180
3008797,36.882423
3008798,0.841987
3008799,54.112053
3008800,98.819168
3008801,1.484214
3008802,4.556994
3008803,120.489777
3008804,24.848320
3008805,474.726898
3008806,1.327278
3008807,4.027152
3008808,9.801192
3008809,0.000000
3008810,3.106478
3008811,4253.124512
3008812,0.000000
3008813,682.408447
3008814,8.538492
3008815,1402.350342
3008816,835.636047
3008817,275.348816
3008818,325.385315
3008819,63.666325
3008820,5725.808105
3008821,14.919214
3008822,0.329969
3008823,29.265730
3008824,24.862534
3008825,0.000000
3008826,329.883881
3008827,1.705481
3008828,5.366497
3008829,11.574588
3008830,14.478348
3008831,2.096015
3008832,400.020203
3008833,326.350372
3008834,3.739296
3008835,9.675354
3008836,133.352325
3008837,80.307571
3008838,1241.651611
3008839,5.136436
3008840,5.099533
3008841,1.873221
3008842,0.000000
3008843,2.199243
3008844,896.670349
3008845,0.000000
3008846,160.167358
3008847,4.032110
3008848,405.170166
3008849,199.678329
3008850,101.483208
3008851,140.974335
3008852,20.695263
3008853,1651.547852
3008854,4.249520
3008855,0.000000
3008856,10.036755
3008857,4.850789
3008858,0.000000
3008859,94.904404
3008860,0.000000
3008861,0.739250
3008862,1.775030
3008863,27.159914
3008864,0.000000
3008865,74.684601
3008866,97.210518
3008867,13.767685
3008868,1.510567
3008869,72.394028
3008870,13.750372
3008871,225.338348
3008872,1.028095
3008873,2.089065
3008874,10.122272
3008875,0.000000
3008876,3.691809
3008877,2332.138672
3008878,0.000000
3008879,313.957458
3008880,7.859923
3008881,1056.392212
3008882,496.894684
3008883,196.771683
3008884,160.252853
3008885,48.651913
3008886,3550.118408
3008887,4.408133
3008888,0.245992
3008889,30.062464
3008890,24.812971
3008891,0.000000
3008892,275.024017
3008893,0.000000
3008894,1.738577
3008895,15.008812
3008896,28.304922
3008897,2.906867
3008898,280.610382
3008899,249.109207
3008900,1.956345
3008901,4.966537
3008902,209.055923
3008903,29.903212
3008904,1298.218750
3008905,3.768847
3008906,1.503605
3008907,3.360813
3008908,0.000000
3008909,2.551090
3008910,2487.543213
3008911,0.000000
3008912,707.883606
3008913,7.074953
3008914,742.149536
3008915,584.311218
3008916,226.036041
3008917,124.350342
3008918,60.984974
3008919,4444.760742
3008920,8.253412
3008921,2.231266
3008922,32.830524
3008923,36.998966
3008924,0.000000
3008925,193.984848
3008926,2.545022
3008927,6.769058
3008928,4.182867
3008929,28.680553
3008930,3.558477
3008931,156.549286
3008932,242.518860
3008933,3.138446
3008934,8.133839
3008935,147.509750
3008936,29.307077
3008937,505.136383
3008938,8.705129
3008939,2.831364
3008940,4.602415
3008941,0.000000
3008942,0.387578
3008943,1668.050659
3008944,0.000000
3008945,137.362625
3008946,2.353962
3008947,503.984222
3008948,214.937363
3008949,118.725128
3008950,120.929565
3008951,71.667549
3008952,2110.029785
3008953,8.228822
3008954,0.000000
3008955,11.780758
3008956,4.122755
3008957,0.000000
3008958,121.139534
3008959,0.000000
3008960,0.749810
3008961,0.508814
3008962,60.083012
3008963,0.468622
3008964,209.140915
3008965,99.473862
3008966,0.055773
3008967,0.767127
3008968,54.909367
3008969,24.263887
3008970,397.562134
3008971,0.016384
3008972,0.253332
3008973,6.248054
3008974,0.000000
3008975,1.986435
3008976,4099.819824
3008977,0.000000
3008978,613.101257
3008979,8.387538
3008980,797.825073
3008981,666.561707
3008982,235.217377
3008983,132.117737
3008984,118.835518
3008985,4399.350586
3008986,10.245489
3008987,0.022506
3008988,20.730072
3008989,14.629049
3008990,0.000000
3008991,230.774155
3008992,0.000000
3008993,22.700720
3008994,1.976791
3008995,83.042595
3008996,3.040391
3008997,207.210220
3008998,263.873779
3008999,3.553311
3009000,3.505248
3009001,113.361343
3009002,46.068134
3009003,1153.775757
3009004,3.746423
3009005,1.727291
3009006,3.114488
3009007,0.000000
3009008,10.559658
3009009,1966.647461
3009010,0.000000
3009011,395.574890
3009012,4.675377
3009013,617.194397
3009014,566.443115
3009015,123.179001
3009016,102.451241
3009017,73.542313
3009018,2325.174561
3009019,37.530407
3009020,1.526612
3009021,25.438755
3009022,21.131933
3009023,0.000000
3009024,183.770004
3009025,23.643782
3009026,18.209948
3009027,2.155047
3009028,78.385300
3009029,10.680478
3009030,154.842850
3009031,230.735580
3009032,11.817552
3009033,13.131884
3009034,206.220184
3009035,51.675171
3009036,1662.478149
3009037,0.500691
3009038,12.270487
3009039,7.436704
3009040,0.000000
3009041,11.670007
3009042,2370.195801
3009043,0.000000
3009044,452.987000
3009045,13.107315
3009046,863.812683
3009047,698.972534
3009048,156.139633
3009049,102.681198
3009050,94.405296
3009051,3868.653809
3009052,27.154758
3009053,1.099657
3009054,36.594814
3009055,32.208858
3009056,0.000000
3009057,347.050140
3009058,37.034161
3009059,17.941008
3009060,10.438204
3009061,137.662704
3009062,14.690739
3009063,115.920807
3009064,439.151398
3009065,8.434819
3009066,14.100074
3009067,119.158615
3009068,92.055656
3009069,1958.914917
3009070,29.482325
3009071,19.273497
3009072,10.874537
3009073,0.000000
3009074,5.809678
3009075,3960.929199
3009076,0.000000
3009077,765.890869
3009078,6.830987
3009079,1588.024780
3009080,555.175781
3009081,192.849808
3009082,142.618195
3009083,65.885521
3009084,4873.431641
3009085,34.450207
3009086,2.937573
3009087,30.153681
3009088,21.171881
3009089,0.000000
3009090,291.727081
3009091,9.531407
3009092,14.806607
3009093,8.200217
3009094,49.807739
3009095,7.811367
3009096,103.133934
3009097,314.425415
3009098,7.819528
3009099,10.353576
3009100,224.331100
3009101,52.510708
3009102,1422.373169
3009103,15.217496
3009104,16.987192
3009105,5.225892
3009106,0.000000
3009107,8.495333
3009108,2931.626709
3009109,0.000000
3009110,396.632050
3009111,8.663826
3009112,692.118713
3009113,766.784912
3009114,228.017426
3009115,199.473892
3009116,117.521736
3009117,3778.334473
3009118,20.128016
3009119,1.565515
3009120,18.595196
3009121,12.992165
3009122,0.000000
3009123,237.249557
3009124,30.744282
3009125,25.369781
3009126,3.262868
3009127,92.607727
3009128,8.950087
3009129,312.046906
3009130,274.053711
3009131,8.850441
3009132,11.345716
3009133,430.300079
3009134,51.527771
3009135,2570.744629
3009136,0.349576
3009137,33.695976
3009138,4.268564
3009139,0.000000
3009140,2.905914
3009141,4423.735840
3009142,0.000000
3009143,472.773254
3009144,6.244334
3009145,1555.680664
3009146,593.341064
3009147,273.473907
3009148,168.601868
3009149,50.440170
3009150,6309.540039
3009151,9.569201
3009152,2.060771
3009153,26.357267
3009154,25.381401
3009155,0.000000
3009156,346.167084
3009157,0.000000
3009158,0.447320
3009159,9.261846
3009160,24.795044
3009161,2.903410
3009162,133.268188
3009163,305.362762
3009164,2.449051
3009165,11.201623
3009166,153.070572
3009167,54.966358
3009168,980.851746
3009169,0.380503
3009170,5.764870
3009171,8.746700
3009172,0.000000
3009173,11.621132
3009174,2968.349365
3009175,0.000000
3009176,575.300964
3009177,11.393497
3009178,998.548035
3009179,839.889465
3009180,270.367554
3009181,179.878311
3009182,159.546234
3009183,4432.237305
3009184,46.349079
3009185,1.533560
3009186,29.563805
3009187,41.593227
3009188,0.000000
3009189,323.624298
3009190,33.018539
3009191,23.021664
3009192,9.354321
3009193,61.135120
3009194,15.962296
3009195,268.257538
3009196,397.863373
3009197,15.982837
3009198,11.900193
3009199,218.122650
3009200,69.455887
3009201,2212.874756
3009202,3.116458
3009203,8.406461
3009204,5.560638
3009205,0.000000
3009206,8.174161
3009207,2066.686279
3009208,0.000000
3009209,443.752747
3009210,10.861200
3009211,672.792053
3009212,697.958862
3009213,164.324417
3009214,137.580124
3009215,118.691376
3009216,2773.955322
3009217,34.913208
3009218,1.258997
3009219,27.114765
3009220,24.288515
3009221,0.000000
3009222,224.699432
3009223,26.542549
3009224,36.124935
3009225,5.913294
3009226,58.913456
3009227,13.248714
3009228,227.944977
3009229,241.241592
3009230,9.662127
3009231,10.095157
3009232,225.017380
3009233,51.349735
3009234,2096.116943
3009235,0.812250
3009236,17.770023
3009237,8.328959
3009238,0.000000
3009239,5.286982
3009240,5585.392090
3009241,0.000000
3009242,711.774048
3009243,21.202242
3009244,1350.291992
3009245,742.093018
3009246,320.827820
3009247,197.964294
3009248,58.500603
3009249,5863.557129
3009250,13.898716
3009251,0.000000
3009252,20.125582
3009253,23.021580
3009254,0.000000
3009255,284.593658
3009256,0.000000
3009257,12.901391
3009258,2.317698
3009259,93.338577
3009260,2.336468
3009261,204.893051
3009262,319.179565
3009263,4.356928
3009264,2.388375
3009265,263.728577
3009266,154.238342
3009267,1310.058350
3009268,6.587590
3009269,0.638348
3009270,20.609491
3009271,0.000000
3009272,24.492157
3009273,13873.733398
3009274,0.000000
3009275,1792.096924
3009276,22.229834
3009277,2546.228027
3009278,3118.556885
3009279,557.326111
3009280,709.635559
3009281,445.277954
3009282,12243.916992
3009283,94.766586
3009284,4.671295
3009285,135.249496
3009286,122.620728
3009287,0.000000
3009288,788.380737
3009289,42.076977
3009290,24.969528
3009291,68.208954
3009292,308.763214
3009293,34.220551
3009294,858.867310
3009295,652.078857
3009296,52.184944
3009297,53.002758
3009298,1290.721436
3009299,265.864075
3009300,12069.791016
3009301,374.932587
3009302,97.304733
3009303,21.751953
3009304,0.000000
3009305,22.036184
3009306,12214.909180
3009307,0.000000
3009308,1382.756592
3009309,21.260832
3009310,3180.398438
3009311,2490.619385
3009312,771.376526
3009313,487.185028
3009314,352.811798
3009315,14838.230469
3009316,122.125572
3009317,2.194592
3009318,74.748314
3009319,93.587875
3009320,2.148292
3009321,780.571045
3009322,43.287128
3009323,38.011044
3009324,13.803935
3009325,215.445923
3009326,18.658434
3009327,1247.151367
3009328,887.330994
3009329,33.524025
3009330,35.852623
3009331,1464.588867
3009332,274.997803
3009333,7867.532227
3009334,553.272339
3009335,103.917458
3009336,18.110859
3009337,0.000000
3009338,30.549145
3009339,7984.375488
3009340,0.000000
3009341,1007.689880
3009342,14.770687
3009343,2655.232178
3009344,1905.128662
3009345,969.114807
3009346,236.953964
3009347,274.742950
3009348,12225.621094
3009349,50.205864
3009350,4.726017
3009351,51.411133
3009352,32.604084
3009353,0.333809
3009354,791.771301
3009355,68.141518
3009356,33.858685
3009357,12.730698
3009358,125.485573
3009359,16.504833
3009360,877.048157
3009361,969.063538
3009362,34.553226
3009363,58.882721
3009364,867.093384
3009365,153.260071
3009366,3922.642090
3009367,392.963226
3009368,60.532223
3009369,22.148005
3009370,0.000000
3009371,30.522493
3009372,12236.385742
3009373,0.000000
3009374,1314.433594
3009375,18.731739
3009376,2485.237305
3009377,2173.224854
3009378,703.638550
3009379,398.464355
3009380,272.694275
3009381,12247.063477
3009382,47.569389
3009383,1.580144
3009384,72.757591
3009385,62.075016
3009386,0.437100
3009387,647.348816
3009388,45.867771
3009389,31.637577
3009390,26.973820
3009391,203.512512
3009392,19.761904
3009393,848.977356
3009394,870.816956
3009395,36.237724
3009396,48.459934
3009397,1161.123535
3009398,269.643951
3009399,6928.102539
3009400,471.245056
3009401,74.638924
3009402,17.559021
3009403,0.000000
3009404,31.138130
3009405,6801.347168
3009406,0.000000
3009407,986.894470
3009408,13.662320
3009409,2489.400635
3009410,1530.967041
3009411,701.832153
3009412,177.328262
3009413,271.006287
3009414,10710.731445
3009415,57.720486
3009416,0.000000
3009417,52.127254
3009418,33.241467
3009419,0.000000
3009420,650.939270
3009421,40.318638
3009422,19.028271
3009423,7.956423
3009424,121.977364
3009425,11.389054
3009426,856.439819
3009427,986.725159
3009428,27.526592
3009429,34.139217
3009430,930.978271
3009431,105.596367
3009432,2691.980469
3009433,336.958160
3009434,36.275539
3009435,12.909785
3009436,0.000000
3009437,18.571781
3009438,7844.041504
3009439,0.000000
3009440,1149.761963
3009441,18.102373
3009442,1838.782349
3009443,2080.963867
3009444,485.058258
3009445,476.529938
3009446,309.579651
3009447,8393.167969
3009448,74.435364
3009449,1.480598
3009450,55.255779
3009451,45.016819
3009452,0.000000
3009453,553.336426
3009454,22.989050
3009455,28.701849
3009456,12.343287
3009457,226.927277
3009458,24.698555
3009459,702.634705
3009460,563.831970
3009461,27.187511
3009462,36.293709
3009463,928.405701
3009464,224.378769
3009465,7997.444336
3009466,279.207275
3009467,73.602028
3009468,8.427343
3009469,0.000000
3009470,9.561914
3009471,1869.010498
3009472,0.000000
3009473,324.743011
3009474,22.364454
3009475,841.674988
3009476,500.871948
3009477,232.057526
3009478,102.829521
3009479,75.910736
3009480,3224.504395
3009481,32.430042
3009482,0.998188
3009483,27.315353
3009484,21.600222
3009485,0.000000
3009486,229.273529
3009487,20.649832
3009488,11.095146
3009489,13.827915
3009490,57.005505
3009491,12.853806
3009492,237.278320
3009493,284.155334
3009494,3.756123
3009495,8.515144
3009496,231.987732
3009497,55.069252
3009498,1484.368774
3009499,3.393082
3009500,10.997417
3009501,12.550969
3009502,0.000000
3009503,18.553389
3009504,5187.332031
3009505,0.000000
3009506,505.479706
3009507,34.740971
3009508,1774.061035
3009509,1151.317993
3009510,512.704041
3009511,131.765244
3009512,147.163513
3009513,7794.138672
3009514,72.431602
3009515,1.570897
3009516,51.277782
3009517,31.174952
3009518,0.000000
3009519,445.473785
3009520,19.573088
3009521,10.547261
3009522,4.973995
3009523,118.719147
3009524,14.504169
3009525,488.058929
3009526,607.365845
3009527,16.919165
3009528,34.697197
3009529,425.584381
3009530,74.879509
3009531,2226.172119
3009532,356.673157
3009533,21.059217
3009534,8.930810
3009535,0.000000
3009536,7.907367
3009537,5481.102539
3009538,0.000000
3009539,864.652954
3009540,8.631134
3009541,1397.172485
3009542,1728.649902
3009543,276.624756
3009544,390.943817
3009545,236.921188
3009546,6050.192383
3009547,51.132992
3009548,1.193535
3009549,31.452440
3009550,47.988007
3009551,0.000000
3009552,353.437378
3009553,8.534044
3009554,47.630611
3009555,4.599533
3009556,166.960190
3009557,13.971375
3009558,577.865845
3009559,362.580597
3009560,23.908510
3009561,13.617744
3009562,644.693909
3009563,133.956787
3009564,5705.675781
3009565,5.587317
3009566,49.907185
3009567,18.868414
3009568,0.000000
3009569,11.419847
3009570,5290.800293
3009571,0.000000
3009572,972.537659
3009573,16.226875
3009574,1635.654541
3009575,1359.491821
3009576,437.197754
3009577,274.908173
3009578,271.493317
3009579,7633.599609
3009580,70.959473
3009581,3.386830
3009582,52.736633
3009583,50.125008
3009584,0.000000
3009585,396.029327
3009586,11.613121
3009587,51.185978
3009588,11.322331
3009589,176.120956
3009590,14.156782
3009591,443.442780
3009592,413.544128
3009593,13.917634
3009594,32.509724
3009595,512.109741
3009596,121.672119
3009597,4813.740723
3009598,7.593301
3009599,9.575337
3009600,14.381442
3009601,0.000000
3009602,5.632646
3009603,2727.027832
3009604,0.000000
3009605,501.166016
3009606,9.150772
3009607,948.324158
3009608,590.824585
3009609,279.000061
3009610,124.218918
3009611,114.679428
3009612,3869.060303
3009613,19.976076
3009614,1.668143
3009615,29.247561
3009616,26.411036
3009617,0.000000
3009618,233.623627
3009619,11.964403
3009620,14.789278
3009621,8.427508
3009622,103.143463
3009623,6.788669
3009624,309.022736
3009625,276.611359
3009626,5.298738
3009627,8.391891
3009628,235.665695
3009629,71.206215
3009630,2103.716797
3009631,0.609446
3009632,5.461468
3009633,9.546668
3009634,0.000000
3009635,1.360350
3009636,4361.645996
3009637,0.000000
3009638,361.900879
3009639,5.450537
3009640,1280.573120
3009641,295.818054
3009642,264.248505
3009643,85.793983
3009644,34.843311
3009645,4340.534668
3009646,12.851315
3009647,0.789162
3009648,33.068089
3009649,13.756500
3009650,0.000000
3009651,298.720184
3009652,0.000000
3009653,2.045566
3009654,5.060562
3009655,20.681976
3009656,2.317885
3009657,72.604591
3009658,249.571167
3009659,0.000000
3009660,2.301629
3009661,77.662483
3009662,117.671432
3009663,667.078247
3009664,0.363467
3009665,2.790666
3009666,9.530984
3009667,0.000000
3009668,9.515926
3009669,4111.195801
3009670,0.000000
3009671,503.801300
3009672,12.265835
3009673,1335.129272
3009674,956.229187
3009675,399.442871
3009676,247.569580
3009677,193.869476
3009678,5607.068359
3009679,48.117905
3009680,1.311916
3009681,33.369495
3009682,42.281418
3009683,0.000000
3009684,362.859894
3009685,38.720829
3009686,20.603630
3009687,11.772526
3009688,98.554871
3009689,10.788744
3009690,491.347382
3009691,405.091431
3009692,10.921475
3009693,21.262514
3009694,585.974121
3009695,121.825310
3009696,3063.787842
3009697,0.358080
3009698,48.670139
3009699,3.630035
3009700,0.000000
3009701,7.485190
3009702,3644.351074
3009703,0.000000
3009704,503.208984
3009705,14.064775
3009706,696.260803
3009707,957.730591
3009708,158.089645
3009709,227.814163
3009710,197.716019
3009711,3039.552734
3009712,31.223917
3009713,2.644674
3009714,24.813887
3009715,26.790596
3009716,0.724436
3009717,221.781708
3009718,18.711386
3009719,33.626942
3009720,9.361708
3009721,179.880371
3009722,15.635815
3009723,391.039795
3009724,225.453903
3009725,7.486943
3009726,14.476322
3009727,490.769012
3009728,126.132881
3009729,4307.192871
3009730,1.009277
3009731,36.254189
3009732,6.097039
3009733,0.000000
3009734,13.654312
3009735,5547.610352
3009736,0.000000
3009737,768.554688
3009738,16.831142
3009739,1054.716797
3009740,1414.086548
3009741,311.781860
3009742,360.147217
3009743,163.665131
3009744,5308.900879
3009745,46.064186
3009746,4.764989
3009747,45.224709
3009748,48.210907
3009749,0.000000
3009750,350.608704
3009751,39.936028
3009752,34.863258
3009753,22.193396
3009754,120.283195
3009755,23.962179
3009756,431.341888
3009757,441.684845
3009758,26.689899
3009759,22.466146
3009760,564.608521
3009761,169.756104
3009762,5256.682617
3009763,5.431084
3009764,36.561695
3009765,16.752769
3009766,0.000000
3009767,12.202943
3009768,4085.025391
3009769,0.000000
3009770,591.081421
3009771,16.261351
3009772,1620.028564
3009773,795.812988
3009774,498.019989
3009775,217.880783
3009776,97.138588
3009777,7084.466797
3009778,12.125144
3009779,2.029370
3009780,52.667820
3009781,52.920555
3009782,0.000000
3009783,445.324585
3009784,17.313997
3009785,7.901559
3009786,12.796443
3009787,57.207603
3009788,6.838764
3009789,357.200287
3009790,483.111389
3009791,0.000000
3009792,10.934692
3009793,437.095917
3009794,123.127602
3009795,1618.244995
3009796,161.564682
3009797,21.074034
3009798,3.586709
3009799,0.000000
3009800,4.376573
3009801,1866.479004
3009802,0.000000
3009803,300.235596
3009804,11.817760
3009805,472.093872
3009806,634.583679
3009807,120.373154
3009808,144.573288
3009809,90.558083
3009810,2194.060547
3009811,17.041883
3009812,1.403194
3009813,16.893990
3009814,24.371996
3009815,0.000000
3009816,168.246231
3009817,16.320429
3009818,16.919491
3009819,6.802828
3009820,72.181244
3009821,6.444996
3009822,238.168427
3009823,145.749130
3009824,3.902762
3009825,9.764506
3009826,279.088623
3009827,72.193649
3009828,2318.350586
3009829,0.296677
3009830,21.169849
3009831,1.388176
3009832,0.000000
3009833,2.814515
3009834,1169.370239
3009835,0.000000
3009836,93.740776
3009837,2.135451
3009838,733.352661
3009839,266.750244
3009840,232.435623
3009841,65.659119
3009842,30.296640
3009843,2560.772217
3009844,2.536191
3009845,0.015715
3009846,8.330948
3009847,7.126513
3009848,0.000000
3009849,160.773407
3009850,4.214732
3009851,1.329805
3009852,1.653935
3009853,8.552510
3009854,0.270365
3009855,180.934418
3009856,159.687302
3009857,0.034073
3009858,3.204758
3009859,121.365089
3009860,26.719637
3009861,236.754791
3009862,106.444069
3009863,2.852853
3009864,4.809363
3009865,0.000000
3009866,3.526255
3009867,4224.131836
3009868,0.000000
3009869,599.072815
3009870,8.827069
3009871,1723.308716
3009872,520.208618
3009873,492.819885
3009874,284.913361
3009875,67.018997
3009876,6966.282715
3009877,16.037403
3009878,0.502803
3009879,19.570536
3009880,16.796816
3009881,0.000000
3009882,473.184662
3009883,7.513418
3009884,2.870278
3009885,7.380603
3009886,27.204119
3009887,2.141121
3009888,516.110718
3009889,373.217407
3009890,1.296383
3009891,13.108953
3009892,272.715485
3009893,77.046570
3009894,1246.068115
3009895,23.617939
3009896,5.276892
3009897,4.036798
3009898,0.000000
3009899,1.895185
3009900,1580.454590
3009901,0.000000
3009902,211.114075
3009903,9.409393
3009904,808.577759
3009905,392.676147
3009906,193.177246
3009907,61.394711
3009908,32.857960
3009909,2807.548340
3009910,5.487472
3009911,0.000000
3009912,15.358393
3009913,18.440500
3009914,0.000000
3009915,156.420700
3009916,9.073037
3009917,1.400582
3009918,7.610140
3009919,21.200569
3009920,1.992475
3009921,131.243668
3009922,158.561813
3009923,0.948117
3009924,5.928053
3009925,135.688705
3009926,31.454664
3009927,351.801880
3009928,9.526676
3009929,3.244402
3009930,3.275472
3009931,0.000000
3009932,2.733782
3009933,1562.839722
3009934,0.000000
3009935,128.313248
3009936,4.803159
3009937,814.772278
3009938,261.950012
3009939,160.243988
3009940,56.284668
3009941,25.992113
3009942,2550.695801
3009943,9.096705
3009944,0.000000
3009945,11.357471
3009946,8.978332
3009947,0.000000
3009948,128.758286
3009949,1.480111
3009950,1.312521
3009951,1.879240
3009952,23.543312
3009953,0.984603
3009954,167.012115
3009955,210.783615
3009956,0.311559
3009957,3.315151
3009958,60.077900
3009959,20.837162
3009960,182.189331
3009961,8.706540
3009962,1.343688
3009963,3.314584
3009964,0.000000
3009965,1.488370
3009966,1408.520386
3009967,0.000000
3009968,158.919510
3009969,6.762484
3009970,909.590637
3009971,318.174896
3009972,237.301590
3009973,32.222752
3009974,32.004333
3009975,2731.368896
3009976,3.673170
3009977,0.000000
3009978,8.838403
3009979,20.006470
3009980,0.000000
3009981,199.095184
3009982,1.621524
3009983,1.957759
3009984,3.379207
3009985,9.672174
3009986,3.894813
3009987,245.702698
3009988,253.229568
3009989,0.796933
3009990,4.910391
3009991,48.394604
3009992,87.000587
3009993,402.336823
3009994,0.000000
3009995,4.859283
3009996,3.134402
3009997,1.567005
3009998,4.192479
3009999,1694.965088
3010000,0.000000
3010001,141.915405
3010002,3.940788
3010003,898.187805
3010004,293.208130
3010005,250.040161
3010006,113.849731
3010007,58.803024
3010008,2588.117676
3010009,6.884572
3010010,0.985231
3010011,12.954079
3010012,16.038046
3010013,0.000000
3010014,214.016617
3010015,7.089136
3010016,2.037649
3010017,5.381951
3010018,14.323165
3010019,2.914059
3010020,135.045120
3010021,178.613754
3010022,0.000000
3010023,4.872505
3010024,105.647186
3010025,35.982903
3010026,541.581543
3010027,9.849840
3010028,5.187405
3010029,4.360718
3010030,0.000000
3010031,0.482249
3010032,1365.228027
3010033,0.000000
3010034,156.171539
3010035,3.701216
3010036,671.491516
3010037,229.769485
3010038,153.610229
3010039,235.485535
3010040,22.476444
3010041,2111.034424
3010042,2.292558
3010043,0.000000
3010044,12.144150
3010045,12.902128
3010046,0.000000
3010047,152.859329
3010048,0.000000
3010049,1.928051
3010050,2.835013
3010051,16.512497
3010052,2.088932
3010053,55.309025
3010054,121.817581
3010055,0.136089
3010056,2.570752
3010057,57.448166
3010058,46.105759
3010059,495.079620
3010060,0.801087
3010061,2.050844
3010062,6.658523
3010063,0.110992
3010064,2.878623
3010065,3046.527832
3010066,0.000000
3010067,309.424286
3010068,4.077776
3010069,1183.611694
3010070,672.469604
3010071,439.543823
3010072,269.656708
3010073,92.899170
3010074,4472.129395
3010075,11.806669
3010076,1.367431
3010077,22.293180
3010078,20.793371
3010079,0.000000
3010080,295.515808
3010081,0.000000
3010082,1.308472
3010083,6.233845
3010084,23.833647
3010085,3.928052
3010086,263.400452
3010087,296.753845
3010088,0.635679
3010089,6.564338
3010090,343.791351
3010091,52.166073
3010092,1252.393433
3010093,63.890636
3010094,10.116927
3010095,1.849179
3010096,0.020348
3010097,4.178000
3010098,1819.468994
3010099,0.000000
3010100,496.762848
3010101,6.748298
3010102,495.157013
3010103,494.095703
3010104,168.939407
3010105,208.249222
3010106,48.187950
3010107,2657.603760
3010108,9.114063
3010109,0.763286
3010110,16.460909
3010111,17.383221
3010112,0.000000
3010113,161.343460
3010114,9.581545
3010115,2.686093
3010116,5.857020
3010117,35.095203
3010118,1.913177
3010119,61.954529
3010120,151.986191
3010121,2.239912
3010122,6.181850
3010123,146.726624
3010124,38.824173
3010125,1440.001831
3010126,45.220306
3010127,9.968829
3010128,5.657202
3010129,0.000000
3010130,3.014313
3010131,2581.219238
3010132,0.000000
3010133,177.294174
3010134,4.554690
3010135,849.253418
3010136,312.789307
3010137,270.856873
3010138,86.027527
3010139,49.229034
3010140,3352.862793
3010141,13.899275
3010142,1.059618
3010143,12.898002
3010144,15.868385
3010145,0.000000
3010146,179.419815
3010147,9.068462
3010148,1.933925
3010149,4.447303
3010150,24.153240
3010151,3.469482
3010152,148.391983
3010153,174.458572
3010154,0.972209
3010155,4.616493
3010156,89.553062
3010157,25.675968
3010158,445.274750
3010159,12.718922
3010160,5.289886
3010161,4.916560
3010162,0.000000
3010163,6.850737
3010164,2617.985107
3010165,0.000000
3010166,529.222412
3010167,9.043303
3010168,726.148132
3010169,683.204468
3010170,199.557556
3010171,161.774261
3010172,72.921127
3010173,3358.509766
3010174,28.151985
3010175,1.023410
3010176,17.071901
3010177,20.739983
3010178,0.000000
3010179,224.011932
3010180,17.641853
3010181,13.079106
3010182,5.423959
3010183,43.272549
3010184,9.906960
3010185,355.935516
3010186,233.956985
3010187,6.430129
3010188,6.205546
3010189,401.262878
3010190,120.526665
3010191,2124.528809
3010192,0.000000
3010193,32.125813
3010194,6.767585
3010195,0.000000
3010196,5.151833
3010197,3570.266602
3010198,0.000000
3010199,452.070160
3010200,5.911019
3010201,1390.974976
3010202,691.206360
3010203,558.233521
3010204,113.739334
3010205,55.936584
3010206,5709.747559
3010207,10.791890
3010208,0.192924
3010209,16.330374
3010210,12.303271
3010211,0.000000
3010212,288.406036
3010213,1.628297
3010214,6.771626
3010215,4.712552
3010216,24.416662
3010217,2.032933
3010218,300.032013
3010219,345.674255
3010220,2.307429
3010221,5.171909
3010222,254.418930
3010223,53.365566
3010224,855.467041
3010225,44.245300
3010226,9.856370
3010227,8.697825
3010228,0.000000
3010229,4.714064
3010230,3504.350098
3010231,0.000000
3010232,449.852539
3010233,5.813623
3010234,1202.060059
3010235,557.626770
3010236,304.663177
3010237,416.874298
3010238,68.938354
3010239,4232.814453
3010240,12.864077
3010241,0.000000
3010242,27.650959
3010243,28.718208
3010244,0.000000
3010245,293.476593
3010246,2.448327
3010247,3.542943
3010248,8.478005
3010249,44.918343
3010250,2.219366
3010251,99.374031
3010252,258.107758
3010253,1.379964
3010254,5.494235
3010255,151.768723
3010256,151.660049
3010257,1162.251953
3010258,0.000000
3010259,4.889472
3010260,3.822901
3010261,0.000000
3010262,2.093325
3010263,1910.574585
3010264,0.000000
3010265,136.872543
3010266,6.104028
3010267,682.071716
3010268,273.124969
3010269,151.358276
3010270,58.148369
3010271,38.302879
3010272,2534.452637
3010273,4.930109
3010274,0.650398
3010275,22.441668
3010276,16.657202
3010277,0.000000
3010278,156.995712
3010279,1.117954
3010280,1.459445
3010281,4.109938
3010282,32.592403
3010283,3.988800
3010284,122.044716
3010285,167.697281
3010286,0.784783
3010287,4.219901
3010288,154.962265
3010289,27.548090
3010290,506.456512
3010291,27.945070
3010292,2.402013
3010293,1.489944
3010294,0.000000
3010295,3.733734
3010296,1267.225830
3010297,0.000000
3010298,276.942352
3010299,7.517457
3010300,467.228149
3010301,467.479706
3010302,126.061134
3010303,41.327389
3010304,56.328594
3010305,1953.289673
3010306,17.804722
3010307,0.008097
3010308,9.919328
3010309,12.587442
3010310,0.000000
3010311,124.883217
3010312,12.892519
3010313,2.098570
3010314,4.978503
3010315,35.847565
3010316,4.396331
3010317,422.365387
3010318,150.642914
3010319,2.440924
3010320,4.183299
3010321,324.040558
3010322,27.956076
3010323,1133.857788
3010324,0.000000
3010325,6.984027
3010326,2.938648
3010327,0.000000
3010328,6.317670
3010329,3186.334229
3010330,0.000000
3010331,690.497009
3010332,14.586784
3010333,835.030945
3010334,1175.723999
3010335,241.109283
3010336,231.114212
3010337,134.661133
3010338,3755.203369
3010339,27.592037
3010340,1.212074
3010341,17.459841
3010342,27.316690
3010343,0.000000
3010344,235.606033
3010345,10.919803
3010346,27.583918
3010347,10.430118
3010348,59.948868
3010349,13.307473
3010350,355.578552
3010351,244.151733
3010352,15.697013
3010353,9.113053
3010354,469.630615
3010355,102.972710
3010356,3262.155273
3010357,0.949003
3010358,21.176455
3010359,2.435247
3010360,0.000000
3010361,3.215698
3010362,1938.388672
3010363,0.000000
3010364,360.602600
3010365,5.042891
3010366,349.872528
3010367,501.841431
3010368,121.508507
3010369,120.345779
3010370,76.781883
3010371,1712.510986
3010372,18.524235
3010373,0.975050
3010374,15.307889
3010375,12.182514
3010376,0.000000
3010377,95.315521
3010378,0.000000
3010379,14.854186
3010380,4.828155
3010381,136.905563
3010382,7.527668
3010383,170.134735
3010384,97.082359
3010385,3.123409
3010386,5.752574
3010387,149.913635
3010388,35.087379
3010389,1386.322388
3010390,3.215446
3010391,3.370352
3010392,3.133765
3010393,0.000000
3010394,0.030305
3010395,740.775635
3010396,0.000000
3010397,200.570541
3010398,4.328424
3010399,295.274841
3010400,225.005463
3010401,85.511856
3010402,29.908909
3010403,25.990288
3010404,1262.409424
3010405,5.035803
3010406,0.000000
3010407,9.619662
3010408,4.752240
3010409,0.000000
3010410,78.011353
3010411,0.000000
3010412,5.322220
3010413,0.954319
3010414,11.932673
3010415,0.000000
3010416,257.104523
3010417,97.842384
3010418,0.845460
3010419,0.809313
3010420,132.266388
3010421,16.855721
3010422,392.938690
3010423,2.836250
3010424,1.931472
3010425,6.181147
3010426,0.000000
3010427,4.917715
3010428,3321.928223
3010429,0.000000
3010430,613.021790
3010431,13.921993
3010432,833.017639
3010433,1020.036865
3010434,269.689758
3010435,262.672577
3010436,95.732323
3010437,4172.128418
3010438,29.970053
3010439,1.386312
3010440,16.540751
3010441,24.886431
3010442,0.000000
3010443,252.315689
3010444,6.617810
3010445,31.813656
3010446,8.104994
3010447,61.497086
3010448,5.247825
3010449,273.956207
3010450,257.896118
3010451,9.337357
3010452,8.562456
3010453,441.720642
3010454,74.622742
3010455,2779.749023
3010456,2.532123
3010457,15.972291
3010458,5.006907
3010459,0.000000
3010460,1.978837
3010461,3390.829102
3010462,0.000000
3010463,591.702515
3010464,10.445825
3010465,997.519714
3010466,802.503967
3010467,347.003571
3010468,288.278809
3010469,46.188171
3010470,4884.827637
3010471,13.689224
3010472,0.449713
3010473,25.531435
3010474,17.181170
3010475,0.463632
3010476,250.428375
3010477,0.000000
3010478,5.496221
3010479,4.561707
3010480,30.823505
3010481,1.171616
3010482,152.760956
3010483,253.841858
3010484,2.856532
3010485,3.716184
3010486,162.819275
3010487,88.126793
3010488,1271.551270
3010489,3.897420
3010490,4.183549
3010491,4.668084
3010492,0.038751
3010493,2.411430
3010494,2978.605469
3010495,0.000000
3010496,690.551758
3010497,2.180643
3010498,859.764465
3010499,662.118164
3010500,262.073456
3010501,404.098816
3010502,53.466377
3010503,3948.724121
3010504,15.043643
3010505,0.935608
3010506,22.795933
3010507,15.446403
3010508,0.000000
3010509,224.642593
3010510,0.000000
3010511,3.699354
3010512,4.204442
3010513,42.346188
3010514,1.384981
3010515,117.485428
3010516,243.613602
3010517,2.524144
3010518,4.137523
3010519,181.097107
3010520,59.799168
3010521,987.960388
3010522,3.473568
3010523,4.817097
3010524,9.073161
3010525,0.617706
3010526,17.620989
3010527,7739.023926
3010528,0.000000
3010529,1122.327881
3010530,22.259243
3010531,1626.565186
3010532,1921.744385
3010533,345.122498
3010534,454.605408
3010535,305.742126
3010536,7475.417480
3010537,74.733231
3010538,2.879544
3010539,48.918629
3010540,50.533012
3010541,0.000000
3010542,439.225983
3010543,45.111721
3010544,38.058277
3010545,20.185209
3010546,136.892838
3010547,25.864580
3010548,618.567688
3010549,444.007172
3010550,14.053465
3010551,22.938183
3010552,988.268372
3010553,202.594025
3010554,7446.871094
3010555,4.789332
3010556,73.928642
3010557,2.627854
3010558,0.000000
3010559,0.705228
3010560,1318.202393
3010561,0.000000
3010562,155.551605
3010563,3.239438
3010564,404.193817
3010565,268.855225
3010566,117.654320
3010567,183.317322
3010568,34.630188
3010569,1949.911377
3010570,4.975360
3010571,0.000000
3010572,12.619469
3010573,5.748767
3010574,0.000000
3010575,114.535759
3010576,0.252594
3010577,0.663784
3010578,2.409324
3010579,27.346989
3010580,0.497366
3010581,50.648006
3010582,78.485710
3010583,1.132474
3010584,3.416905
3010585,96.646637
3010586,19.639797
3010587,498.572113
3010588,0.000000
3010589,3.873309
3010590,6.207633
3010591,0.000000
3010592,1.529549
3010593,3268.705811
3010594,0.000000
3010595,505.880920
3010596,7.531491
3010597,997.796936
3010598,593.619446
3010599,204.662903
3010600,395.967896
3010601,59.091030
3010602,4231.684570
3010603,11.535672
3010604,0.136793
3010605,19.831829
3010606,15.794757
3010607,0.000000
3010608,253.825439
3010609,0.840487
3010610,3.761320
3010611,7.501699
3010612,13.458587
3010613,1.174202
3010614,348.001801
3010615,228.295349
3010616,2.650555
3010617,4.638801
3010618,104.227203
3010619,53.460228
3010620,1008.015137
3010621,2.827037
3010622,3.543445
3010623,1.326846
3010624,0.000000
3010625,1.987153
3010626,960.096436
3010627,0.000000
3010628,118.345032
3010629,2.378068
3010630,488.048859
3010631,159.549210
3010632,92.653397
3010633,452.169006
3010634,15.888256
3010635,1589.108765
3010636,1.349463
3010637,0.000000
3010638,6.522263
3010639,4.166175
3010640,0.000000
3010641,89.459862
3010642,0.000000
3010643,0.655867
3010644,1.557755
3010645,22.541309
3010646,0.000000
3010647,68.323982
3010648,71.218666
3010649,15.059995
3010650,1.299557
3010651,47.969818
3010652,9.692421
3010653,176.304321
3010654,0.730746
3010655,1.458032
3010656,6.116342
3010657,0.000000
3010658,2.127609
3010659,2319.755127
3010660,0.000000
3010661,238.403488
3010662,5.215238
3010663,860.125488
3010664,399.041229
3010665,153.544083
3010666,398.666748
3010667,39.622704
3010668,3023.513428
3010669,2.308522
3010670,0.318428
3010671,27.614830
3010672,14.708226
3010673,0.000000
3010674,193.709976
3010675,0.000000
3010676,1.557078
3010677,10.742230
3010678,14.993635
3010679,1.938924
3010680,210.708664
3010681,195.861633
3010682,1.409144
3010683,3.291120
3010684,169.983231
3010685,29.173244
3010686,1081.476562
3010687,0.055768
3010688,1.246804
3010689,3.476146
3010690,0.000000
3010691,2.417220
3010692,2437.659424
3010693,0.000000
3010694,639.895691
3010695,7.827137
3010696,886.397400
3010697,625.088623
3010698,232.078690
3010699,157.474274
3010700,57.670052
3010701,3988.046631
3010702,6.647410
3010703,2.638758
3010704,23.197180
3010705,33.026031
3010706,0.000000
3010707,190.648529
3010708,2.141299
3010709,7.743056
3010710,4.381794
3010711,21.075615
3010712,3.873981
3010713,175.704132
3010714,272.304321
3010715,3.332587
3010716,6.781343
3010717,134.725143
3010718,32.987076
3010719,578.787109
3010720,6.999286
3010721,3.214208
3010722,3.437206
3010723,0.000000
3010724,0.231147
3010725,1462.867432
3010726,0.000000
3010727,96.670067
3010728,1.667283
3010729,450.513031
3010730,160.245209
3010731,95.372841
3010732,257.788422
3010733,31.679958
3010734,2039.365967
3010735,4.098211
3010736,0.000000
3010737,7.000504
3010738,3.592990
3010739,0.000000
3010740,95.774864
3010741,0.000000
3010742,0.666427
3010743,0.250279
3010744,16.943457
3010745,0.258167
3010746,168.050690
3010747,92.980087
3010748,0.002853
3010749,0.548568
3010750,37.998924
3010751,19.260551
3010752,347.873230
3010753,0.004250
3010754,0.129573
3010755,3.878615
3010756,0.000000
3010757,1.657463
3010758,3271.295410
3010759,0.000000
3010760,461.967590
3010761,8.304343
3010762,700.573730
3010763,503.483887
3010764,168.722260
3010765,145.685120
3010766,79.299446
3010767,3723.745850
3010768,7.037950
3010769,0.008669
3010770,18.653503
3010771,9.295071
3010772,0.000000
3010773,187.644196
3010774,0.000000
3010775,14.712919
3010776,1.745050
3010777,39.184826
3010778,2.446567
3010779,203.906326
3010780,196.384918
3010781,3.219773
3010782,3.046740
3010783,120.002899
3010784,40.453175
3010785,1088.251587
3010786,3.779869
3010787,1.432366
3010788,3.286121
3010789,0.000000
3010790,9.042131
3010791,2520.491699
3010792,0.000000
3010793,517.685486
3010794,4.594572
3010795,809.629333
3010796,759.951782
3010797,143.606674
3010798,109.672066
3010799,85.552582
3010800,3250.131104
3010801,47.036167
3010802,1.310334
3010803,24.592897
3010804,21.690437
3010805,0.000000
3010806,216.078705
3010807,20.983381
3010808,20.621399
3010809,2.181072
3010810,83.567490
3010811,10.586521
3010812,193.195343
3010813,267.829956
3010814,11.332099
3010815,13.758558
3010816,232.458420
3010817,59.239624
3010818,2228.964844
3010819,0.370312
3010820,11.503732
3010821,4.576034
3010822,0.000000
3010823,7.659587
3010824,2008.114746
3010825,0.000000
3010826,443.270844
3010827,11.505234
3010828,800.817688
3010829,679.801208
3010830,146.684967
3010831,90.288231
3010832,95.974236
3010833,3324.623779
3010834,21.178251
3010835,1.008823
3010836,41.845982
3010837,24.416206
3010838,0.000000
3010839,297.098053
3010840,21.233587
3010841,12.600512
3010842,6.891717
3010843,63.365284
3010844,10.722306
3010845,157.515106
3010846,341.932800
3010847,6.886467
3010848,7.990627
3010849,118.232483
3010850,73.529716
3010851,1838.024658
3010852,20.265053
3010853,14.447744
3010854,7.312890
3010855,0.000000
3010856,3.557209
3010857,3500.592041
3010858,0.000000
3010859,693.045654
3010860,4.174781
3010861,1470.615601
3010862,573.084351
3010863,185.677002
3010864,1048.972290
3010865,54.406654
3010866,5167.872070
3010867,30.270157
3010868,1.496610
3010869,23.857075
3010870,16.777300
3010871,0.000000
3010872,299.691803
3010873,5.023509
3010874,13.064311
3010875,6.758552
3010876,35.493176
3010877,5.733073
3010878,134.512558
3010879,263.935059
3010880,4.796786
3010881,6.444741
3010882,194.671448
3010883,54.486610
3010884,1516.363892
3010885,12.460407
3010886,13.274672
3010887,2.786556
3010888,0.000000
3010889,5.410867
3010890,2241.007812
3010891,0.000000
3010892,308.303131
3010893,5.662056
3010894,666.977478
3010895,685.658813
3010896,158.925461
3010897,145.254105
3010898,63.297272
3010899,2824.274902
3010900,17.916370
3010901,1.004872
3010902,13.095306
3010903,7.667193
3010904,0.000000
3010905,176.973709
3010906,17.977957
3010907,15.485640
3010908,2.075990
3010909,53.580364
3010910,6.007074
3010911,308.374817
3010912,201.508270
3010913,5.524044
3010914,6.002137
3010915,345.677368
3010916,51.440865
3010917,1954.375732
3010918,0.099574
3010919,21.144943
3010920,3.376722
3010921,0.000000
3010922,2.289321
3010923,4589.795410
3010924,0.000000
3010925,461.487396
3010926,5.836648
3010927,1507.313232
3010928,679.771790
3010929,275.206482
3010930,254.951401
3010931,54.463642
3010932,5791.406250
3010933,7.073951
3010934,1.819098
3010935,24.341072
3010936,26.174685
3010937,0.000000
3010938,393.838562
3010939,0.000000
3010940,0.409722
3010941,9.011247
3010942,21.514225
3010943,2.439921
3010944,129.178665
3010945,308.331635
3010946,2.388868
3010947,8.756682
3010948,164.126297
3010949,58.244118
3010950,1045.123901
3010951,0.253787
3010952,6.724118
3010953,5.478568
3010954,0.000000
3010955,6.848890
3010956,2082.729736
3010957,0.000000
3010958,450.823578
3010959,7.966094
3010960,819.547729
3010961,686.005432
3010962,190.628647
3010963,140.753311
3010964,96.537918
3010965,3244.259277
3010966,25.768276
3010967,0.940242
3010968,18.075941
3010969,25.176008
3010970,0.000000
3010971,247.482880
3010972,11.854549
3010973,12.850286
3010974,5.843408
3010975,43.538322
3010976,10.668981
3010977,187.132614
3010978,253.493561
3010979,11.851449
3010980,7.754464
3010981,183.615341
3010982,51.264458
3010983,1966.936523
3010984,2.520649
3010985,6.351376
3010986,3.051195
3010987,0.000000
3010988,5.835787
3010989,2298.229004
3010990,0.000000
3010991,486.622437
3010992,8.020109
3010993,660.068481
3010994,728.842285
3010995,153.714722
3010996,121.003899
3010997,96.084274
3010998,2844.576172
3010999,26.912827
3011000,0.915307
3011001,16.537764
3011002,20.698614
3011003,0.000000
3011004,212.197891
3011005,11.562966
3011006,32.606907
3011007,4.503998
3011008,47.049995
3011009,10.619389
3011010,196.863510
3011011,220.109985
3011012,7.012524
3011013,7.157910
3011014,188.325943
3011015,44.134975
3011016,2288.944336
3011017,0.796609
3011018,12.473765
3011019,4.769310
3011020,0.000000
3011021,4.001935
3011022,5693.814941
3011023,0.000000
3011024,532.792542
3011025,12.121473
3011026,1293.945557
3011027,746.281067
3011028,309.825958
3011029,345.136688
3011030,52.952106
3011031,5127.943848
3011032,11.495836
3011033,0.000000
3011034,18.584324
3011035,20.540043
3011036,0.000000
3011037,265.789368
3011038,0.000000
3011039,7.501866
3011040,1.774353
3011041,59.278416
3011042,1.465254
3011043,224.493256
3011044,306.611755
3011045,2.591740
3011046,1.542055
3011047,198.881668
3011048,144.257401
3011049,1298.019531
3011050,5.106100
3011051,0.675450
3011052,12.827181
3011053,0.000000
3011054,13.365957
3011055,8472.421875
3011056,0.000000
3011057,1479.454224
3011058,22.137897
3011059,2086.977539
3011060,2229.715576
3011061,446.024597
3011062,498.617737
3011063,349.064087
3011064,8785.492188
3011065,72.541855
3011066,3.132594
3011067,95.759773
3011068,90.993202
3011069,0.000000
3011070,583.420349
3011071,24.180838
3011072,21.043827
3011073,48.675804
3011074,217.532745
3011075,22.220171
3011076,696.758789
3011077,484.590179
3011078,31.131596
3011079,32.422714
3011080,1024.829590
3011081,271.700012
3011082,8517.926758
3011083,248.399521
3011084,89.593315
3011085,14.268575
3011086,0.000000
3011087,13.097146
3011088,8368.445312
3011089,0.000000
3011090,1040.353149
3011091,18.088610
3011092,2354.542725
3011093,1887.120972
3011094,618.136475
3011095,394.701660
3011096,265.296967
3011097,10307.836914
3011098,93.276871
3011099,1.169016
3011100,51.927769
3011101,73.291634
3011102,0.958163
3011103,529.302063
3011104,22.522058
3011105,24.446114
3011106,14.326012
3011107,162.447235
3011108,16.741779
3011109,903.392029
3011110,745.871094
3011111,18.815176
3011112,25.496632
3011113,1160.233398
3011114,214.316269
3011115,5818.282715
3011116,471.225220
3011117,72.886871
3011118,10.049306
3011119,0.000000
3011120,18.995255
3011121,5252.880859
3011122,0.000000
3011123,774.323914
3011124,12.736984
3011125,1994.022217
3011126,1521.928345
3011127,687.789062
3011128,145.041885
3011129,215.334381
3011130,8295.387695
3011131,35.683857
3011132,2.956574
3011133,29.808132
3011134,22.972584
3011135,0.166664
3011136,507.417969
3011137,22.492207
3011138,19.927940
3011139,8.375518
3011140,103.791824
3011141,11.697134
3011142,885.232666
3011143,686.306091
3011144,17.526802
3011145,35.009937
3011146,678.703979
3011147,118.029556
3011148,2583.557129
3011149,288.910034
3011150,35.829548
3011151,13.756870
3011152,0.000000
3011153,20.190083
3011154,7858.793457
3011155,0.000000
3011156,1068.093262
3011157,17.894762
3011158,2126.257080
3011159,1769.904541
3011160,583.009766
3011161,307.583618
3011162,204.304169
3011163,9087.836914
3011164,42.705303
3011165,1.142812
3011166,52.743576
3011167,66.990067
3011168,0.416320
3011169,500.146149
3011170,22.590515
3011171,26.681343
3011172,29.835854
3011173,137.779297
3011174,12.101181
3011175,696.599609
3011176,662.815369
3011177,18.659418
3011178,23.342075
3011179,1027.797607
3011180,235.055710
3011181,5181.745605
3011182,392.330139
3011183,70.151970
3011184,9.848362
3011185,0.000000
3011186,17.319736
3011187,4109.847656
3011188,0.000000
3011189,748.137390
3011190,10.682229
3011191,1878.154663
3011192,1038.957642
3011193,498.015411
3011194,112.675781
3011195,157.014587
3011196,7234.717773
3011197,30.384359
3011198,0.000000
3011199,27.456501
3011200,25.084444
3011201,0.000000
3011202,441.477478
3011203,23.663019
3011204,9.570004
3011205,5.363210
3011206,78.982529
3011207,5.710184
3011208,790.093323
3011209,679.181885
3011210,14.751834
3011211,18.021055
3011212,734.507629
3011213,90.207901
3011214,1781.127197
3011215,286.107880
3011216,19.344965
3011217,10.184550
3011218,0.000000
3011219,12.828900
3011220,6273.439453
3011221,0.000000
3011222,1143.468506
3011223,25.530769
3011224,1723.639771
3011225,2055.975586
3011226,398.701843
3011227,458.382111
3011228,275.732025
3011229,7465.725098
3011230,71.917923
3011231,1.309298
3011232,46.999504
3011233,45.832138
3011234,0.000000
3011235,442.043152
3011236,13.849420
3011237,22.932972
3011238,8.182289
3011239,171.187576
3011240,21.409872
3011241,736.557068
3011242,501.654297
3011243,17.637960
3011244,26.736507
3011245,976.720581
3011246,201.217911
3011247,7283.064941
3011248,267.974365
3011249,74.525017
3011250,5.262189
3011251,0.000000
3011252,7.681092
3011253,1755.370483
3011254,0.000000
3011255,314.559753
3011256,21.562195
3011257,751.375916
3011258,533.373047
3011259,201.292038
3011260,75.710495
3011261,73.409706
3011262,2901.041016
3011263,23.397825
3011264,0.999688
3011265,23.648884
3011266,19.705523
3011267,0.000000
3011268,215.561676
3011269,12.156899
3011270,8.646154
3011271,11.738991
3011272,39.105915
3011273,8.672628
3011274,230.257980
3011275,235.463058
3011276,2.943228
3011277,6.236534
3011278,196.230850
3011279,59.250141
3011280,1388.661133
3011281,2.935770
3011282,8.883677
3011283,7.643661
3011284,0.000000
3011285,12.194099
3011286,3907.333984
3011287,0.000000
3011288,511.064301
3011289,24.852499
3011290,1516.250000
3011291,1014.111694
3011292,401.395477
3011293,113.471306
3011294,120.959267
3011295,6147.464355
3011296,58.123787
3011297,1.122502
3011298,46.134323
3011299,24.014002
3011300,0.000000
3011301,383.700714
3011302,11.901484
3011303,7.404022
3011304,3.644413
3011305,102.779091
3011306,9.877621
3011307,500.825592
3011308,495.392517
3011309,11.404817
3011310,19.048351
3011311,386.236023
3011312,75.597595
3011313,2137.248779
3011314,266.710175
3011315,12.233070
3011316,5.653066
3011317,0.000000
3011318,5.377561
3011319,4206.344727
3011320,0.000000
3011321,838.553589
3011322,8.886473
3011323,1256.840942
3011324,1509.453003
3011325,233.189789
3011326,363.401062
3011327,194.713287
3011328,4618.776367
3011329,46.323208
3011330,1.049950
3011331,21.964607
3011332,44.575130
3011333,0.000000
3011334,308.632660
3011335,2.131240
3011336,36.300587
3011337,3.892868
3011338,69.435966
3011339,10.056109
3011340,508.631775
3011341,303.748749
3011342,16.614822
3011343,9.241035
3011344,688.347046
3011345,121.178848
3011346,4668.797363
3011347,4.013762
3011348,35.933151
3011349,7.712132
3011350,0.000000
3011351,9.803258
3011352,4246.727051
3011353,0.000000
3011354,819.310364
3011355,10.339951
3011356,1308.735962
3011357,1112.264648
3011358,346.532074
3011359,210.965179
3011360,248.338760
3011361,5545.671875
3011362,31.740969
3011363,3.096430
3011364,36.278404
3011365,35.068680
3011366,0.000000
3011367,301.666443
3011368,6.470219
3011369,39.905842
3011370,9.641327
3011371,183.024399
3011372,10.823123
3011373,414.856903
3011374,270.585388
3011375,12.452097
3011376,19.113815
3011377,423.079010
3011378,130.858536
3011379,4207.233887
3011380,5.636809
3011381,6.491922
3011382,5.120451
3011383,0.000000
3011384,4.643808
3011385,1836.047974
3011386,0.000000
3011387,398.969788
3011388,5.528231
3011389,740.733337
3011390,437.266754
3011391,195.501694
3011392,88.655373
3011393,95.349655
3011394,2851.141113
3011395,12.748613
3011396,0.995515
3011397,21.447006
3011398,20.198715
3011399,0.000000
3011400,181.275848
3011401,5.815360
3011402,10.308302
3011403,4.966376
3011404,46.821404
3011405,3.870086
3011406,231.892136
3011407,198.284668
3011408,3.600983
3011409,4.463986
3011410,156.825058
3011411,50.447685
3011412,1632.026245
3011413,0.314076
3011414,3.814519
3011415,6.043880
3011416,0.000000
3011417,1.597408
3011418,3724.104980
3011419,0.000000
3011420,263.435089
3011421,3.255267
3011422,1123.259888
3011423,264.541595
3011424,203.181870
3011425,79.379181
3011426,23.092800
3011427,3387.761475
3011428,9.617826
3011429,0.425612
3011430,22.610052
3011431,10.924775
3011432,0.000000
3011433,201.846161
3011434,0.000000
3011435,1.931144
3011436,3.199611
3011437,16.450171
3011438,1.849136
3011439,52.476284
3011440,188.217606
3011441,0.000000
3011442,1.608249
3011443,54.916676
3011444,101.058311
3011445,588.640747
3011446,0.209935
3011447,2.587968
3011448,5.144430
3011449,0.000000
3011450,5.959303
3011451,3009.653076
3011452,0.000000
3011453,494.973572
3011454,10.558691
3011455,1032.977417
3011456,816.450317
3011457,301.412506
3011458,169.369400
3011459,118.663101
3011460,4524.422363
3011461,30.664394
3011462,0.666896
3011463,23.551029
3011464,37.475754
3011465,0.000000
3011466,292.314270
3011467,18.095358
3011468,12.564520
3011469,10.419075
3011470,52.959522
3011471,6.666773
3011472,395.599182
3011473,301.375824
3011474,6.561155
3011475,12.459972
3011476,490.573730
3011477,74.930824
3011478,2357.031738
3011479,0.190419
3011480,32.175243
3011481,4.091002
3011482,0.000000
3011483,6.926512
3011484,3641.926270
3011485,0.000000
3011486,632.838257
3011487,16.842554
3011488,965.746887
3011489,1215.410156
3011490,189.004120
3011491,284.921844
3011492,195.431854
3011493,3632.369385
3011494,34.650635
3011495,2.701265
3011496,25.974714
3011497,37.188366
3011498,0.832239
3011499,232.250076
3011500,14.966016
3011501,33.784145
3011502,7.342894
3011503,109.690811
3011504,16.424618
3011505,463.147064
3011506,268.274658
3011507,8.160801
3011508,13.015041
3011509,591.128113
3011510,132.458405
3011511,5220.718750
3011512,0.912470
3011513,47.792465
3011514,3.912576
3011515,0.000000
3011516,10.004996
3011517,3990.795166
3011518,0.000000
3011519,691.079102
3011520,16.321091
3011521,991.214233
3011522,1281.766357
3011523,247.953857
3011524,272.412994
3011525,154.267258
3011526,4383.047363
3011527,42.416328
3011528,3.368074
3011529,31.250174
3011530,44.422989
3011531,0.000000
3011532,302.595001
3011533,23.990086
3011534,32.538906
3011535,21.249296
3011536,102.337883
3011537,17.163603
3011538,399.500031
3011539,346.880157
3011540,16.584013
3011541,17.313925
3011542,520.574585
3011543,146.416321
3011544,4130.907227
3011545,5.010435
3011546,30.134399
3011547,9.998991
3011548,0.000000
3011549,7.680285
3011550,3386.540283
3011551,0.000000
3011552,493.590485
3011553,10.956944
3011554,1533.852417
3011555,728.229980
3011556,486.735443
3011557,246.279755
3011558,74.507256
3011559,5930.912598
3011560,9.679736
3011561,1.229846
3011562,50.206490
3011563,32.509048
3011564,0.000000
3011565,384.825775
3011566,10.547985
3011567,6.039402
3011568,7.087126
3011569,35.170437
3011570,5.107079
3011571,343.941681
3011572,390.084595
3011573,3.395323
3011574,6.619446
3011575,341.941071
3011576,99.462708
3011577,1466.862671
3011578,153.818268
3011579,14.426602
3011580,3.528797
3011581,0.000000
3011582,3.248926
3011583,1984.425293
3011584,0.000000
3011585,324.615692
3011586,14.516865
3011587,630.908264
3011588,550.342834
3011589,128.760468
3011590,125.508415
3011591,106.321930
3011592,2387.552734
3011593,20.143129
3011594,1.531090
3011595,18.142073
3011596,25.912483
3011597,0.000000
3011598,177.315445
3011599,13.245226
3011600,18.338505
3011601,7.447503
3011602,81.050331
3011603,5.823548
3011604,265.609924
3011605,147.338364
3011606,3.528226
3011607,9.406009
3011608,274.681091
3011609,60.770374
3011610,2097.390869
3011611,0.314314
3011612,27.628883
3011613,1.474971
3011614,0.000000
3011615,2.305041
3011616,1432.421143
3011617,0.000000
3011618,102.445229
3011619,2.689219
3011620,613.866516
3011621,269.661652
3011622,224.600281
3011623,31.815371
3011624,28.661932
3011625,2527.157959
3011626,3.096185
3011627,0.000000
3011628,7.125568
3011629,8.010598
3011630,0.000000
3011631,153.580597
3011632,3.882814
3011633,1.475355
3011634,1.764059
3011635,10.052338
3011636,0.175711
3011637,183.031036
3011638,156.407761
3011639,0.310276
3011640,3.300876
3011641,123.952606
3011642,24.048677
3011643,324.876251
3011644,59.747047
3011645,2.636101
3011646,5.888437
3011647,0.000000
3011648,3.728018
3011649,4319.543945
3011650,0.000000
3011651,810.567871
3011652,10.272024
3011653,1811.069458
3011654,527.719421
3011655,495.713226
3011656,363.499695
3011657,72.881866
3011658,6788.461426
3011659,18.155031
3011660,0.409700
3011661,21.021875
3011662,15.924775
3011663,0.000000
3011664,433.024933
3011665,7.587509
3011666,4.676755
3011667,8.384240
3011668,24.302847
3011669,2.019729
3011670,619.498535
3011671,373.802368
3011672,1.414233
3011673,12.733795
3011674,435.969208
3011675,83.907806
3011676,2336.183838
3011677,20.706821
3011678,6.435013
3011679,3.863327
3011680,0.000000
3011681,0.943948
3011682,1486.668579
3011683,0.000000
3011684,168.049301
3011685,8.611120
3011686,880.132935
3011687,347.542328
3011688,182.942902
3011689,40.828747
3011690,33.486595
3011691,2572.948730
3011692,4.882469
3011693,0.000000
3011694,12.619903
3011695,16.471439
3011696,0.000000
3011697,152.412704
3011698,9.050127
3011699,1.532873
3011700,9.158872
3011701,27.475161
3011702,1.796794
3011703,164.466583
3011704,176.085770
3011705,0.750379
3011706,5.226688
3011707,145.036057
3011708,33.951328
3011709,434.385345
3011710,8.853066
3011711,3.581242
3011712,3.527721
3011713,0.000000
3011714,3.393342
3011715,1332.215576
3011716,0.000000
3011717,133.667755
3011718,4.467640
3011719,741.237549
3011720,260.886780
3011721,153.386124
3011722,30.253185
3011723,23.420135
3011724,2384.893555
3011725,7.230953
3011726,0.000000
3011727,11.087633
3011728,6.403970
3011729,0.000000
3011730,121.406807
3011731,1.700882
3011732,1.454030
3011733,1.916112
3011734,24.904207
3011735,0.991809
3011736,192.302338
3011737,167.446503
3011738,0.139773
3011739,3.254027
3011740,88.492516
3011741,19.282467
3011742,248.150864
3011743,10.812497
3011744,1.354390
3011745,3.171204
3011746,0.000000
3011747,1.517339
3011748,1504.276855
3011749,0.000000
3011750,180.439117
3011751,6.301443
3011752,856.635254
3011753,316.940857
3011754,240.544617
3011755,29.777857
3011756,35.346943
3011757,2934.717041
3011758,5.188235
3011759,0.000000
3011760,8.535655
3011761,16.751984
3011762,0.000000
3011763,163.907990
3011764,1.458047
3011765,2.232569
3011766,4.468845
3011767,16.200964
3011768,3.903072
3011769,179.006973
3011770,228.524582
3011771,0.664231
3011772,5.188396
3011773,53.521961
3011774,95.459305
3011775,529.656372
3011776,0.000000
3011777,5.045085
3011778,3.224229
3011779,1.564369
3011780,3.481279
3011781,1713.808960
3011782,0.000000
3011783,143.432068
3011784,3.363375
3011785,759.157043
3011786,313.743805
3011787,235.637131
3011788,94.839653
3011789,58.195862
3011790,2581.474854
3011791,6.756116
3011792,0.817273
3011793,13.156725
3011794,17.627476
3011795,0.000000
3011796,210.067688
3011797,7.582143
3011798,2.319534
3011799,4.930095
3011800,15.347220
3011801,2.695899
3011802,135.629593
3011803,180.268265
3011804,0.000000
3011805,4.242183
3011806,105.571953
3011807,49.770844
3011808,928.083008
3011809,18.967270
3011810,5.865880
3011811,3.845056
3011812,0.000000
3011813,0.455334
3011814,1297.419800
3011815,0.000000
3011816,160.772675
3011817,4.061241
3011818,737.702515
3011819,219.652588
3011820,159.437851
3011821,100.107315
3011822,23.178518
3011823,1914.957520
3011824,2.940881
3011825,0.000000
3011826,10.785273
3011827,13.124176
3011828,0.000000
3011829,144.559921
3011830,0.000000
3011831,2.199234
3011832,2.736353
3011833,15.122377
3011834,2.267528
3011835,53.675400
3011836,120.957855
3011837,0.014487
3011838,2.662192
3011839,67.417747
3011840,34.716133
3011841,856.678162
3011842,0.803322
3011843,2.044640
3011844,5.982304
3011845,0.033161
3011846,2.454454
3011847,2851.219727
3011848,0.000000
3011849,308.629761
3011850,4.441601
3011851,1146.316406
3011852,677.346558
3011853,434.847443
3011854,187.269440
3011855,95.903175
3011856,4391.517578
3011857,11.625332
3011858,1.390529
3011859,20.813719
3011860,20.552778
3011861,0.000000
3011862,256.677368
3011863,0.000000
3011864,1.464753
3011865,6.602540
3011866,21.032997
3011867,3.520889
3011868,262.244263
3011869,256.341614
3011870,0.693720
3011871,5.942838
3011872,307.300293
3011873,58.437275
3011874,2229.545898
3011875,54.573177
3011876,11.991682
3011877,1.955280
3011878,0.022961
3011879,3.955292
3011880,2012.248535
3011881,0.000000
3011882,503.153351
3011883,7.017457
3011884,496.008636
3011885,530.786194
3011886,179.376846
3011887,154.742950
3011888,47.642258
3011889,2763.170166
3011890,9.678386
3011891,0.859696
3011892,13.889319
3011893,18.479170
3011894,0.000000
3011895,150.653900
3011896,7.356086
3011897,3.788334
3011898,6.394283
3011899,37.618973
3011900,1.921660
3011901,78.981293
3011902,144.036377
3011903,2.329894
3011904,6.323133
3011905,154.163574
3011906,53.823391
3011907,3073.018311
3011908,46.760052
3011909,12.083347
3011910,5.379486
3011911,0.000000
3011912,3.612096
3011913,2419.027100
3011914,0.000000
3011915,185.550903
3011916,6.081940
3011917,842.868469
3011918,311.578796
3011919,270.594849
3011920,57.590656
3011921,39.528606
3011922,3181.755371
3011923,11.861647
3011924,1.123345
3011925,10.975406
3011926,12.776159
3011927,0.000000
3011928,165.079056
3011929,7.502393
3011930,2.166244
3011931,3.930356
3011932,27.705507
3011933,3.254155
3011934,152.517532
3011935,160.707153
3011936,0.882011
3011937,4.339664
3011938,113.542923
3011939,28.110817
3011940,554.710632
3011941,19.578360
3011942,5.400342
3011943,4.561267
3011944,0.000000
3011945,7.263455
3011946,2315.432617
3011947,0.000000
3011948,522.008606
3011949,8.622470
3011950,743.511963
3011951,692.376770
3011952,189.155563
3011953,144.619537
3011954,79.154678
3011955,3185.507812
3011956,26.951431
3011957,0.772725
3011958,17.765778
3011959,17.643959
3011960,0.000000
3011961,192.341476
3011962,19.369101
3011963,12.870732
3011964,4.227363
3011965,59.404415
3011966,8.652564
3011967,393.325439
3011968,219.222610
3011969,6.636782
3011970,6.425377
3011971,393.683868
3011972,99.359512
3011973,1916.388672
3011974,0.000000
3011975,29.875660
3011976,6.802054
3011977,0.000000
3011978,5.002793
3011979,3415.981934
3011980,0.000000
3011981,440.662292
3011982,5.583908
3011983,1275.902222
3011984,574.167725
3011985,501.297119
3011986,82.797272
3011987,55.961716
3011988,4920.793945
3011989,9.702533
3011990,0.100663
3011991,16.831390
3011992,13.291240
3011993,0.000000
3011994,256.517029
3011995,1.716663
3011996,10.361122
3011997,5.655632
3011998,30.455334
3011999,2.048554
3012000,264.500610
3012001,340.597687
3012002,2.408356
3012003,5.169920
3012004,253.841248
3012005,55.009319
3012006,1231.041992
3012007,52.994041
3012008,9.122809
3012009,8.490156
3012010,0.000000
3012011,4.867725
3012012,3191.772949
3012013,0.000000
3012014,437.818054
3012015,4.562702
3012016,1126.070557
3012017,515.515015
3012018,307.828247
3012019,234.529404
3012020,70.091515
3012021,4038.655762
3012022,11.133497
3012023,0.000000
3012024,29.945532
3012025,25.232759
3012026,0.000000
3012027,299.375488
3012028,3.293091
3012029,5.577739
3012030,9.029555
3012031,60.755871
3012032,2.308265
3012033,108.131187
3012034,260.782471
3012035,1.595397
3012036,6.333620
3012037,152.165588
3012038,142.906433
3012039,2304.488770
3012040,0.000000
3012041,4.844603
3012042,3.738383
3012043,0.000000
3012044,1.980784
3012045,1748.018677
3012046,0.000000
3012047,121.652573
3012048,5.382721
3012049,630.535156
3012050,265.314423
3012051,144.529877
3012052,49.140778
3012053,48.953739
3012054,2410.143066
3012055,7.284077
3012056,0.569593
3012057,24.436068
3012058,18.591890
3012059,0.000000
3012060,154.521896
3012061,0.942333
3012062,1.649881
3012063,3.548799
3012064,34.714531
3012065,3.889675
3012066,100.410599
3012067,143.264816
3012068,0.616929
3012069,4.324564
3012070,145.436630
3012071,29.212147
3012072,580.909668
3012073,19.815189
3012074,2.268752
3012075,1.617575
3012076,0.000000
3012077,2.728451
3012078,1252.229614
3012079,0.000000
3012080,244.698730
3012081,8.588209
3012082,456.343567
3012083,462.396301
3012084,105.170479
3012085,48.633511
3012086,54.769135
3012087,1798.402832
3012088,19.460892
3012089,0.000000
3012090,8.610456
3012091,10.786052
3012092,0.000000
3012093,119.899483
3012094,12.530842
3012095,1.864582
3012096,5.075861
3012097,43.485546
3012098,4.351346
3012099,619.571350
3012100,146.934937
3012101,2.549016
3012102,4.030637
3012103,330.288971
3012104,27.907419
3012105,1027.886719
3012106,0.000000
3012107,7.205245
3012108,2.771178
3012109,0.000000
3012110,5.938544
3012111,3095.694092
3012112,0.000000
3012113,695.192261
3012114,15.017548
3012115,950.134766
3012116,1153.609741
3012117,234.051926
3012118,204.422928
3012119,130.494400
3012120,3727.093750
3012121,25.429882
3012122,1.088981
3012123,19.824421
3012124,27.080465
3012125,0.000000
3012126,229.644379
3012127,12.644667
3012128,27.431042
3012129,8.795226
3012130,64.930321
3012131,12.299229
3012132,351.651154
3012133,263.917450
3012134,15.714401
3012135,8.941902
3012136,458.201294
3012137,99.333237
3012138,3088.401367
3012139,1.029925
3012140,23.439611
3012141,2.601585
3012142,0.000000
3012143,3.329168
3012144,1648.642578
3012145,0.000000
3012146,309.008789
3012147,5.318270
3012148,346.032257
3012149,454.060303
3012150,120.482468
3012151,99.941071
3012152,61.172337
3012153,1499.729004
3012154,16.044079
3012155,0.772244
3012156,14.726293
3012157,11.367178
3012158,0.000000
3012159,75.896790
3012160,0.000000
3012161,15.013295
3012162,4.801693
3012163,136.276962
3012164,6.666005
3012165,153.169876
3012166,101.054741
3012167,2.798486
3012168,4.437172
3012169,142.370560
3012170,31.955900
3012171,1152.968384
3012172,3.830482
3012173,3.340946
3012174,3.179698
3012175,0.000000
3012176,0.021587
3012177,907.147400
3012178,0.000000
3012179,221.218536
3012180,4.468260
3012181,295.766541
3012182,210.242630
3012183,71.021942
3012184,29.403786
3012185,27.099642
3012186,1196.877319
3012187,5.020862
3012188,0.000000
3012189,8.271491
3012190,6.953612
3012191,0.000000
3012192,70.194962
3012193,0.000000
3012194,4.985630
3012195,0.989183
3012196,15.460196
3012197,0.000000
3012198,223.383331
3012199,105.712799
3012200,0.710958
3012201,0.656105
3012202,112.390656
3012203,19.817230
3012204,386.549774
3012205,2.124512
3012206,2.055497
3012207,6.238689
3012208,0.000000
3012209,3.404986
3012210,2694.882568
3012211,0.000000
3012212,512.444885
3012213,13.280340
3012214,739.635498
3012215,845.331726
3012216,265.756775
3012217,203.903839
3012218,79.458687
3012219,3524.064453
3012220,24.313580
3012221,1.797180
3012222,17.166494
3012223,23.168633
3012224,0.000000
3012225,217.953537
3012226,6.420787
3012227,30.344397
3012228,8.326604
3012229,77.514488
3012230,5.030279
3012231,236.666153
3012232,224.757797
3012233,7.856924
3012234,7.667833
3012235,350.928162
3012236,72.908348
3012237,2194.480469
3012238,2.343039
3012239,14.087594
3012240,4.799208
3012241,0.000000
3012242,2.957627
3012243,3256.133057
3012244,0.000000
3012245,613.860962
3012246,10.297537
3012247,1144.763550
3012248,888.070435
3012249,348.821075
3012250,297.808807
3012251,56.622971
3012252,4705.462891
3012253,13.145608
3012254,0.533404
3012255,25.761965
3012256,14.802173
3012257,0.658558
3012258,255.500748
3012259,0.000000
3012260,7.310387
3012261,4.315554
3012262,33.092064
3012263,1.185136
3012264,181.363953
3012265,296.534912
3012266,2.879165
3012267,3.923733
3012268,207.814819
3012269,90.354584
3012270,2750.445801
3012271,4.322190
3012272,4.810973
3012273,4.590301
3012274,0.000000
3012275,3.250448
3012276,3211.635498
3012277,0.000000
3012278,734.153687
3012279,4.793820
3012280,887.748352
3012281,699.605835
3012282,261.342560
3012283,226.250473
3012284,55.217609
3012285,3977.527344
3012286,16.737564
3012287,0.921717
3012288,21.535461
3012289,15.467646
3012290,0.000000
3012291,221.260895
3012292,0.000000
3012293,5.786048
3012294,4.222908
3012295,38.749382
3012296,1.377069
3012297,119.704498
3012298,248.509445
3012299,2.931334
3012300,4.043576
3012301,185.004593
3012302,71.587753
3012303,2415.071777
3012304,3.716268
3012305,4.462029
3012306,9.924299
3012307,0.848702
3012308,13.305564
3012309,6574.770020
3012310,0.000000
3012311,1010.198181
3012312,25.525843
3012313,1636.554810
3012314,1655.742432
3012315,341.295441
3012316,403.915222
3012317,265.637024
3012318,6536.378906
3012319,69.700165
3012320,2.739978
3012321,37.031761
3012322,43.862423
3012323,0.000000
3012324,429.481476
3012325,33.188164
3012326,51.556862
3012327,22.535725
3012328,138.331482
3012329,24.199453
3012330,620.266968
3012331,436.390350
3012332,14.826577
3012333,21.794817
3012334,898.623901
3012335,223.879578
3012336,6213.709961
3012337,4.938239
3012338,73.724174
3012339,2.788030
3012340,0.000000
3012341,0.719186
3012342,1796.033203
3012343,0.000000
3012344,164.668472
3012345,3.515307
3012346,558.141235
3012347,273.199341
3012348,119.797112
3012349,107.027412
3012350,47.652603
3012351,2122.337646
3012352,3.756495
3012353,0.000000
3012354,12.553088
3012355,6.682839
3012356,0.000000
3012357,157.612335
3012358,0.194239
3012359,0.714942
3012360,2.533142
3012361,21.180372
3012362,0.530086
3012363,61.752167
3012364,82.375580
3012365,0.946956
3012366,3.633468
3012367,101.976562
3012368,26.828367
3012369,1150.667969
3012370,0.000000
3012371,3.174271
3012372,6.242557
3012373,0.000000
3012374,1.419200
3012375,3678.991699
3012376,0.000000
3012377,555.187134
3012378,7.365533
3012379,1043.890259
3012380,638.805725
3012381,216.920059
3012382,308.010315
3012383,78.291550
3012384,4394.889160
3012385,9.841371
3012386,0.005588
3012387,18.159861
3012388,17.323236
3012389,0.000000
3012390,254.520447
3012391,0.901343
3012392,5.592939
3012393,9.082312
3012394,16.515764
3012395,1.323108
3012396,346.953308
3012397,254.329041
3012398,2.570287
3012399,5.111185
3012400,112.140472
3012401,54.345291
3012402,2560.876953
3012403,3.642973
3012404,3.857681
3012405,1.386101
3012406,0.000000
3012407,2.072445
3012408,1000.732422
3012409,0.000000
3012410,99.090012
3012411,2.733256
3012412,474.965881
3012413,142.669205
3012414,93.212585
3012415,164.534058
3012416,15.466398
3012417,1840.241333
3012418,1.228924
3012419,0.000000
3012420,6.423814
3012421,3.790552
3012422,0.000000
3012423,76.632317
3012424,0.000000
3012425,0.903832
3012426,1.568030
3012427,13.712819
3012428,0.000000
3012429,70.280014
3012430,71.935989
3012431,2.609525
3012432,1.077571
3012433,55.548748
3012434,8.857407
3012435,375.049377
3012436,0.802605
3012437,1.453097
3012438,6.613199
3012439,0.000000
3012440,2.100265
3012441,2334.232666
3012442,0.000000
3012443,229.879654
3012444,4.374674
3012445,964.986877
3012446,395.665070
3012447,179.465836
3012448,135.247208
3012449,49.778259
3012450,3049.857910
3012451,2.003776
3012452,0.132895
3012453,23.957150
3012454,14.475406
3012455,0.000000
3012456,184.954605
3012457,0.000000
3012458,1.713360
3012459,10.496631
3012460,20.303982
3012461,2.205364
3012462,209.398636
3012463,182.487732
3012464,1.236792
3012465,3.355807
3012466,199.531479
3012467,32.123238
3012468,2125.071777
3012469,0.000000
3012470,1.283082
3012471,3.141096
3012472,0.000000
3012473,2.449462
3012474,2189.890137
3012475,0.000000
3012476,633.920593
3012477,7.280030
3012478,753.896057
3012479,561.495911
3012480,205.310455
3012481,126.196281
3012482,59.299618
3012483,3818.319336
3012484,6.353611
3012485,2.949344
3012486,23.885979
3012487,34.420704
3012488,0.000000
3012489,187.698273
3012490,2.006147
3012491,8.415232
3012492,3.835327
3012493,21.706966
3012494,3.608824
3012495,167.906448
3012496,259.932129
3012497,3.117427
3012498,5.427570
3012499,125.090195
3012500,33.197063
3012501,922.328125
3012502,7.236460
3012503,3.000384
3012504,3.273134
3012505,0.000000
3012506,0.328685
3012507,1226.267822
3012508,0.000000
3012509,102.221443
3012510,1.772973
3012511,361.899384
3012512,144.605530
3012513,92.489525
3012514,127.790382
3012515,31.448746
3012516,1840.423584
3012517,2.783744
3012518,0.000000
3012519,6.520874
3012520,3.700260
3012521,0.000000
3012522,97.015701
3012523,0.000000
3012524,0.734576
3012525,0.389377
3012526,17.568453
3012527,0.162514
3012528,192.508835
3012529,94.431847
3012530,0.000000
3012531,0.542783
3012532,39.657207
3012533,17.027651
3012534,650.261475
3012535,0.071453
3012536,0.132914
3012537,3.643230
3012538,0.000000
3012539,1.703188
3012540,3426.987793
3012541,0.000000
3012542,560.451111
3012543,6.997362
3012544,811.923950
3012545,625.475342
3012546,192.107849
3012547,137.527008
3012548,53.317192
3012549,4154.430176
3012550,7.659865
3012551,0.000000
3012552,21.619837
3012553,10.249021
3012554,0.000000
3012555,182.801819
3012556,0.000000
3012557,22.160746
3012558,2.003063
3012559,41.981842
3012560,2.518398
3012561,233.419907
3012562,190.122940
3012563,3.110502
3012564,3.521676
3012565,138.919693
3012566,50.622532
3012567,2791.802490
3012568,3.895938
3012569,1.593869
3012570,3.033585
3012571,0.000000
3012572,7.199545
3012573,2391.598389
3012574,0.000000
3012575,512.728760
3012576,5.331235
3012577,828.525818
3012578,749.584167
3012579,134.421753
3012580,118.698326
3012581,102.291916
3012582,3479.445557
3012583,45.787354
3012584,1.329988
3012585,24.581039
3012586,23.996576
3012587,0.000000
3012588,216.145905
3012589,19.763365
3012590,22.496037
3012591,2.105565
3012592,83.271645
3012593,10.798413
3012594,220.007324
3012595,259.200439
3012596,8.625155
3012597,11.889945
3012598,231.054352
3012599,71.557182
3012600,2153.222412
3012601,0.493829
3012602,10.883423
3012603,4.419553
3012604,0.000000
3012605,8.477574
3012606,1954.395264
3012607,0.000000
3012608,399.167694
3012609,10.431639
3012610,738.944580
3012611,673.068848
3012612,127.793350
3012613,72.534477
3012614,96.155090
3012615,3059.772705
3012616,22.227734
3012617,1.000399
3012618,30.751307
3012619,23.691017
3012620,0.000000
3012621,259.088623
3012622,20.697943
3012623,14.243016
3012624,7.859056
3012625,65.381256
3012626,10.374955
3012627,118.471886
3012628,299.030334
3012629,6.637719
3012630,8.981524
3012631,98.856804
3012632,71.819794
3012633,1643.434937
3012634,13.284548
3012635,13.039510
3012636,6.888490
3012637,0.000000
3012638,3.344234
3012639,3269.831543
3012640,0.000000
3012641,600.202026
3012642,4.144031
3012643,1353.885254
3012644,541.027832
3012645,185.898285
3012646,333.637970
3012647,57.507740
3012648,4968.015137
3012649,30.372339
3012650,1.569533
3012651,22.720091
3012652,17.034575
3012653,0.000000
3012654,341.238190
3012655,5.606795
3012656,15.357788
3012657,5.842586
3012658,35.036152
3012659,5.525068
3012660,147.055695
3012661,263.591003
3012662,4.579690
3012663,7.642881
3012664,185.533966
3012665,57.695137
3012666,2767.629639
3012667,13.567467
3012668,13.798081
3012669,3.221838
3012670,0.000000
3012671,4.860411
3012672,1968.611572
3012673,0.000000
3012674,304.244507
3012675,5.923472
3012676,667.991394
3012677,594.656494
3012678,158.564758
3012679,117.686111
3012680,61.809326
3012681,2894.124756
3012682,15.821034
3012683,0.960634
3012684,13.057552
3012685,7.628078
3012686,0.000000
3012687,178.565887
3012688,15.923741
3012689,16.302826
3012690,2.480074
3012691,55.822830
3012692,5.763529
3012693,344.656525
3012694,185.422577
3012695,4.273806
3012696,5.703970
3012697,346.451782
3012698,54.500019
3012699,1808.193481
3012700,0.084997
3012701,20.149721
3012702,3.583785
3012703,0.000000
3012704,2.268631
3012705,4271.500488
3012706,0.000000
3012707,457.431152
3012708,6.013870
3012709,1951.776123
3012710,579.834106
3012711,268.111328
3012712,191.108536
3012713,56.800602
3012714,5071.866699
3012715,8.105108
3012716,1.604457
3012717,24.853405
3012718,22.439518
3012719,0.000000
3012720,357.239014
3012721,0.000000
3012722,0.492129
3012723,8.297888
3012724,26.848104
3012725,2.498756
3012726,127.679657
3012727,265.291534
3012728,2.237972
3012729,10.530529
3012730,152.366638
3012731,53.880150
3012732,2160.190674
3012733,0.306513
3012734,4.704867
3012735,5.216563
3012736,0.000000
3012737,6.985924
3012738,1796.369751
3012739,0.000000
3012740,396.325409
3012741,8.047232
3012742,793.023987
3012743,575.127869
3012744,177.576340
3012745,115.496780
3012746,95.839096
3012747,3156.747559
3012748,23.976841
3012749,0.873210
3012750,19.053921
3012751,23.598854
3012752,0.000000
3012753,212.241028
3012754,13.409959
3012755,13.654471
3012756,6.398871
3012757,55.095520
3012758,9.461920
3012759,154.082397
3012760,250.679810
3012761,9.879984
3012762,7.210263
3012763,155.572861
3012764,49.084278
3012765,1651.380737
3012766,2.074683
3012767,5.033292
3012768,3.179151
3012769,0.000000
3012770,5.065767
3012771,2038.305176
3012772,0.000000
3012773,404.138367
3012774,7.680068
3012775,671.726074
3012776,688.135864
3012777,147.267914
3012778,98.784218
3012779,101.512817
3012780,2633.941650
3012781,24.574280
3012782,0.914635
3012783,17.755226
3012784,17.072269
3012785,0.000000
3012786,175.674637
3012787,11.154858
3012788,33.492931
3012789,3.953119
3012790,45.341503
3012791,8.710353
3012792,187.091400
3012793,188.272476
3012794,7.630857
3012795,7.123156
3012796,181.784775
3012797,53.500488
3012798,1985.046631
3012799,0.963064
3012800,12.609778
3012801,4.933478
3012802,0.000000
3012803,3.422853
3012804,4845.880859
3012805,0.000000
3012806,524.771484
3012807,12.886741
3012808,1100.130249
3012809,688.234680
3012810,269.474884
3012811,182.284180
3012812,54.555183
3012813,4517.754883
3012814,10.502300
3012815,0.000000
3012816,18.396482
3012817,17.703060
3012818,0.000000
3012819,237.251907
3012820,0.000000
3012821,9.350165
3012822,1.730871
3012823,53.768639
3012824,1.948752
3012825,204.162949
3012826,266.823853
3012827,2.401985
3012828,1.523671
3012829,243.795319
3012830,133.171371
3012831,2024.112061
3012832,5.009336
3012833,0.557634
3012834,12.906828
3012835,0.000000
3012836,12.337646
3012837,7327.580566
3012838,0.000000
3012839,1288.083252
3012840,24.697021
3012841,1988.863647
3012842,1885.027100
3012843,438.702576
3012844,450.380310
3012845,358.893127
3012846,7829.203125
3012847,76.118538
3012848,2.885881
3012849,101.410431
3012850,93.006134
3012851,0.000000
3012852,571.846924
3012853,24.227791
3012854,20.299295
3012855,53.174751
3012856,207.062073
3012857,20.912222
3012858,674.242004
3012859,442.958710
3012860,30.713152
3012861,31.324434
3012862,880.756836
3012863,267.424133
3012864,6848.456055
3012865,285.310699
3012866,73.015427
3012867,13.324060
3012868,0.000000
3012869,12.357902
3012870,6758.309082
3012871,0.000000
3012872,914.951294
3012873,19.498198
3012874,2054.000488
3012875,1614.479370
3012876,611.194641
3012877,337.875854
3012878,210.765869
3012879,8920.485352
3012880,93.895988
3012881,1.312281
3012882,52.696228
3012883,74.304245
3012884,2.005668
3012885,504.564575
3012886,19.036411
3012887,25.883314
3012888,12.270121
3012889,152.671661
3012890,16.270315
3012891,838.104736
3012892,587.663635
3012893,18.139370
3012894,23.013613
3012895,1000.895020
3012896,192.571823
3012897,4818.270508
3012898,396.627625
3012899,71.496506
3012900,10.274145
3012901,0.000000
3012902,17.834663
3012903,4422.980957
3012904,0.000000
3012905,694.852173
3012906,12.823000
3012907,1687.236084
3012908,1259.223389
3012909,672.552612
3012910,113.485687
3012911,181.872421
3012912,7169.015625
3012913,45.157257
3012914,2.903481
3012915,27.089720
3012916,23.237270
3012917,0.465521
3012918,485.509521
3012919,25.106882
3012920,20.805483
3012921,8.664617
3012922,82.776711
3012923,10.686865
3012924,806.176147
3012925,667.777283
3012926,17.868296
3012927,35.403194
3012928,569.260498
3012929,117.533806
3012930,2153.970947
3012931,299.822876
3012932,35.458340
3012933,13.708210
3012934,0.000000
3012935,20.845600
3012936,6504.871094
3012937,0.000000
3012938,1003.475281
3012939,18.929974
3012940,1916.665771
3012941,1620.909546
3012942,557.286194
3012943,300.047485
3012944,197.073441
3012945,8081.524414
3012946,43.515118
3012947,1.122435
3012948,52.907269
3012949,53.051697
3012950,0.429624
3012951,497.940033
3012952,26.528698
3012953,24.990063
3012954,34.083206
3012955,140.357086
3012956,11.403986
3012957,681.738892
3012958,666.200073
3012959,16.839972
3012960,23.686584
3012961,854.677246
3012962,206.844727
3012963,4332.597656
3012964,396.630219
3012965,69.338280
3012966,8.724213
3012967,0.000000
3012968,18.199183
3012969,3632.367676
3012970,0.000000
3012971,627.330750
3012972,7.792746
3012973,1579.991455
3012974,967.391113
3012975,443.065521
3012976,92.996826
3012977,140.065857
3012978,6365.330078
3012979,32.470455
3012980,0.000000
3012981,26.954203
3012982,23.041866
3012983,0.000000
3012984,423.833984
3012985,19.129456
3012986,8.034407
3012987,7.290882
3012988,79.803085
3012989,5.792999
3012990,723.576111
3012991,552.480408
3012992,13.256121
3012993,18.642944
3012994,625.462952
3012995,74.037178
3012996,1409.329712
3012997,295.076019
3012998,16.318058
3012999,9.681034
3013000,0.000000
3013001,13.372692
3013002,5660.247070
3013003,0.000000
3013004,1047.457397
3013005,27.656622
3013006,1552.321167
3013007,1773.423828
3013008,385.796112
3013009,405.418365
3013010,257.555237
3013011,6491.436035
3013012,74.429489
3013013,1.148225
3013014,47.912189
3013015,45.507435
3013016,0.000000
3013017,431.457367
3013018,13.179983
3013019,21.132887
3013020,10.628158
3013021,159.210312
3013022,18.311323
3013023,681.481689
3013024,446.729706
3013025,14.830908
3013026,24.214664
3013027,833.134094
3013028,188.626144
3013029,5950.654785
3013030,275.184906
3013031,64.706627
3013032,5.688357
3013033,0.000000
3013034,7.235112
3013035,1629.540161
3013036,0.000000
3013037,305.467163
3013038,21.480810
3013039,686.958069
3013040,462.335876
3013041,188.213593
3013042,74.403366
3013043,63.832397
3013044,2560.950928
3013045,22.004402
3013046,0.900600
3013047,23.669247
3013048,17.220490
3013049,0.000000
3013050,176.872467
3013051,12.812570
3013052,8.007072
3013053,10.280158
3013054,40.123154
3013055,8.436641
3013056,198.681702
3013057,219.701462
3013058,2.822841
3013059,5.871988
3013060,192.728592
3013061,54.029636
3013062,1342.742310
3013063,2.681384
3013064,8.804078
3013065,8.745015
3013066,0.000000
3013067,12.139100
3013068,3670.178223
3013069,0.000000
3013070,459.177094
3013071,26.115458
3013072,1323.920288
3013073,967.872620
3013074,391.220184
3013075,93.395294
3013076,99.210617
3013077,5544.565918
3013078,68.569275
3013079,0.995508
3013080,39.750725
3013081,22.744175
3013082,0.000000
3013083,377.598907
3013084,11.301068
3013085,6.285284
3013086,3.832620
3013087,101.709709
3013088,8.046377
3013089,456.693237
3013090,439.965149
3013091,10.026984
3013092,18.126425
3013093,343.205902
3013094,74.174454
3013095,1856.056885
3013096,296.639740
3013097,13.218616
3013098,5.902898
3013099,0.000000
3013100,4.082233
3013101,3891.339355
3013102,0.000000
3013103,696.996643
3013104,9.544001
3013105,1226.851318
3013106,1302.651733
3013107,196.496826
3013108,353.926941
3013109,202.938919
3013110,4455.282715
3013111,48.288971
3013112,0.960837
3013113,22.675152
3013114,34.391300
3013115,0.000000
3013116,297.320923
3013117,2.035172
3013118,36.440807
3013119,4.051282
3013120,86.318642
3013121,8.408215
3013122,502.779114
3013123,259.479736
3013124,15.297552
3013125,9.382668
3013126,613.860962
3013127,100.922905
3013128,4410.277344
3013129,3.597034
3013130,46.504150
3013131,6.680865
3013132,0.000000
3013133,9.715482
3013134,4045.590576
3013135,0.000000
3013136,719.693420
3013137,10.246861
3013138,1346.706909
3013139,950.501526
3013140,311.237488
3013141,176.718460
3013142,235.234695
3013143,5135.750000
3013144,29.271053
3013145,3.115045
3013146,50.487530
3013147,48.012695
3013148,0.000000
3013149,302.184601
3013150,4.761327
3013151,38.340279
3013152,7.908402
3013153,179.694855
3013154,10.430047
3013155,403.293091
3013156,265.942993
3013157,12.852584
3013158,17.921879
3013159,418.969116
3013160,120.934082
3013161,3656.732666
3013162,5.065536
3013163,6.453809
3013164,6.329859
3013165,0.000000
3013166,3.186901
3013167,1600.012329
3013168,0.000000
3013169,391.901276
3013170,5.666881
3013171,729.092285
3013172,441.335236
3013173,164.769485
3013174,72.694313
3013175,95.674988
3013176,2523.243652
3013177,11.699355
3013178,0.895050
3013179,19.911636
3013180,17.830143
3013181,0.000000
3013182,167.683395
3013183,5.499596
3013184,10.889774
3013185,4.791804
3013186,44.227806
3013187,3.674515
3013188,198.733673
3013189,177.430328
3013190,3.052400
3013191,4.210197
3013192,146.650238
3013193,50.007614
3013194,1357.471680
3013195,0.302274
3013196,3.308030
3013197,5.876244
3013198,0.000000
3013199,1.720687
3013200,3573.082275
3013201,0.000000
3013202,259.388000
3013203,3.606227
3013204,1010.901428
3013205,232.959839
3013206,193.252792
3013207,71.922775
3013208,23.108742
3013209,3359.550293
3013210,9.217565
3013211,0.203809
3013212,17.777500
3013213,10.595077
3013214,0.000000
3013215,215.354630
3013216,0.000000
3013217,2.172333
3013218,3.473813
3013219,34.774441
3013220,1.883481
3013221,54.671658
3013222,153.521835
3013223,0.000000
3013224,1.746584
3013225,57.385456
3013226,96.035187
3013227,910.855774
3013228,0.244938
3013229,3.047524
3013230,5.363340
3013231,0.000000
3013232,6.290812
3013233,2806.871582
3013234,0.000000
3013235,454.848236
3013236,8.886973
3013237,982.945862
3013238,746.526245
3013239,304.395630
3013240,145.349319
3013241,121.501457
3013242,4255.895508
3013243,29.379704
3013244,0.625592
3013245,21.853966
3013246,39.366714
3013247,0.000000
3013248,260.494141
3013249,19.017836
3013250,11.810440
3013251,8.817428
3013252,55.148319
3013253,6.506791
3013254,389.959808
3013255,303.232941
3013256,7.548109
3013257,11.719775
3013258,448.817902
3013259,75.363853
3013260,1973.345825
3013261,0.189849
3013262,30.961523
3013263,3.852286
3013264,0.000000
3013265,6.921443
3013266,3482.875977
3013267,0.000000
3013268,574.150513
3013269,17.065031
3013270,954.209595
3013271,1154.043335
3013272,165.727844
3013273,277.005676
3013274,194.371017
3013275,3643.586914
3013276,32.928722
3013277,2.498718
3013278,23.588310
3013279,27.463083
3013280,0.786466
3013281,219.233871
3013282,12.827605
3013283,37.442795
3013284,8.400666
3013285,104.297897
3013286,14.957365
3013287,453.348145
3013288,265.530548
3013289,5.878835
3013290,12.671522
3013291,528.449646
3013292,126.343414
3013293,4450.218750
3013294,0.873569
3013295,48.082703
3013296,3.619434
3013297,0.000000
3013298,9.912589
3013299,3672.234131
3013300,0.000000
3013301,688.191772
3013302,18.564978
3013303,971.279480
3013304,1151.608276
3013305,233.999451
3013306,268.455566
3013307,143.703491
3013308,4188.447266
3013309,31.274445
3013310,2.902169
3013311,33.026070
3013312,38.425484
3013313,0.000000
3013314,300.476959
3013315,26.415176
3013316,31.134344
3013317,21.065987
3013318,109.423439
3013319,16.389992
3013320,351.000580
3013321,265.866241
3013322,13.785057
3013323,17.638336
3013324,451.256592
3013325,122.188248
3013326,3695.478271
3013327,5.124519
3013328,26.978523
3013329,12.098113
3013330,0.000000
3013331,8.276832
3013332,3330.808105
3013333,0.000000
3013334,496.296082
3013335,12.833138
3013336,1583.547729
3013337,737.361694
3013338,491.955566
3013339,190.769547
3013340,78.175491
3013341,5960.649414
3013342,8.615939
3013343,1.278990
3013344,50.626518
3013345,29.670340
3013346,0.000000
3013347,377.611053
3013348,10.578423
3013349,9.599642
3013350,9.470325
3013351,39.017723
3013352,4.574576
3013353,345.624878
3013354,475.694305
3013355,3.530757
3013356,6.400434
3013357,347.250488
3013358,104.829193
3013359,2267.983643
3013360,155.187454
3013361,14.199506
3013362,3.643952
3013363,0.000000
3013364,4.116092
3013365,2151.692627
3013366,0.000000
3013367,343.915955
3013368,14.001399
3013369,599.542297
3013370,711.565857
3013371,137.353058
3013372,141.074600
3013373,127.816277
3013374,2532.343262
3013375,21.331434
3013376,1.494246
3013377,18.533560
3013378,22.280085
3013379,0.000000
3013380,189.501907
3013381,15.259873
3013382,21.766830
3013383,7.043923
3013384,108.621552
3013385,6.008834
3013386,280.614349
3013387,171.113785
3013388,4.134384
3013389,10.052547
3013390,295.125122
3013391,61.648777
3013392,3897.754883
3013393,0.391062
3013394,21.628569
3013395,1.314286
3013396,0.000000
3013397,2.289444
3013398,1035.821167
3013399,0.000000
3013400,76.457893
3013401,2.523251
3013402,565.437073
3013403,330.606995
3013404,201.519501
3013405,31.883528
3013406,27.897396
3013407,2255.261963
3013408,2.515468
3013409,0.000000
3013410,6.941890
3013411,7.494487
3013412,0.000000
3013413,140.275528
3013414,3.522325
3013415,1.453892
3013416,1.298641
3013417,11.539721
3013418,0.001465
3013419,164.584869
3013420,141.608551
3013421,0.000000
3013422,3.097093
3013423,121.383049
3013424,22.057255
3013425,268.354401
3013426,91.610291
3013427,2.137410
3013428,5.455006
3013429,0.000000
3013430,3.598062
3013431,4332.827148
3013432,0.000000
3013433,615.541199
3013434,10.556934
3013435,1533.859375
3013436,545.450195
3013437,445.577759
3013438,179.839462
3013439,71.534607
3013440,6553.854004
3013441,19.303509
3013442,0.344845
3013443,21.395206
3013444,15.704761
3013445,0.000000
3013446,422.735596
3013447,8.766724
3013448,3.146085
3013449,8.387733
3013450,27.895580
3013451,1.723126
3013452,686.342468
3013453,371.951202
3013454,1.352791
3013455,11.443518
3013456,395.439362
3013457,94.456390
3013458,1199.118896
3013459,28.474047
3013460,5.990437
3013461,3.922800
3013462,0.000000
3013463,0.759679
3013464,1261.738892
3013465,0.000000
3013466,161.697754
3013467,7.718409
3013468,814.195984
3013469,413.553009
3013470,168.304199
3013471,39.702492
3013472,33.721169
3013473,2565.146240
3013474,5.416487
3013475,0.000000
3013476,11.048173
3013477,15.840193
3013478,0.000000
3013479,146.763397
3013480,9.698677
3013481,1.705143
3013482,8.220057
3013483,27.960762
3013484,1.778790
3013485,145.778549
3013486,155.715424
3013487,0.693108
3013488,5.173904
3013489,127.327011
3013490,30.473814
3013491,346.282349
3013492,7.476938
3013493,3.981436
3013494,3.444104
3013495,0.000000
3013496,3.210521
3013497,1232.183838
3013498,0.000000
3013499,101.965790
3013500,4.578016
3013501,582.961609
3013502,288.072540
3013503,145.994888
3013504,31.334776
3013505,24.286777
3013506,2388.498535
3013507,6.920193
3013508,0.000000
3013509,9.533605
3013510,6.182392
3013511,0.000000
3013512,116.063850
3013513,1.611194
3013514,1.601404
3013515,1.895317
3013516,27.675255
3013517,0.967035
3013518,101.950531
3013519,153.264542
3013520,0.144519
3013521,2.967637
3013522,52.019657
3013523,18.643036
3013524,188.259552
3013525,16.096022
3013526,1.346700
3013527,3.253002
3013528,0.000000
3013529,1.453054
3013530,1567.513306
3013531,0.000000
3013532,152.392883
3013533,5.769958
3013534,769.763062
3013535,378.942078
3013536,231.340393
3013537,26.611786
3013538,34.047287
3013539,2559.556885
3013540,4.625739
3013541,0.000000
3013542,9.135505
3013543,17.144869
3013544,0.000000
3013545,157.969360
3013546,1.632072
3013547,2.250205
3013548,3.368710
3013549,16.161005
3013550,3.517855
3013551,140.609085
3013552,267.805939
3013553,0.758908
3013554,4.319792
3013555,51.185444
3013556,76.690804
3013557,385.240540
3013558,0.000000
3013559,5.233720
3013560,3.027997
3013561,1.677020
3013562,3.423492
3013563,1526.074951
3013564,0.000000
3013565,126.278320
3013566,3.558936
3013567,745.080627
3013568,343.378021
3013569,211.452087
3013570,98.759811
3013571,57.362694
3013572,2421.065186
3013573,9.084799
3013574,0.930813
3013575,13.595760
3013576,17.445789
3013577,0.000000
3013578,190.169327
3013579,7.138243
3013580,2.488631
3013581,4.447474
3013582,21.095694
3013583,2.703869
3013584,123.482025
3013585,163.790863
3013586,0.000000
3013587,4.150074
3013588,99.999741
3013589,49.185802
3013590,629.754333
3013591,10.934309
3013592,5.559566
3013593,3.700535
3013594,0.000000
3013595,0.356798
3013596,1239.277832
3013597,0.000000
3013598,142.878250
3013599,3.899827
3013600,733.739868
3013601,238.688492
3013602,143.185257
3013603,105.343971
3013604,23.285990
3013605,2145.302002
3013606,2.696681
3013607,0.000000
3013608,11.127592
3013609,11.230554
3013610,0.000000
3013611,127.828720
3013612,0.000000
3013613,2.253338
3013614,1.657525
3013615,18.069138
3013616,2.149844
3013617,55.141930
3013618,122.804863
3013619,0.000000
3013620,2.388435
3013621,59.107201
3013622,33.759468
3013623,500.483582
3013624,0.812508
3013625,2.065497
3013626,5.711709
3013627,0.131942
3013628,2.371915
3013629,2343.015625
3013630,0.000000
3013631,268.938477
3013632,4.311749
3013633,927.746521
3013634,989.287720
3013635,386.911469
3013636,146.278824
3013637,72.087143
3013638,3899.527832
3013639,9.580177
3013640,1.347462
3013641,19.552258
3013642,19.263821
3013643,0.000000
3013644,216.629181
3013645,0.000000
3013646,1.597355
3013647,7.583745
3013648,24.173788
3013649,3.371081
3013650,225.309082
3013651,200.266205
3013652,0.532376
3013653,5.628326
3013654,260.890320
3013655,53.738804
3013656,1177.234741
3013657,65.932068
3013658,9.565391
3013659,1.728761
3013660,0.000000
3013661,3.274398
3013662,1660.414917
3013663,0.000000
3013664,445.143524
3013665,6.435346
3013666,441.341217
3013667,619.198364
3013668,157.000381
3013669,145.750275
3013670,35.443626
3013671,2373.301514
3013672,8.638211
3013673,0.601447
3013674,13.286570
3013675,15.702107
3013676,0.000000
3013677,140.244781
3013678,7.858799
3013679,2.654468
3013680,7.863633
3013681,52.051979
3013682,1.651227
3013683,72.829857
3013684,124.641037
3013685,2.181471
3013686,5.767080
3013687,135.812256
3013688,51.317242
3013689,1304.174805
3013690,45.093010
3013691,9.668318
3013692,5.357406
3013693,0.000000
3013694,3.532324
3013695,2167.925293
3013696,0.000000
3013697,155.310593
3013698,5.027761
3013699,699.750549
3013700,315.750519
3013701,233.008850
3013702,40.539158
3013703,34.861897
3013704,3106.924561
3013705,13.220705
3013706,1.034198
3013707,11.335497
3013708,12.597622
3013709,0.000000
3013710,149.279694
3013711,6.950913
3013712,2.067809
3013713,3.587523
3013714,23.894459
3013715,3.383829
3013716,119.984909
3013717,151.785431
3013718,0.783904
3013719,4.266708
3013720,76.064537
3013721,21.392307
3013722,391.653809
3013723,12.609265
3013724,4.651782
3013725,4.543841
3013726,0.000000
3013727,7.979464
3013728,2509.370850
3013729,0.000000
3013730,525.386230
3013731,8.520276
3013732,746.851135
3013733,685.977112
3013734,191.216187
3013735,137.614609
3013736,83.547806
3013737,3305.176025
3013738,26.426615
3013739,0.635792
3013740,16.710100
3013741,18.672424
3013742,0.000000
3013743,213.432724
3013744,17.494036
3013745,17.016985
3013746,4.788307
3013747,73.123764
3013748,8.643747
3013749,353.466309
3013750,226.502808
3013751,6.245922
3013752,6.032595
3013753,392.523224
3013754,103.375084
3013755,3106.346191
3013756,0.000000
3013757,31.133598
3013758,6.441712
3013759,0.000000
3013760,3.627163
3013761,3035.029053
3013762,0.000000
3013763,381.641968
3013764,5.909347
3013765,1075.911987
3013766,726.941101
3013767,445.282990
3013768,56.977791
3013769,53.915333
3013770,4486.651855
3013771,9.674665
3013772,0.083408
3013773,15.953525
3013774,12.032749
3013775,0.000000
3013776,250.210526
3013777,1.613886
3013778,6.888197
3013779,4.382654
3013780,32.113693
3013781,1.907536
3013782,263.142853
3013783,297.459076
3013784,2.228883
3013785,5.066644
3013786,197.418991
3013787,49.190914
3013788,778.080383
3013789,40.725578
3013790,9.260975
3013791,7.878907
3013792,0.000000
3013793,3.948602
3013794,2675.997559
3013795,0.000000
3013796,345.600861
3013797,3.792233
3013798,969.635315
3013799,615.538635
3013800,235.993301
3013801,195.616394
3013802,71.617920
3013803,3659.325439
3013804,10.925978
3013805,0.000000
3013806,25.292601
3013807,23.578291
3013808,0.000000
3013809,229.062668
3013810,2.909886
3013811,3.387076
3013812,8.151892
3013813,74.381493
3013814,2.185833
3013815,103.087852
3013816,199.787338
3013817,1.426227
3013818,4.997536
3013819,144.414825
3013820,123.017471
3013821,1170.344604
3013822,0.000000
3013823,4.613255
3013824,3.721972
3013825,0.000000
3013826,1.957776
3013827,1527.063843
3013828,0.000000
3013829,118.983673
3013830,5.625593
3013831,632.564880
3013832,300.011566
3013833,127.990646
3013834,46.533752
3013835,36.825268
3013836,2440.020508
3013837,6.072906
3013838,0.629843
3013839,21.473770
3013840,17.084026
3013841,0.000000
3013842,147.517731
3013843,0.936610
3013844,1.979475
3013845,3.514667
3013846,49.421112
3013847,3.711136
3013848,107.048378
3013849,130.084915
3013850,0.577280
3013851,4.364114
3013852,135.757614
3013853,27.712269
3013854,401.479370
3013855,15.244799
3013856,2.406590
3013857,1.477691
3013858,0.000000
3013859,3.630143
3013860,1254.557861
3013861,0.000000
3013862,279.397766
3013863,7.516592
3013864,499.561646
3013865,464.117096
3013866,113.852135
3013867,47.827602
3013868,56.013268
3013869,2034.674438
3013870,20.915024
3013871,0.000000
3013872,8.588343
3013873,10.467765
3013874,0.000000
3013875,127.999931
3013876,12.662619
3013877,2.287146
3013878,3.643059
3013879,39.933819
3013880,4.245406
3013881,557.745850
3013882,137.364609
3013883,2.349849
3013884,4.180444
3013885,319.173401
3013886,31.538570
3013887,1505.951172
3013888,0.000000
3013889,7.297021
3013890,3.054584
3013891,0.000000
3013892,5.396836
3013893,3239.811768
3013894,0.000000
3013895,701.174194
3013896,12.839165
3013897,975.720154
3013898,1222.653809
3013899,269.891663
3013900,230.387665
3013901,145.218842
3013902,4105.114258
3013903,23.941875
3013904,1.119939
3013905,18.034782
3013906,27.109394
3013907,0.000000
3013908,266.468903
3013909,10.759968
3013910,36.736885
3013911,9.056929
3013912,76.834412
3013913,12.246955
3013914,393.953339
3013915,271.993927
3013916,13.607096
3013917,10.059549
3013918,517.445068
3013919,105.868454
3013920,5614.272949
3013921,0.944964
3013922,21.014254
3013923,2.272369
3013924,0.000000
3013925,2.390458
3013926,1754.103516
3013927,0.000000
3013928,325.872681
3013929,5.285297
3013930,390.039032
3013931,453.530212
3013932,125.615761
3013933,102.237846
3013934,79.008537
3013935,1769.333008
3013936,16.905540
3013937,0.846269
3013938,14.761436
3013939,12.568460
3013940,0.000000
3013941,83.846703
3013942,0.000000
3013943,39.084507
3013944,4.787396
3013945,133.078873
3013946,6.832116
3013947,218.364929
3013948,100.688179
3013949,3.432871
3013950,4.674386
3013951,145.419785
3013952,35.811249
3013953,2629.799316
3013954,3.669469
3013955,2.915752
3013956,3.103293
3013957,0.000000
3013958,0.156757
3013959,809.393250
3013960,0.000000
3013961,201.098373
3013962,4.363841
3013963,299.748657
3013964,197.650162
3013965,70.499268
3013966,26.553518
3013967,24.160168
3013968,1192.291260
3013969,6.467936
3013970,0.000000
3013971,8.154679
3013972,5.794979
3013973,0.000000
3013974,57.038582
3013975,0.000000
3013976,6.951615
3013977,1.031259
3013978,18.159994
3013979,0.000000
3013980,200.278198
3013981,98.451859
3013982,0.575369
3013983,0.666686
3013984,113.776062
3013985,16.476446
3013986,855.575623
3013987,1.430328
3013988,2.121629
3013989,5.761256
3013990,0.000000
3013991,3.857868
3013992,2578.169189
3013993,0.000000
3013994,525.516785
3013995,12.037435
3013996,800.010620
3013997,820.285095
3013998,269.453094
3013999,223.922455
3014000,86.063705
3014001,3448.256592
3014002,23.318121
3014003,0.000000
3014004,17.888531
3014005,21.599279
3014006,0.000000
3014007,197.024597
3014008,5.568407
3014009,33.263630
3014010,8.461175
3014011,94.957413
3014012,4.691692
3014013,234.134583
3014014,204.957565
3014015,7.801304
3014016,7.487120
3014017,350.384338
3014018,74.177872
3014019,3856.713867
3014020,2.912779
3014021,16.504120
3014022,4.243234
3014023,0.000000
3014024,1.901798
3014025,2543.663330
3014026,0.000000
3014027,441.116241
3014028,11.610021
3014029,825.286865
3014030,766.008362
3014031,300.240265
3014032,181.337402
3014033,49.178875
3014034,3802.517578
3014035,11.954522
3014036,0.462291
3014037,22.996668
3014038,13.078636
3014039,0.330763
3014040,194.510025
3014041,0.000000
3014042,5.657411
3014043,4.124324
3014044,33.274910
3014045,1.100477
3014046,156.966354
3014047,228.551987
3014048,2.764362
3014049,3.616706
3014050,153.725922
3014051,60.423969
3014052,1248.466797
3014053,4.107680
3014054,3.860603
3014055,4.306915
3014056,0.000000
3014057,3.179883
3014058,2708.755615
3014059,0.000000
3014060,566.718201
3014061,2.189495
3014062,700.561157
3014063,709.030212
3014064,200.309235
3014065,153.076477
3014066,51.335049
3014067,3393.286621
3014068,13.218393
3014069,0.812414
3014070,18.689260
3014071,14.315485
3014072,0.000000
3014073,169.008850
3014074,0.000000
3014075,3.893060
3014076,4.177738
3014077,57.388836
3014078,1.272494
3014079,98.329056
3014080,167.520035
3014081,2.878271
3014082,3.869970
3014083,149.775497
3014084,56.805233
3014085,979.099365
3014086,2.918315
3014087,4.286806
3014088,8.493900
3014089,0.867391
3014090,13.714870
3014091,7444.925293
3014092,0.000000
3014093,1020.285156
3014094,24.416693
3014095,1609.326782
3014096,1750.678833
3014097,272.035645
3014098,447.851562
3014099,271.127563
3014100,7365.039551
3014101,73.490768
3014102,2.490479
3014103,50.169388
3014104,48.149578
3014105,0.000000
3014106,427.264679
3014107,32.844391
3014108,67.176697
3014109,13.588556
3014110,164.364517
3014111,22.917263
3014112,588.877380
3014113,450.010925
3014114,14.263976
3014115,25.305727
3014116,828.874634
3014117,199.510162
3014118,10279.912109
3014119,5.339414
3014120,74.049446
3014121,2.650892
3014122,0.000000
3014123,0.614941
3014124,1482.746948
3014125,0.000000
3014126,153.108978
3014127,3.537871
3014128,496.018188
3014129,296.749939
3014130,119.309067
3014131,99.969742
3014132,37.382446
3014133,1961.754272
3014134,3.856148
3014135,0.000000
3014136,12.291638
3014137,5.689486
3014138,0.000000
3014139,116.346420
3014140,0.159909
3014141,0.914839
3014142,2.670136
3014143,25.537558
3014144,0.436055
3014145,53.236557
3014146,79.727638
3014147,0.839344
3014148,3.226380
3014149,97.157646
3014150,18.582245
3014151,567.070251
3014152,0.000000
3014153,3.172220
3014154,6.507562
3014155,0.000000
3014156,1.434879
3014157,2936.330322
3014158,0.000000
3014159,410.942047
3014160,6.645336
3014161,932.715698
3014162,705.030884
3014163,176.906647
3014164,199.957855
3014165,73.777748
3014166,4278.646973
3014167,8.646384
3014168,0.000527
3014169,17.598377
3014170,16.959681
3014171,0.000000
3014172,199.833618
3014173,0.783259
3014174,3.649760
3014175,7.479562
3014176,13.931675
3014177,1.217365
3014178,305.327911
3014179,197.362259
3014180,2.216132
3014181,4.505610
3014182,96.382111
3014183,56.389931
3014184,974.962402
3014185,3.274585
3014186,3.733065
3014187,1.296491
3014188,0.000000
3014189,2.089158
3014190,863.853943
3014191,0.000000
3014192,106.615761
3014193,2.625506
3014194,448.264496
3014195,156.612030
3014196,95.679581
3014197,158.283905
3014198,13.570832
3014199,1549.456543
3014200,1.133184
3014201,0.000000
3014202,6.887749
3014203,3.706458
3014204,0.000000
3014205,69.849609
3014206,0.000000
3014207,1.029420
3014208,1.300422
3014209,15.033770
3014210,0.000000
3014211,56.374756
3014212,71.857513
3014213,2.643382
3014214,1.280054
3014215,51.342777
3014216,7.656009
3014217,197.932465
3014218,0.551302
3014219,1.452094
3014220,5.868874
3014221,0.000000
3014222,1.877413
3014223,1984.765625
3014224,0.000000
3014225,196.277008
3014226,4.747035
3014227,756.174194
3014228,497.196442
3014229,156.170853
3014230,124.151176
3014231,50.573284
3014232,2585.174561
3014233,2.009281
3014234,0.216687
3014235,23.393011
3014236,14.791540
3014237,0.000000
3014238,161.581543
3014239,0.000000
3014240,1.730245
3014241,9.717060
3014242,30.774548
3014243,1.919421
3014244,233.394958
3014245,160.347122
3014246,1.310616
3014247,3.186651
3014248,222.933563
3014249,26.631596
3014250,1102.515625
3014251,0.000000
3014252,1.227552
3014253,3.228583
3014254,0.000000
3014255,3.142941
3014256,1989.588623
3014257,0.000000
3014258,582.382996
3014259,6.526601
3014260,693.996033
3014261,617.137268
3014262,202.656143
3014263,103.576569
3014264,59.872078
3014265,3580.793457
3014266,5.993024
3014267,2.571289
3014268,26.320436
3014269,30.880201
3014270,0.000000
3014271,161.370911
3014272,2.155740
3014273,7.743368
3014274,4.304113
3014275,26.826672
3014276,3.691957
3014277,168.580688
3014278,236.441833
3014279,3.011091
3014280,5.619194
3014281,135.757904
3014282,24.974369
3014283,696.039062
3014284,7.158186
3014285,3.135056
3014286,3.143767
3014287,0.000000
3014288,0.244001
3014289,1198.026001
3014290,0.000000
3014291,92.013451
3014292,2.522422
3014293,439.043610
3014294,194.331757
3014295,74.279617
3014296,120.755333
3014297,33.190655
3014298,1696.201538
3014299,2.699395
3014300,0.000000
3014301,5.563147
3014302,3.919313
3014303,0.000000
3014304,72.768326
3014305,0.000000
3014306,0.724538
3014307,0.291645
3014308,16.513870
3014309,0.070386
3014310,155.163361
3014311,75.565353
3014312,0.000000
3014313,0.491705
3014314,33.171379
3014315,16.030445
3014316,342.195892
3014317,0.000000
3014318,0.000000
3014319,3.532429
3014320,0.000000
3014321,1.785846
3014322,3488.146973
3014323,0.000000
3014324,417.552490
3014325,6.609274
3014326,757.503174
3014327,565.171509
3014328,187.371872
3014329,85.003349
3014330,62.819176
3014331,3680.346924
3014332,7.681811
3014333,0.000000
3014334,21.041752
3014335,8.403610
3014336,0.000000
3014337,166.468857
3014338,0.000000
3014339,21.029465
3014340,1.420601
3014341,51.256721
3014342,2.319201
3014343,203.476166
3014344,188.678406
3014345,2.788433
3014346,3.022427
3014347,102.862686
3014348,50.715225
3014349,1219.504761
3014350,3.763146
3014351,1.548262
3014352,3.415997
3014353,0.000000
3014354,9.424122
3014355,2758.909424
3014356,0.000000
3014357,523.500122
3014358,5.444456
3014359,870.478516
3014360,804.969849
3014361,136.689865
3014362,124.223160
3014363,106.571152
3014364,3689.204102
3014365,48.804306
3014366,1.423086
3014367,25.267843
3014368,21.224861
3014369,0.000000
3014370,221.071838
3014371,19.719965
3014372,31.414690
3014373,2.438853
3014374,105.726509
3014375,9.525810
3014376,204.600784
3014377,235.883835
3014378,11.405194
3014379,13.125441
3014380,236.687454
3014381,76.034683
3014382,3667.330811
3014383,0.507497
3014384,11.545449
3014385,4.350804
3014386,0.000000
3014387,7.510150
3014388,2332.519043
3014389,0.000000
3014390,447.094666
3014391,9.267182
3014392,914.748047
3014393,691.002380
3014394,123.323151
3014395,73.634575
3014396,121.240189
3014397,3470.543701
3014398,22.597534
3014399,0.479797
3014400,30.777004
3014401,24.993555
3014402,0.000000
3014403,250.280670
3014404,17.667093
3014405,19.320297
3014406,7.243917
3014407,82.197289
3014408,10.115609
3014409,135.161835
3014410,472.641510
3014411,5.601174
3014412,9.013309
3014413,109.711647
3014414,75.352852
3014415,3043.628906
3014416,12.467518
3014417,13.700665
3014418,6.629577
3014419,0.000000
3014420,3.989093
3014421,3272.391113
3014422,0.000000
3014423,577.337708
3014424,4.604058
3014425,1252.182007
3014426,538.716431
3014427,161.700058
3014428,202.556259
3014429,56.321987
3014430,4600.871094
3014431,24.709772
3014432,1.468021
3014433,22.286963
3014434,16.540466
3014435,0.000000
3014436,256.852631
3014437,4.695822
3014438,14.804414
3014439,6.812157
3014440,47.627247
3014441,5.771309
3014442,128.435135
3014443,232.373062
3014444,4.015140
3014445,7.436230
3014446,166.584427
3014447,55.653019
3014448,1514.268555
3014449,13.823684
3014450,12.741735
3014451,2.835047
3014452,0.000000
3014453,4.778264
3014454,1986.821777
3014455,0.000000
3014456,304.200348
3014457,6.039517
3014458,678.944519
3014459,596.651611
3014460,153.351334
3014461,119.414276
3014462,73.191048
3014463,2761.296631
3014464,10.074422
3014465,0.909502
3014466,13.742633
3014467,10.351083
3014468,0.000000
3014469,173.601486
3014470,15.554329
3014471,21.214064
3014472,2.692250
3014473,56.784439
3014474,6.242013
3014475,303.209686
3014476,186.792847
3014477,3.997800
3014478,5.831961
3014479,341.313202
3014480,52.620747
3014481,2966.343506
3014482,0.095894
3014483,18.891262
3014484,3.475951
3014485,0.000000
3014486,2.293037
3014487,4407.306152
3014488,0.000000
3014489,402.436646
3014490,8.306479
3014491,1312.085083
3014492,865.434753
3014493,236.468597
3014494,160.356216
3014495,50.630638
3014496,5103.397949
3014497,7.447097
3014498,1.714090
3014499,22.693638
3014500,21.944826
3014501,0.000000
3014502,340.276184
3014503,0.000000
3014504,0.441995
3014505,8.073617
3014506,27.464291
3014507,2.332813
3014508,126.339821
3014509,263.483948
3014510,2.117943
3014511,7.866217
3014512,141.304703
3014513,52.032192
3014514,1010.600159
3014515,0.343734
3014516,5.306796
3014517,4.702681
3014518,0.000000
3014519,7.608744
3014520,2150.721680
3014521,0.000000
3014522,440.218994
3014523,8.310860
3014524,879.628662
3014525,627.900696
3014526,179.850876
3014527,119.598412
3014528,99.458252
3014529,3613.502930
3014530,22.570192
3014531,0.585976
3014532,17.567160
3014533,24.292435
3014534,0.000000
3014535,217.528549
3014536,11.453108
3014537,20.224802
3014538,5.899533
3014539,58.962490
3014540,8.559064
3014541,179.501053
3014542,358.270599
3014543,10.933618
3014544,6.653090
3014545,173.786865
3014546,56.385174
3014547,2630.190918
3014548,3.354879
3014549,5.983828
3014550,2.899736
3014551,0.000000
3014552,4.943089
3014553,2288.422363
3014554,0.000000
3014555,393.568787
3014556,7.579673
3014557,675.853821
3014558,694.279541
3014559,136.044174
3014560,102.854446
3014561,103.413544
3014562,2682.144775
3014563,24.648806
3014564,0.479420
3014565,16.216257
3014566,16.310041
3014567,0.000000
3014568,172.939331
3014569,10.560795
3014570,38.751408
3014571,5.953052
3014572,61.863892
3014573,8.374213
3014574,196.725586
3014575,180.733276
3014576,7.488241
3014577,6.282034
3014578,186.745331
3014579,56.560730
3014580,3052.729492
3014581,0.971659
3014582,11.952720
3014583,5.515284
3014584,0.000000
3014585,3.992862
3014586,4500.635254
3014587,0.000000
3014588,455.749298
3014589,11.928205
3014590,1033.539307
3014591,691.705200
3014592,236.952667
3014593,158.496521
3014594,49.452461
3014595,4345.961426
3014596,9.870122
3014597,0.000000
3014598,15.134870
3014599,18.030184
3014600,0.000000
3014601,227.137665
3014602,0.000000
3014603,9.589240
3014604,1.760011
3014605,39.087322
3014606,1.930572
3014607,196.062744
3014608,265.301880
3014609,1.951275
3014610,1.307540
3014611,231.789291
3014612,101.262398
3014613,1155.877686
3014614,5.304204
3014615,0.665601
3014616,12.507216
3014617,0.000000
3014618,13.229493
3014619,7786.711426
3014620,0.000000
3014621,1427.079712
3014622,25.975840
3014623,2087.512695
3014624,2099.787598
3014625,435.571747
3014626,492.344513
3014627,355.621613
3014628,8631.788086
3014629,80.490456
3014630,2.706224
3014631,100.310768
3014632,103.013451
3014633,0.000000
3014634,524.012634
3014635,25.999916
3014636,23.506739
3014637,48.550175
3014638,236.832397
3014639,19.809607
3014640,732.672241
3014641,438.640991
3014642,31.057476
3014643,31.553934
3014644,964.090637
3014645,266.844086
3014646,12052.974609
3014647,272.792206
3014648,72.847893
3014649,13.927552
3014650,0.000000
3014651,12.057620
3014652,7458.502930
3014653,0.000000
3014654,988.004456
3014655,21.512608
3014656,2067.424561
3014657,1722.495605
3014658,562.208496
3014659,314.512268
3014660,237.598740
3014661,9527.602539
3014662,97.597801
3014663,0.916997
3014664,52.903687
3014665,73.426010
3014666,0.723199
3014667,494.101440
3014668,19.498070
3014669,31.649691
3014670,9.226222
3014671,197.522324
3014672,8.185677
3014673,824.087830
3014674,633.393188
3014675,15.924765
3014676,21.977978
3014677,972.211487
3014678,225.509018
3014679,7970.059082
3014680,429.852051
3014681,72.782059
3014682,9.593926
3014683,0.000000
3014684,16.599695
3014685,4574.418945
3014686,0.000000
3014687,755.413879
3014688,12.974044
3014689,1597.177979
3014690,1138.645630
3014691,566.945312
3014692,114.106087
3014693,180.947052
3014694,7432.587402
3014695,31.847527
3014696,2.389502
3014697,28.751308
3014698,21.981092
3014699,0.465521
3014700,486.454163
3014701,26.012022
3014702,23.809484
3014703,8.313357
3014704,100.073883
3014705,9.359969
3014706,808.846680
3014707,567.752380
3014708,17.924795
3014709,35.133450
3014710,510.188843
3014711,121.953346
3014712,3305.605469
3014713,307.722443
3014714,34.517349
3014715,12.714807
3014716,0.000000
3014717,19.492290
3014718,7248.444336
3014719,0.000000
3014720,915.865234
3014721,17.097801
3014722,1871.818848
3014723,1623.233643
3014724,506.657532
3014725,265.058167
3014726,221.713959
3014727,8883.532227
3014728,43.005993
3014729,0.911387
3014730,55.365021
3014731,50.722401
3014732,0.149287
3014733,489.636475
3014734,22.915874
3014735,30.879629
3014736,25.462406
3014737,156.030258
3014738,9.909704
3014739,676.150879
3014740,576.139099
3014741,16.942423
3014742,23.200705
3014743,824.340454
3014744,200.164444
3014745,6866.322754
3014746,361.555084
3014747,57.166500
3014748,8.095008
3014749,0.000000
3014750,16.867765
3014751,3583.712891
3014752,0.000000
3014753,587.335815
3014754,7.695680
3014755,1489.025024
3014756,837.310242
3014757,472.006165
3014758,92.432716
3014759,127.832680
3014760,6268.389160
3014761,29.512594
3014762,0.000000
3014763,24.517942
3014764,22.828964
3014765,0.000000
3014766,413.593628
3014767,15.489491
3014768,11.538582
3014769,7.507816
3014770,83.434822
3014771,5.347740
3014772,647.700989
3014773,633.404114
3014774,12.534893
3014775,16.570053
3014776,548.047852
3014777,72.268288
3014778,2152.453369
3014779,285.726532
3014780,15.426482
3014781,8.936747
3014782,0.000000
3014783,11.623034
3014784,5822.867676
3014785,0.000000
3014786,1081.742188
3014787,21.282259
3014788,1610.814941
3014789,1756.987549
3014790,352.072540
3014791,405.038696
3014792,281.802429
3014793,7365.629395
3014794,59.240822
3014795,0.998146
3014796,37.636089
3014797,44.611057
3014798,0.000000
3014799,426.092590
3014800,13.726353
3014801,29.968472
3014802,9.272772
3014803,192.940338
3014804,16.433151
3014805,590.317200
3014806,439.947205
3014807,13.440667
3014808,23.488375
3014809,741.593506
3014810,198.999451
3014811,8976.787109
3014812,284.570648
3014813,64.909698
3014814,5.150266
3014815,0.000000
3014816,6.098529
3014817,1854.059570
3014818,0.000000
3014819,314.201080
3014820,21.288376
3014821,825.613892
3014822,505.485901
3014823,198.257721
3014824,77.666313
3014825,74.005959
3014826,2685.590088
3014827,23.080908
3014828,0.963774
3014829,23.180258
3014830,18.399788
3014831,0.000000
3014832,179.744720
3014833,10.004420
3014834,8.869645
3014835,9.626943
3014836,52.179432
3014837,8.634588
3014838,201.249023
3014839,224.719162
3014840,2.635741
3014841,5.972311
3014842,200.582199
3014843,54.303535
3014844,2094.382568
3014845,3.638823
3014846,8.770145
3014847,8.224208
3014848,0.000000
3014849,12.142770
3014850,3764.452881
3014851,0.000000
3014852,502.838074
3014853,23.711359
3014854,1376.158081
3014855,839.077454
3014856,392.593079
3014857,95.561340
3014858,111.608757
3014859,5720.538574
3014860,54.076363
3014861,0.664425
3014862,47.024944
3014863,23.596781
3014864,0.000000
3014865,377.028778
3014866,11.095204
3014867,9.127213
3014868,3.806607
3014869,106.108757
3014870,7.468394
3014871,487.548218
3014872,435.107941
3014873,9.054906
3014874,17.071754
3014875,342.619629
3014876,75.823837
3014877,2513.791748
3014878,336.000488
3014879,13.681316
3014880,5.430385
3014881,0.000000
3014882,4.981951
3014883,4342.779785
3014884,0.000000
3014885,827.021912
3014886,9.590077
3014887,1389.937256
3014888,1658.539795
3014889,223.506851
3014890,364.585602
3014891,228.775299
3014892,5137.958008
3014893,45.357677
3014894,0.690798
3014895,22.457638
3014896,30.140690
3014897,0.000000
3014898,308.576813
3014899,2.025371
3014900,53.949524
3014901,3.550513
3014902,117.505211
3014903,8.410653
3014904,518.770447
3014905,265.366638
3014906,15.966886
3014907,8.305007
3014908,695.586182
3014909,112.532913
3014910,8232.329102
3014911,4.181654
3014912,48.891525
3014913,8.607347
3014914,0.000000
3014915,8.863281
3014916,4301.959961
3014917,0.000000
3014918,799.266418
3014919,10.041262
3014920,1622.665894
3014921,1135.199097
3014922,308.785522
3014923,228.068085
3014924,281.250214
3014925,5757.520020
3014926,28.647430
3014927,2.887282
3014928,47.314644
3014929,34.362694
3014930,0.000000
3014931,307.166809
3014932,4.430603
3014933,60.308418
3014934,7.389151
3014935,235.196426
3014936,9.831569
3014937,459.214478
3014938,286.778015
3014939,12.338024
3014940,20.089899
3014941,465.084595
3014942,133.812592
3014943,7517.208008
3014944,4.608108
3014945,7.183681
3014946,7.060555
3014947,0.000000
3014948,4.399229
3014949,1890.680542
3014950,0.000000
3014951,433.659149
3014952,5.717204
3014953,857.259521
3014954,435.714111
3014955,184.455566
3014956,78.608299
3014957,95.835129
3014958,2723.240967
3014959,10.743596
3014960,0.896131
3014961,20.472267
3014962,19.497702
3014963,0.000000
3014964,171.179306
3014965,4.549857
3014966,15.180376
3014967,4.884630
3014968,58.768261
3014969,3.594386
3014970,226.411560
3014971,208.756210
3014972,3.179904
3014973,4.193895
3014974,136.643082
3014975,61.700020
3014976,2764.249756
3014977,0.316915
3014978,3.276554
3014979,5.589495
3014980,0.000000
3014981,0.924212
3014982,2437.229248
3014983,0.000000
3014984,201.152893
3014985,3.524672
3014986,770.101868
3014987,247.408630
3014988,168.222122
3014989,43.055374
3014990,21.677298
3014991,2929.211670
3014992,8.048958
3014993,0.163043
3014994,14.988125
3014995,8.247209
3014996,0.000000
3014997,168.953125
3014998,0.000000
3014999,2.256431
3015000,3.392410
3015001,22.808954
3015002,1.820151
3015003,50.820473
3015004,147.984879
3015005,0.000000
3015006,1.573838
3015007,41.316048
3015008,78.898651
3015009,623.369141
3015010,0.027424
3015011,2.561044
3015012,4.498185
3015013,0.000000
3015014,6.655364
3015015,2851.428467
3015016,0.000000
3015017,447.150055
3015018,9.591948
3015019,984.007568
3015020,803.656311
3015021,265.475800
3015022,144.776611
3015023,120.332359
3015024,4378.709961
3015025,24.389572
3015026,0.265361
3015027,21.318373
3015028,44.517109
3015029,0.000000
3015030,256.007385
3015031,16.508558
3015032,16.850567
3015033,9.175647
3015034,58.873116
3015035,6.033525
3015036,387.243866
3015037,305.827576
3015038,6.727926
3015039,11.677113
3015040,395.475677
3015041,75.081703
3015042,3348.894531
3015043,0.042769
3015044,30.782242
3015045,4.073831
3015046,0.000000
3015047,7.062552
3015048,3859.080566
3015049,0.000000
3015050,536.956848
3015051,16.376663
3015052,951.992371
3015053,1247.239746
3015054,169.908035
3015055,280.015564
3015056,200.873016
3015057,4014.172852
3015058,33.738865
3015059,2.735968
3015060,24.292885
3015061,25.554277
3015062,0.646537
3015063,224.554306
3015064,12.286786
3015065,38.362873
3015066,8.196171
3015067,125.429314
3015068,13.953815
3015069,407.223724
3015070,266.464844
3015071,5.795729
3015072,12.433911
3015073,539.648560
3015074,129.717590
3015075,6849.341309
3015076,0.823592
3015077,48.742634
3015078,3.638430
3015079,0.000000
3015080,10.093440
3015081,4166.932617
3015082,0.000000
3015083,756.935608
3015084,18.771341
3015085,1059.881958
3015086,1240.399658
3015087,236.940140
3015088,277.062866
3015089,149.721664
3015090,4459.973145
3015091,30.677513
3015092,3.022215
3015093,33.215488
3015094,49.140430
3015095,0.000000
3015096,307.763123
3015097,24.361866
3015098,43.255722
3015099,17.729307
3015100,131.920944
3015101,16.238504
3015102,358.480286
3015103,267.763031
3015104,13.918248
3015105,15.482544
3015106,448.118988
3015107,136.879822
3015108,6385.944824
3015109,5.652586
3015110,30.044230
3015111,10.814268
3015112,0.000000
3015113,7.696179
3015114,2735.557617
3015115,0.000000
3015116,406.573090
3015117,11.495242
3015118,1240.715088
3015119,716.791321
3015120,449.080597
3015121,150.101868
3015122,78.784668
3015123,5711.130859
3015124,7.268754
3015125,1.220914
3015126,48.576397
3015127,27.152613
3015128,0.000000
3015129,330.550079
3015130,7.941121
3015131,6.459871
3015132,10.591174
3015133,48.540813
3015134,4.381840
3015135,303.353668
3015136,386.573761
3015137,0.000000
3015138,6.231201
3015139,344.234955
3015140,80.622208
3015141,1306.451660
3015142,116.021019
3015143,13.957832
3015144,3.596992
3015145,0.000000
3015146,3.124030
3015147,1981.093628
3015148,0.000000
3015149,319.171875
3015150,15.691548
3015151,541.293152
3015152,550.210266
3015153,130.829315
3015154,119.961670
3015155,128.065674
3015156,2250.949951
3015157,21.141270
3015158,1.433980
3015159,20.042807
3015160,25.224077
3015161,0.000000
3015162,160.160049
3015163,12.387226
3015164,18.151606
3015165,5.665431
3015166,104.125168
3015167,5.833833
3015168,239.745422
3015169,155.465332
3015170,3.874124
3015171,8.613634
3015172,278.540466
3015173,75.234573
3015174,2243.189209
3015175,0.041279
3015176,24.851284
3015177,1.442561
3015178,0.000000
3015179,2.214986
3015180,1219.036743
3015181,0.000000
3015182,75.476051
3015183,2.587516
3015184,712.956055
3015185,234.949524
3015186,188.388443
3015187,23.729952
3015188,27.385649
3015189,2318.904541
3015190,2.537956
3015191,0.000000
3015192,8.802544
3015193,6.551575
3015194,0.000000
3015195,125.865433
3015196,3.164768
3015197,1.077973
3015198,1.334077
3015199,8.912647
3015200,0.000873
3015201,237.856735
3015202,132.343872
3015203,0.089383
3015204,3.357810
3015205,119.512947
3015206,27.140440
3015207,208.928436
3015208,101.744278
3015209,2.177483
3015210,5.775800
3015211,0.000000
3015212,3.538183
3015213,3976.024170
3015214,0.000000
3015215,577.986816
3015216,10.797728
3015217,1453.236450
3015218,495.433929
3015219,396.029663
3015220,162.658875
3015221,71.925613
3015222,5800.292480
3015223,20.878099
3015224,0.479057
3015225,20.768164
3015226,17.051168
3015227,0.000000
3015228,379.114777
3015229,7.033232
3015230,1.981031
3015231,7.019717
3015232,29.917088
3015233,1.764752
3015234,833.315491
3015235,333.375305
3015236,2.074711
3015237,11.440862
3015238,353.250488
3015239,99.115761
3015240,1114.895142
3015241,29.201351
3015242,5.420870
3015243,4.436912
3015244,0.000000
3015245,0.776929
3015246,1351.377808
3015247,0.000000
3015248,147.846512
3015249,8.395517
3015250,757.840210
3015251,341.822815
3015252,165.745239
3015253,54.959526
3015254,34.008064
3015255,2526.698730
3015256,5.038885
3015257,0.000000
3015258,12.143848
3015259,17.100042
3015260,0.000000
3015261,126.761925
3015262,9.325692
3015263,1.202894
3015264,7.657104
3015265,29.619223
3015266,1.773932
3015267,200.095871
3015268,150.369659
3015269,1.172496
3015270,6.068793
3015271,136.132706
3015272,33.776234
3015273,351.209229
3015274,5.404654
3015275,3.596992
3015276,3.441989
3015277,0.000000
3015278,2.291563
3015279,1267.961304
3015280,0.000000
3015281,79.263809
3015282,4.854799
3015283,715.409668
3015284,202.583191
3015285,102.476433
3015286,28.770761
3015287,23.946802
3015288,2263.713623
3015289,7.192879
3015290,0.000000
3015291,10.096468
3015292,7.457859
3015293,0.000000
3015294,115.744408
3015295,1.565697
3015296,1.054915
3015297,1.623230
3015298,25.457151
3015299,0.962949
3015300,168.190033
3015301,149.803192
3015302,0.005616
3015303,3.221195
3015304,77.396133
3015305,18.898264
3015306,152.435974
3015307,10.719800
3015308,1.343318
3015309,3.143110
3015310,0.000000
3015311,2.226743
3015312,1507.650513
3015313,0.000000
3015314,147.771866
3015315,6.099593
3015316,919.514465
3015317,344.611359
3015318,206.193115
3015319,28.847092
3015320,35.489254
3015321,2431.542725
3015322,5.133939
3015323,0.000000
3015324,9.977675
3015325,17.257582
3015326,0.000000
3015327,171.127731
3015328,1.899133
3015329,1.912550
3015330,4.305923
3015331,15.597837
3015332,3.827721
3015333,321.679535
3015334,198.479263
3015335,1.173391
3015336,4.404863
3015337,56.864830
3015338,82.081482
3015339,354.233856
3015340,0.000000
3015341,5.380736
3015342,3.307090
3015343,1.714442
3015344,3.221677
3015345,1515.833496
3015346,0.000000
3015347,140.084030
3015348,3.684654
3015349,802.233337
3015350,304.392700
3015351,231.058151
3015352,94.905899
3015353,70.279396
3015354,2477.254883
3015355,6.098876
3015356,0.833068
3015357,11.322288
3015358,17.866304
3015359,0.000000
3015360,161.750900
3015361,6.704129
3015362,1.995063
3015363,4.123007
3015364,19.436653
3015365,2.637141
3015366,159.862518
3015367,161.361664
3015368,0.364903
3015369,4.749228
3015370,106.817780
3015371,50.092247
3015372,568.706970
3015373,5.092030
3015374,5.681600
3015375,3.856372
3015376,0.000000
3015377,0.371826
3015378,1064.894287
3015379,0.000000
3015380,99.135574
3015381,4.161841
3015382,830.253174
3015383,171.088806
3015384,120.833595
3015385,100.638435
3015386,23.017660
3015387,1555.660767
3015388,2.539613
3015389,0.000000
3015390,11.356580
3015391,10.449714
3015392,0.000000
3015393,117.588219
3015394,0.000000
3015395,1.859296
3015396,1.685750
3015397,17.879820
3015398,2.318119
3015399,54.658905
3015400,117.619743
3015401,0.444055
3015402,2.605458
3015403,56.198708
3015404,32.562397
3015405,361.886108
3015406,0.197152
3015407,2.059717
3015408,5.728979
3015409,0.107810
3015410,2.426608
3015411,2397.489502
3015412,0.000000
3015413,234.282898
3015414,6.476956
3015415,775.173523
3015416,571.957397
3015417,348.785034
3015418,141.301041
3015419,70.896141
3015420,3524.336914
3015421,10.724510
3015422,1.389620
3015423,18.349813
3015424,18.211296
3015425,0.000000
3015426,192.516815
3015427,0.000000
3015428,1.054281
3015429,8.466741
3015430,26.757242
3015431,3.369651
3015432,280.853424
3015433,186.631424
3015434,1.138441
3015435,5.862424
3015436,261.321838
3015437,58.000854
3015438,887.375244
3015439,44.241943
3015440,9.360805
3015441,2.105137
3015442,0.000000
3015443,3.564173
3015444,1655.366821
3015445,0.000000
3015446,439.812012
3015447,7.039791
3015448,435.931396
3015449,438.486450
3015450,145.036469
3015451,116.067108
3015452,35.956005
3015453,2198.325684
3015454,8.295524
3015455,0.798679
3015456,14.546355
3015457,14.724964
3015458,0.000000
3015459,120.156334
3015460,6.745718
3015461,2.015416
3015462,5.139630
3015463,52.393303
3015464,1.684327
3015465,180.109879
3015466,120.354591
3015467,2.870922
3015468,6.065557
3015469,123.136223
3015470,48.738914
3015471,1063.699707
3015472,37.649933
3015473,8.284092
3015474,5.415957
3015475,0.000000
3015476,3.350140
3015477,1945.371826
3015478,0.000000
3015479,123.833542
3015480,4.892943
3015481,710.554260
3015482,243.910995
3015483,206.500824
3015484,53.916294
3015485,40.703724
3015486,2771.452393
3015487,14.861894
3015488,1.042765
3015489,12.150976
3015490,11.091117
3015491,0.000000
3015492,143.138321
3015493,7.065209
3015494,1.792471
3015495,3.399055
3015496,25.944876
3015497,3.247406
3015498,152.717499
3015499,146.244247
3015500,1.315297
3015501,4.445062
3015502,176.020401
3015503,26.641111
3015504,400.785675
3015505,10.309404
3015506,4.745697
3015507,4.844047
3015508,0.000000
3015509,6.084790
3015510,2426.757568
3015511,0.000000
3015512,500.349243
3015513,9.876896
3015514,683.692139
3015515,584.995850
3015516,160.859085
3015517,119.618149
3015518,74.095078
3015519,3014.346924
3015520,27.709921
3015521,0.816083
3015522,16.581139
3015523,19.545994
3015524,0.000000
3015525,187.846436
3015526,18.990898
3015527,14.211954
3015528,4.586170
3015529,74.432739
3015530,8.433556
3015531,438.511902
3015532,189.885468
3015533,6.549620
3015534,5.827184
3015535,353.153809
3015536,81.214302
3015537,1825.452271
3015538,0.039724
3015539,24.287920
3015540,6.493988
3015541,0.000000
3015542,4.738914
3015543,3318.770996
3015544,0.000000
3015545,387.831726
3015546,5.535131
3015547,1059.633179
3015548,553.573669
3015549,438.682220
3015550,63.269096
3015551,58.549068
3015552,4355.545898
3015553,9.970469
3015554,1.017699
3015555,17.479042
3015556,10.906281
3015557,0.000000
3015558,255.121948
3015559,1.461932
3015560,5.958179
3015561,4.598998
3015562,34.309971
3015563,1.938931
3015564,679.948303
3015565,264.737610
3015566,2.763340
3015567,5.002566
3015568,202.959229
3015569,50.024738
3015570,692.280640
3015571,36.841305
3015572,8.772620
3015573,8.340025
3015574,0.000000
3015575,3.714304
3015576,2264.305176
3015577,0.000000
3015578,305.495392
3015579,4.029255
3015580,1285.012695
3015581,395.308136
3015582,206.317413
3015583,159.082382
3015584,69.841026
3015585,3179.096680
3015586,10.162459
3015587,0.000000
3015588,24.431334
3015589,22.519100
3015590,0.000000
3015591,259.189850
3015592,2.938418
3015593,2.782819
3015594,7.934586
3015595,71.956985
3015596,2.215053
3015597,113.123360
3015598,188.628571
3015599,1.682139
3015600,4.849825
3015601,127.922432
3015602,125.453896
3015603,815.634094
3015604,0.122075
3015605,4.404122
3015606,3.942536
3015607,0.000000
3015608,2.032904
3015609,1716.945801
3015610,0.000000
3015611,98.634377
3015612,5.797805
3015613,686.115784
3015614,268.156372
3015615,125.016731
3015616,46.629810
3015617,50.031685
3015618,2507.759033
3015619,7.196581
3015620,0.593616
3015621,20.348995
3015622,17.817793
3015623,0.000000
3015624,126.918831
3015625,0.892439
3015626,1.270453
3015627,3.499787
3015628,55.657341
3015629,3.730894
3015630,119.202530
3015631,122.350243
3015632,1.149884
3015633,4.647119
3015634,126.385803
3015635,29.416460
3015636,355.949219
3015637,12.349611
3015638,2.732659
3015639,1.917667
3015640,0.000000
3015641,2.437193
3015642,1375.184570
3015643,0.000000
3015644,248.309616
3015645,8.516874
3015646,468.420624
3015647,419.928009
3015648,117.791443
3015649,52.668594
3015650,65.152435
3015651,1857.772217
3015652,23.290289
3015653,0.000000
3015654,9.408182
3015655,10.647876
3015656,0.000000
3015657,126.460251
3015658,11.695769
3015659,6.002672
3015660,5.885685
3015661,61.211166
3015662,4.318809
3015663,651.043762
3015664,136.594543
3015665,3.172239
3015666,4.306797
3015667,279.885559
3015668,31.401903
3015669,1033.016479
3015670,0.039724
3015671,8.611018
3015672,3.124414
3015673,0.000000
3015674,5.056361
3015675,2779.250488
3015676,0.000000
3015677,585.044861
3015678,17.968277
3015679,905.712646
3015680,1025.349487
3015681,220.952652
3015682,176.857086
3015683,138.487503
3015684,3426.183594
3015685,26.042263
3015686,1.042442
3015687,19.950569
3015688,31.645918
3015689,0.000000
3015690,210.405655
3015691,10.197192
3015692,29.583805
3015693,9.172426
3015694,77.484146
3015695,12.299487
3015696,345.247101
3015697,211.661133
3015698,15.131633
3015699,9.564337
3015700,457.917297
3015701,99.508553
3015702,3078.083740
3015703,0.036435
3015704,20.868549
3015705,2.381926
3015706,0.000000
3015707,3.336202
3015708,1955.199341
3015709,0.000000
3015710,314.983673
3015711,5.467867
3015712,389.060272
3015713,446.580505
3015714,124.790970
3015715,102.256264
3015716,78.921127
3015717,1696.358276
3015718,16.317196
3015719,0.327991
3015720,13.661077
3015721,12.636304
3015722,0.000000
3015723,93.856171
3015724,0.000000
3015725,23.935091
3015726,3.971452
3015727,165.131958
3015728,6.592872
3015729,169.902710
3015730,97.221001
3015731,3.559725
3015732,4.995000
3015733,135.616226
3015734,36.001591
3015735,1361.963257
3015736,2.012103
3015737,2.719459
3015738,3.146768
3015739,0.000000
3015740,0.953344
3015741,629.633423
3015742,0.000000
3015743,159.100357
3015744,4.394648
3015745,232.481781
3015746,152.653961
3015747,42.805897
3015748,22.792028
3015749,29.850393
3015750,1017.330750
3015751,4.242012
3015752,0.000000
3015753,8.208344
3015754,4.779401
3015755,0.000000
3015756,55.287605
3015757,0.000000
3015758,5.572955
3015759,0.787829
3015760,21.313335
3015761,0.000000
3015762,193.597549
3015763,93.112648
3015764,1.147973
3015765,0.829776
3015766,95.180817
3015767,14.864101
3015768,350.735535
3015769,1.661858
3015770,2.262078
3015771,5.799115
3015772,0.000000
3015773,4.189848
3015774,2243.711670
3015775,0.000000
3015776,448.972046
3015777,14.063371
3015778,588.613220
3015779,706.184570
3015780,214.575470
3015781,171.680573
3015782,98.359154
3015783,2830.291260
3015784,20.083935
3015785,1.225059
3015786,15.684408
3015787,22.279089
3015788,0.000000
3015789,160.925552
3015790,5.496280
3015791,30.043484
3015792,7.367455
3015793,113.472816
3015794,4.871152
3015795,207.424500
3015796,153.988739
3015797,8.420561
3015798,6.980700
3015799,304.770660
3015800,64.439026
3015801,1995.265747
3015802,1.195777
3015803,12.669848
3015804,4.544889
3015805,0.000000
3015806,1.771843
3015807,2529.567627
3015808,0.000000
3015809,431.699097
3015810,9.473751
3015811,838.281616
3015812,567.457397
3015813,268.310944
3015814,160.787659
3015815,54.133511
3015816,3504.855713
3015817,11.131194
3015818,0.497888
3015819,23.651543
3015820,14.356676
3015821,0.597736
3015822,182.264404
3015823,0.000000
3015824,4.742162
3015825,4.022997
3015826,36.995007
3015827,1.175907
3015828,251.150894
3015829,181.828903
3015830,3.027393
3015831,3.563164
3015832,157.262421
3015833,57.844616
3015834,1038.512451
3015835,2.807039
3015836,3.828417
3015837,4.671719
3015838,0.000000
3015839,2.457394
3015840,2554.088379
3015841,0.000000
3015842,501.559875
3015843,3.679034
3015844,693.401978
3015845,503.227173
3015846,196.898209
3015847,153.903915
3015848,53.239857
3015849,3262.240479
3015850,13.456473
3015851,0.865880
3015852,19.821457
3015853,14.095946
3015854,0.000000
3015855,178.194489
3015856,0.000000
3015857,3.988401
3015858,4.062498
3015859,77.651947
3015860,1.261595
3015861,136.842224
3015862,157.048309
3015863,3.582501
3015864,3.925055
3015865,149.691864
3015866,52.680851
3015867,786.822388
3015868,2.027933
3015869,4.234055
3015870,8.464451
3015871,1.165311
3015872,12.954453
3015873,6439.718262
3015874,0.000000
3015875,909.597473
3015876,32.884960
3015877,1377.993286
3015878,1544.944092
3015879,265.440582
3015880,359.537811
3015881,266.678436
3015882,5979.012695
3015883,58.868774
3015884,2.651359
3015885,48.574654
3015886,38.970119
3015887,0.000000
3015888,338.348755
3015889,25.504448
3015890,38.480415
3015891,21.072004
3015892,198.457840
3015893,22.535255
3015894,565.341797
3015895,395.383331
3015896,15.763354
3015897,21.235931
3015898,837.579895
3015899,196.779739
3015900,6084.962891
3015901,3.405648
3015902,71.905716
3015903,3.291349
3015904,0.000000
3015905,0.651853
3015906,1483.769409
3015907,0.000000
3015908,154.537888
3015909,3.619011
3015910,521.340454
3015911,214.867233
3015912,100.338852
3015913,102.040215
3015914,47.748665
3015915,2534.360107
3015916,3.724165
3015917,0.000000
3015918,12.361234
3015919,6.344553
3015920,0.000000
3015921,160.251907
3015922,0.193681
3015923,0.481188
3015924,2.401142
3015925,29.157555
3015926,0.443175
3015927,147.908447
3015928,80.847496
3015929,1.307287
3015930,3.368840
3015931,97.759293
3015932,21.289267
3015933,456.618317
3015934,0.000000
3015935,3.029674
3015936,6.453994
3015937,0.000000
3015938,1.436509
3015939,2532.611084
3015940,0.000000
3015941,443.797760
3015942,8.593755
3015943,1185.665283
3015944,507.559265
3015945,171.269684
3015946,196.113525
3015947,75.757263
3015948,3748.512939
3015949,8.822939
3015950,0.000000
3015951,19.279865
3015952,17.130110
3015953,0.000000
3015954,218.104904
3015955,0.794573
3015956,2.701583
3015957,9.322378
3015958,14.468806
3015959,1.238417
3015960,618.279175
3015961,187.304047
3015962,2.518604
3015963,4.756063
3015964,119.988480
3015965,51.638161
3015966,907.856201
3015967,2.203248
3015968,3.723320
3015969,1.527483
3015970,0.000000
3015971,2.114394
3015972,827.844604
3015973,0.000000
3015974,107.980873
3015975,2.539428
3015976,494.931122
3015977,118.332657
3015978,77.005363
3015979,194.662842
3015980,15.205188
3015981,1645.057495
3015982,1.155847
3015983,0.000000
3015984,6.449007
3015985,3.680896
3015986,0.000000
3015987,71.415466
3015988,0.000000
3015989,0.473272
3015990,1.191818
3015991,19.690496
3015992,0.000000
3015993,100.375259
3015994,72.353676
3015995,15.003055
3015996,1.366214
3015997,41.773285
3015998,9.103119
3015999,159.413589
3016000,0.220024
3016001,1.447112
3016002,5.891146
3016003,0.000000
3016004,1.859140
3016005,1569.396362
3016006,0.000000
3016007,168.156113
3016008,4.962708
3016009,752.755920
3016010,312.701202
3016011,148.906174
3016012,123.922546
3016013,53.381493
3016014,2456.489502
3016015,2.117195
3016016,0.241201
3016017,23.839342
3016018,13.759202
3016019,0.000000
3016020,149.537704
3016021,0.000000
3016022,1.366067
3016023,9.469210
3016024,26.878017
3016025,1.960478
3016026,378.561188
3016027,160.942017
3016028,1.726962
3016029,3.375761
3016030,176.793655
3016031,21.020855
3016032,935.569763
3016033,0.000000
3016034,1.332098
3016035,3.206238
3016036,0.000000
3016037,2.472988
3016038,2136.509766
3016039,0.000000
3016040,598.116272
3016041,7.429903
3016042,704.184509
3016043,501.290833
3016044,199.509811
3016045,85.568924
3016046,74.349457
3016047,3685.160400
3016048,5.765589
3016049,2.666457
3016050,24.564650
3016051,31.665119
3016052,0.000000
3016053,164.312500
3016054,2.103460
3016055,7.174564
3016056,3.621730
3016057,29.902636
3016058,3.421206
3016059,217.012512
3016060,209.292740
3016061,3.466986
3016062,6.524052
3016063,121.627419
3016064,31.223928
3016065,580.476013
3016066,5.457121
3016067,3.002568
3016068,3.516754
3016069,0.000000
3016070,0.333436
3016071,1201.018066
3016072,0.000000
3016073,74.846779
3016074,1.968495
3016075,358.256836
3016076,143.615967
3016077,74.311584
3016078,107.157578
3016079,32.824757
3016080,1524.266602
3016081,2.774606
3016082,0.000000
3016083,5.552454
3016084,3.901571
3016085,0.000000
3016086,75.968399
3016087,0.000000
3016088,0.304016
3016089,0.110088
3016090,16.088333
3016091,0.111224
3016092,282.651489
3016093,65.023010
3016094,0.217707
3016095,0.407440
3016096,48.143326
3016097,16.259899
3016098,311.298584
3016099,0.039724
3016100,0.000000
3016101,3.753962
3016102,0.000000
3016103,1.717133
3016104,2957.007080
3016105,0.000000
3016106,409.415527
3016107,7.352010
3016108,678.747070
3016109,460.408020
3016110,162.320908
3016111,128.751160
3016112,64.283615
3016113,3280.415527
3016114,8.498282
3016115,0.000000
3016116,18.065310
3016117,8.355509
3016118,0.000000
3016119,156.070709
3016120,0.000000
3016121,22.251680
3016122,2.348737
3016123,38.663181
3016124,2.484678
3016125,370.150360
3016126,162.333252
3016127,3.186845
3016128,3.178098
3016129,113.762741
3016130,41.041977
3016131,1079.601440
3016132,2.254601
3016133,1.582908
3016134,3.226108
3016135,0.000000
3016136,7.185660
3016137,2409.360596
3016138,0.000000
3016139,473.182892
3016140,5.303652
3016141,760.304810
3016142,699.040894
3016143,143.488617
3016144,117.390259
3016145,102.558624
3016146,3254.742676
3016147,49.278660
3016148,1.304893
3016149,25.536209
3016150,21.851768
3016151,0.000000
3016152,191.260834
3016153,18.883041
3016154,24.961533
3016155,1.874157
3016156,107.322350
3016157,9.309831
3016158,198.085892
3016159,221.065842
3016160,10.662833
3016161,12.199674
3016162,207.852615
3016163,76.544052
3016164,2282.133301
3016165,0.131592
3016166,10.820971
3016167,4.710841
3016168,0.000000
3016169,6.663684
3016170,1811.256470
3016171,0.000000
3016172,356.170715
3016173,10.941159
3016174,690.108337
3016175,560.074097
3016176,122.976807
3016177,70.950928
3016178,94.714806
3016179,2877.401611
3016180,22.522795
3016181,0.752161
3016182,29.206261
3016183,23.093632
3016184,0.000000
3016185,231.887299
3016186,15.603925
3016187,15.803226
3016188,7.395715
3016189,75.918556
3016190,10.416644
3016191,129.141205
3016192,307.878204
3016193,5.769531
3016194,8.824930
3016195,99.885063
3016196,74.848877
3016197,1753.052124
3016198,9.311510
3016199,16.181679
3016200,6.956089
3016201,0.000000
3016202,4.017010
3016203,2977.427490
3016204,0.000000
3016205,534.056335
3016206,5.099186
3016207,1484.842163
3016208,500.730865
3016209,154.795212
3016210,229.833588
3016211,54.468483
3016212,4929.759277
3016213,26.139347
3016214,1.415103
3016215,21.845549
3016216,15.096078
3016217,0.000000
3016218,257.788177
3016219,4.794117
3016220,13.347286
3016221,7.047255
3016222,50.742779
3016223,5.605709
3016224,204.664841
3016225,262.088440
3016226,4.907366
3016227,7.747489
3016228,189.962509
3016229,54.229095
3016230,1196.949219
3016231,9.056497
3016232,11.578927
3016233,3.016022
3016234,0.000000
3016235,3.825688
3016236,1861.855103
3016237,0.000000
3016238,268.171082
3016239,6.207461
3016240,555.324829
3016241,554.825012
3016242,152.621811
3016243,98.732536
3016244,53.616520
3016245,2450.881836
3016246,14.112537
3016247,0.907847
3016248,10.844979
3016249,7.803837
3016250,0.000000
3016251,146.453995
3016252,14.706037
3016253,16.396162
3016254,1.929179
3016255,58.370930
3016256,6.049748
3016257,269.031738
3016258,162.333282
3016259,4.639455
3016260,5.563238
3016261,232.858353
3016262,40.643635
3016263,1664.323120
3016264,0.058693
3016265,20.054649
3016266,3.610768
3016267,0.000000
3016268,2.243219
3016269,4069.977783
3016270,0.000000
3016271,355.435150
3016272,6.722155
3016273,1282.955444
3016274,536.249207
3016275,205.466202
3016276,125.596443
3016277,55.218803
3016278,4794.947266
3016279,7.195451
3016280,1.585723
3016281,23.021973
3016282,18.642750
3016283,0.000000
3016284,308.047119
3016285,0.000000
3016286,0.076370
3016287,8.407654
3016288,27.120636
3016289,2.307328
3016290,135.973358
3016291,232.898758
3016292,2.735608
3016293,8.568790
3016294,132.716339
3016295,37.807003
3016296,814.240967
3016297,0.122220
3016298,4.749348
3016299,4.566591
3016300,0.000000
3016301,5.769998
3016302,1690.538696
3016303,0.000000
3016304,355.931000
3016305,9.906446
3016306,920.742493
3016307,549.486267
3016308,161.099121
3016309,96.502594
3016310,113.094162
3016311,2915.943115
3016312,21.004097
3016313,0.813212
3016314,18.361959
3016315,24.168436
3016316,0.000000
3016317,159.806915
3016318,10.728718
3016319,12.958804
3016320,6.004776
3016321,77.172882
3016322,8.464403
3016323,155.728180
3016324,209.023315
3016325,9.560750
3016326,6.278929
3016327,142.684540
3016328,51.056812
3016329,1577.454712
3016330,1.023245
3016331,5.406816
3016332,3.270082
3016333,0.000000
3016334,5.225542
3016335,1915.437744
3016336,0.000000
3016337,353.500732
3016338,8.183671
3016339,551.940125
3016340,679.471802
3016341,129.534653
3016342,96.770836
3016343,97.362679
3016344,2446.160889
3016345,21.711063
3016346,0.747689
3016347,16.873692
3016348,17.355080
3016349,0.000000
3016350,150.023819
3016351,10.659984
3016352,33.521778
3016353,4.489284
3016354,74.300964
3016355,8.455960
3016356,214.808304
3016357,149.542297
3016358,7.024350
3016359,6.481736
3016360,176.857498
3016361,52.469273
3016362,1972.885742
3016363,0.225320
3016364,12.596240
3016365,5.795435
3016366,0.000000
3016367,3.719839
3016368,4496.884277
3016369,0.000000
3016370,444.755188
3016371,13.379824
3016372,1041.320923
3016373,510.866486
3016374,213.154968
3016375,153.018921
3016376,54.534721
3016377,3967.934570
3016378,9.422607
3016379,0.000000
3016380,14.835709
3016381,15.884955
3016382,0.000000
3016383,205.007477
3016384,0.000000
3016385,8.912399
3016386,1.339035
3016387,58.165199
3016388,1.652145
3016389,256.424255
3016390,242.576202
3016391,2.558296
3016392,1.520010
3016393,209.495712
3016394,109.953331
3016395,1080.774658
3016396,3.611018
3016397,0.626713
3016398,12.709114
3016399,0.000000
3016400,12.622195
3016401,7296.407227
3016402,0.000000
3016403,1190.793457
3016404,26.542652
3016405,1741.141602
3016406,1764.302856
3016407,391.375244
3016408,403.373199
3016409,395.607513
3016410,7483.319336
3016411,73.475861
3016412,3.030982
3016413,95.048729
3016414,94.003754
3016415,0.000000
3016416,441.118530
3016417,22.203321
3016418,19.847380
3016419,48.702095
3016420,290.686371
3016421,18.629408
3016422,683.979553
3016423,403.737976
3016424,30.362587
3016425,30.355640
3016426,865.280762
3016427,268.974915
3016428,6878.875000
3016429,286.140778
3016430,60.661449
3016431,12.661926
3016432,0.000000
3016433,11.819048
3016434,6508.232910
3016435,0.000000
3016436,869.873291
3016437,27.484137
3016438,1802.536621
3016439,1506.510498
3016440,498.156647
3016441,258.686554
3016442,237.977432
3016443,8451.366211
3016444,93.405853
3016445,1.168794
3016446,54.749168
3016447,56.370327
3016448,2.098763
3016449,434.040802
3016450,22.133730
3016451,28.597521
3016452,11.603892
3016453,234.253952
3016454,13.038564
3016455,834.926941
3016456,556.911377
3016457,18.359350
3016458,21.343044
3016459,801.264038
3016460,212.000397
3016461,4487.102051
3016462,347.180664
3016463,55.635925
3016464,9.185266
3016465,0.000000
3016466,17.845003
3016467,4162.955566
3016468,0.000000
3016469,695.718872
3016470,14.732842
3016471,1404.632080
3016472,1004.362732
3016473,504.701141
3016474,94.817062
3016475,179.531662
3016476,6340.893555
3016477,32.705845
3016478,2.699551
3016479,27.638857
3016480,23.888046
3016481,0.084611
3016482,434.175354
3016483,20.792227
3016484,19.894247
3016485,9.111073
3016486,106.748146
3016487,9.609862
3016488,718.595520
3016489,497.319275
3016490,17.343697
3016491,32.207809
3016492,505.807709
3016493,121.261711
3016494,2042.246216
3016495,286.892700
3016496,34.679863
3016497,13.775108
3016498,0.000000
3016499,18.894714
3016500,6089.799805
3016501,0.000000
3016502,857.688721
3016503,19.772921
3016504,1518.812866
3016505,1428.791260
3016506,447.092224
3016507,230.682098
3016508,195.935806
3016509,7884.895996
3016510,48.788265
3016511,1.158760
3016512,55.134029
3016513,51.504841
3016514,0.414795
3016515,441.328583
3016516,26.065153
3016517,29.519840
3016518,28.007986
3016519,191.328781
3016520,11.700401
3016521,675.045166
3016522,498.286499
3016523,16.701090
3016524,23.860174
3016525,765.648743
3016526,179.669754
3016527,4201.793457
3016528,318.236938
3016529,53.129971
3016530,8.171668
3016531,0.000000
3016532,17.848482
3016533,3365.700439
3016534,0.000000
3016535,575.190552
3016536,6.999293
3016537,1328.611694
3016538,813.785339
3016539,437.945953
3016540,74.758987
3016541,135.503510
3016542,5594.678711
3016543,31.962675
3016544,0.000000
3016545,24.611153
3016546,20.620123
3016547,0.000000
3016548,380.497253
3016549,18.709152
3016550,9.069588
3016551,6.182615
3016552,114.870743
3016553,5.377315
3016554,580.170654
3016555,548.338989
3016556,12.746054
3016557,15.557065
3016558,507.682495
3016559,73.293648
3016560,1274.695679
3016561,320.871429
3016562,15.297789
3016563,10.815766
3016564,0.000000
3016565,10.121270
3016566,4967.257324
3016567,0.000000
3016568,919.013245
3016569,26.801134
3016570,1381.030151
3016571,1574.791382
3016572,348.226074
3016573,354.148346
3016574,266.961700
3016575,5818.800781
3016576,56.091324
3016577,1.063542
3016578,50.542706
3016579,46.148006
3016580,0.000000
3016581,340.528900
3016582,13.290257
3016583,24.031261
3016584,9.168288
3016585,236.377228
3016586,14.467184
3016587,573.526733
3016588,384.242706
3016589,15.401870
3016590,24.560442
3016591,689.962891
3016592,162.399673
3016593,5864.285156
3016594,204.208786
3016595,62.693741
3016596,4.943159
3016597,0.000000
3016598,5.811970
3016599,1627.793213
3016600,0.000000
3016601,265.242493
3016602,21.064484
3016603,684.472107
3016604,415.190308
3016605,172.756027
3016606,63.700729
3016607,74.284348
3016608,2471.909180
3016609,20.259130
3016610,0.911393
3016611,23.964523
3016612,18.930008
3016613,0.000000
3016614,156.551910
3016615,9.615292
3016616,8.565194
3016617,9.192202
3016618,57.505478
3016619,8.389054
3016620,218.655899
3016621,188.477676
3016622,2.437796
3016623,6.354562
3016624,158.536713
3016625,57.253799
3016626,1319.579590
3016627,1.401381
3016628,8.583846
3016629,10.521482
3016630,0.000000
3016631,15.629645
3016632,4005.759521
3016633,0.000000
3016634,533.598206
3016635,30.397289
3016636,1490.183838
3016637,1002.261414
3016638,450.796021
3016639,93.168266
3016640,186.436676
3016641,6342.465820
3016642,67.019661
3016643,1.890523
3016644,61.142311
3016645,35.459560
3016646,0.000000
3016647,345.028931
3016648,15.490332
3016649,9.547166
3016650,4.880188
3016651,152.861389
3016652,10.531280
3016653,515.720703
3016654,447.555878
3016655,11.938083
3016656,24.576817
3016657,300.605347
3016658,92.361145
3016659,2160.205322
3016660,307.013580
3016661,18.765156
3016662,5.605251
3016663,0.000000
3016664,4.085829
3016665,3616.835449
3016666,0.000000
3016667,608.913940
3016668,9.519702
3016669,1064.194214
3016670,1201.811157
3016671,172.837921
3016672,277.937439
3016673,204.636932
3016674,3816.489258
3016675,32.935108
3016676,0.794780
3016677,20.338293
3016678,27.873787
3016679,0.000000
3016680,227.122360
3016681,2.166543
3016682,49.040356
3016683,3.367144
3016684,125.999130
3016685,8.010945
3016686,454.279785
3016687,177.941177
3016688,14.991786
3016689,9.964669
3016690,494.492767
3016691,100.597542
3016692,4144.458496
3016693,3.090249
3016694,34.513351
3016695,7.839359
3016696,0.000000
3016697,6.416579
3016698,3871.158936
3016699,0.000000
3016700,656.685913
3016701,11.502672
3016702,1317.367798
3016703,939.401855
3016704,274.931030
3016705,173.080627
3016706,318.225983
3016707,4951.193848
3016708,28.668301
3016709,3.005177
3016710,41.346886
3016711,32.946014
3016712,0.000000
3016713,259.312195
3016714,4.555794
3016715,50.310162
3016716,7.078678
3016717,286.629791
3016718,9.564543
3016719,409.991089
3016720,234.169662
3016721,14.318508
3016722,20.294123
3016723,377.251923
3016724,104.525108
3016725,4157.690918
3016726,3.783586
3016727,6.574750
3016728,6.108258
3016729,0.000000
3016730,3.703211
3016731,1477.832642
3016732,0.000000
3016733,346.519745
3016734,6.918422
3016735,681.895691
3016736,340.894440
3016737,164.451431
3016738,60.712925
3016739,96.362831
3016740,2244.629395
3016741,10.366693
3016742,0.848922
3016743,21.493322
3016744,17.858932
3016745,0.000000
3016746,136.720871
3016747,4.209737
3016748,9.285638
3016749,4.162256
3016750,75.244286
3016751,3.568828
3016752,200.096054
3016753,166.497574
3016754,3.963888
3016755,4.158714
3016756,120.869980
3016757,49.396168
3016758,1504.972046
3016759,0.077730
3016760,3.144303
3016761,5.671239
3016762,0.000000
3016763,0.882411
3016764,2527.129883
3016765,0.000000
3016766,165.792252
3016767,3.655873
3016768,757.026245
3016769,177.484497
3016770,160.784088
3016771,56.577038
3016772,26.138617
3016773,2698.986572
3016774,9.789941
3016775,0.356898
3016776,15.272311
3016777,8.653095
3016778,0.000000
3016779,156.176361
3016780,0.000000
3016781,1.862389
3016782,3.292129
3016783,15.792785
3016784,1.854797
3016785,51.166191
3016786,132.547226
3016787,0.000000
3016788,1.713691
3016789,53.455685
3016790,77.344086
3016791,516.863831
3016792,0.031785
3016793,2.538642
3016794,4.464843
3016795,0.000000
3016796,5.638512
3016797,2421.523926
3016798,0.000000
3016799,402.282440
3016800,9.417159
3016801,853.645142
3016802,691.070740
3016803,233.692352
3016804,120.200195
3016805,98.460823
3016806,3763.026611
3016807,25.445082
3016808,0.589584
3016809,21.492352
3016810,32.331280
3016811,0.000000
3016812,201.954102
3016813,15.838409
3016814,15.860993
3016815,9.604596
3016816,75.640953
3016817,6.214653
3016818,349.122253
3016819,236.316498
3016820,6.509030
3016821,11.881306
3016822,394.797211
3016823,75.853905
3016824,1812.079346
3016825,0.045900
3016826,21.679176
3016827,3.959679
3016828,0.000000
3016829,6.482020
3016830,3309.665283
3016831,0.000000
3016832,521.838806
3016833,18.002087
3016834,841.065918
3016835,1054.661011
3016836,154.113373
3016837,242.130951
3016838,171.814499
3016839,3244.690186
3016840,32.567329
3016841,2.466119
3016842,24.664410
3016843,25.340757
3016844,0.690621
3016845,189.862671
3016846,11.272131
3016847,32.901897
3016848,8.827420
3016849,142.647690
3016850,13.330026
3016851,367.104828
3016852,201.301346
3016853,6.080806
3016854,12.094964
3016855,492.832886
3016856,126.504158
3016857,4136.189453
3016858,0.283813
3016859,37.756603
3016860,3.232648
3016861,0.000000
3016862,9.426886
3016863,3681.322510
3016864,0.000000
3016865,693.669800
3016866,20.642559
3016867,874.202820
3016868,1035.451294
3016869,207.924622
3016870,214.989243
3016871,121.400612
3016872,3836.163330
3016873,30.052233
3016874,2.777986
3016875,30.639320
3016876,38.119129
3016877,0.000000
3016878,259.621796
3016879,24.402880
3016880,31.318470
3016881,20.083847
3016882,137.213425
3016883,15.669733
3016884,352.314972
3016885,234.808044
3016886,13.810408
3016887,14.007251
3016888,402.879791
3016889,136.244385
3016890,3368.242676
3016891,3.662794
3016892,26.516672
3016893,11.329855
3016894,0.000000
3016895,7.912709
3016896,2545.928955
3016897,0.000000
3016898,352.665314
3016899,10.203951
3016900,1199.151611
3016901,568.989929
3016902,394.624237
3016903,149.144272
3016904,76.627106
3016905,4957.244141
3016906,8.421004
3016907,1.264217
3016908,37.789543
3016909,31.191824
3016910,0.000000
3016911,292.674042
3016912,7.732798
3016913,5.894310
3016914,6.891659
3016915,35.071980
3016916,4.381781
3016917,506.164734
3016918,339.466644
3016919,3.626408
3016920,6.435061
3016921,342.696838
3016922,80.713638
3016923,1072.354858
3016924,135.190689
3016925,13.085773
3016926,3.865368
3016927,0.000000
3016928,3.393464
3016929,1743.298706
3016930,0.000000
3016931,304.255310
3016932,17.094917
3016933,527.967651
3016934,536.525085
3016935,157.853134
3016936,140.417618
3016937,110.116631
3016938,1977.943970
3016939,16.080000
3016940,1.456139
3016941,23.985731
3016942,21.255356
3016943,0.000000
3016944,131.732544
3016945,11.577699
3016946,20.043835
3016947,5.985166
3016948,114.995590
3016949,6.034554
3016950,522.975098
3016951,108.837708
3016952,4.884309
3016953,9.690123
3016954,349.565765
3016955,65.082619
3016956,1807.311035
3016957,0.041026
3016958,31.591940
3016959,1.390614
3016960,0.000000
3016961,1.982052
3016962,1438.723877
3016963,0.000000
3016964,79.744301
3016965,2.754752
3016966,752.809570
3016967,234.893097
3016968,260.915802
3016969,33.526752
3016970,31.555712
3016971,2465.207764
3016972,2.573336
3016973,0.000000
3016974,7.677093
3016975,6.740794
3016976,0.000000
3016977,126.924194
3016978,3.526497
3016979,1.187933
3016980,1.163724
3016981,13.759946
3016982,0.000873
3016983,161.563812
3016984,133.990616
3016985,0.073163
3016986,3.308969
3016987,140.329346
3016988,21.478941
3016989,229.073990
3016990,105.957664
3016991,2.183719
3016992,6.008217
3016993,0.000000
3016994,3.778492
3016995,4899.681152
3016996,0.000000
3016997,620.984131
3016998,15.510625
3016999,1605.656128
3017000,503.143188
3017001,534.378052
3017002,238.098206
3017003,83.299179
3017004,6330.788574
3017005,26.284399
3017006,0.360028
3017007,23.742157
3017008,17.856516
3017009,0.000000
3017010,394.588654
3017011,6.493517
3017012,1.942012
3017013,7.490964
3017014,42.388237
3017015,1.717974
3017016,577.069519
3017017,308.421112
3017018,1.925143
3017019,11.795493
3017020,536.093262
3017021,99.211975
3017022,1403.955933
3017023,24.663246
3017024,5.271142
3017025,4.306965
3017026,0.000000
3017027,0.797236
3017028,1466.976685
3017029,0.000000
3017030,141.955597
3017031,11.122105
3017032,884.788391
3017033,314.233215
3017034,229.274017
3017035,54.747219
3017036,35.528797
3017037,2554.889160
3017038,5.037412
3017039,0.000000
3017040,11.133986
3017041,16.362690
3017042,0.000000
3017043,120.688660
3017044,9.362232
3017045,1.444842
3017046,10.718814
3017047,40.120853
3017048,1.807351
3017049,119.125145
3017050,152.067780
3017051,1.322068
3017052,5.759373
3017053,148.523849
3017054,30.987778
3017055,354.213104
3017056,5.121922
3017057,3.458682
3017058,3.537709
3017059,0.000000
3017060,2.797099
3017061,1620.706299
3017062,0.000000
3017063,86.755600
3017064,5.037465
3017065,640.098633
3017066,224.725006
3017067,155.864990
3017068,35.051037
3017069,31.605812
3017070,2504.464355
3017071,11.656368
3017072,0.000000
3017073,11.080950
3017074,8.392057
3017075,0.000000
3017076,119.854156
3017077,1.569084
3017078,1.183692
3017079,1.573521
3017080,37.767853
3017081,0.987570
3017082,149.838272
3017083,152.427521
3017084,0.003882
3017085,3.081443
3017086,84.811897
3017087,19.014444
3017088,181.527588
3017089,7.912382
3017090,1.363985
3017091,3.424325
3017092,0.000000
3017093,2.297402
3017094,1520.827637
3017095,0.000000
3017096,136.282745
3017097,8.740481
3017098,867.524048
3017099,354.166504
3017100,278.534058
3017101,32.293785
3017102,48.904041
3017103,2754.333496
3017104,4.618556
3017105,0.000000
3017106,9.022622
3017107,18.792711
3017108,0.000000
3017109,155.918045
3017110,1.652409
3017111,2.168216
3017112,3.241804
3017113,24.122753
3017114,3.996639
3017115,210.743332
3017116,241.070328
3017117,1.300284
3017118,4.404951
3017119,56.799194
3017120,80.539253
3017121,357.883789
3017122,2.971579
3017123,5.145936
3017124,3.192391
3017125,1.685766
3017126,3.348586
3017127,1514.847778
3017128,0.000000
3017129,131.513397
3017130,3.724380
3017131,748.148865
3017132,276.034119
3017133,308.412140
3017134,99.949600
3017135,71.610268
3017136,2268.131592
3017137,6.944486
3017138,0.907447
3017139,14.310184
3017140,15.757404
3017141,0.000000
3017142,183.977890
3017143,8.149648
3017144,2.500263
3017145,4.201088
3017146,31.746965
3017147,2.825841
3017148,124.644028
3017149,166.242233
3017150,0.493669
3017151,4.281064
3017152,117.416489
3017153,39.425430
3017154,479.278290
3017155,4.178056
3017156,5.224743
3017157,3.819790
3017158,0.000000
3017159,0.364559
3017160,1398.610107
3017161,0.000000
3017162,102.895638
3017163,4.416310
3017164,715.314148
3017165,188.957535
3017166,136.890259
3017167,102.464668
3017168,32.515537
3017169,1678.105957
3017170,2.621887
3017171,0.000000
3017172,11.653601
3017173,11.446477
3017174,0.000000
3017175,137.950577
3017176,0.000000
3017177,2.007033
3017178,2.043474
3017179,28.139753
3017180,2.345773
3017181,53.281250
3017182,103.689148
3017183,0.358621
3017184,2.487148
3017185,64.158524
3017186,31.865799
3017187,450.630768
3017188,0.155460
3017189,2.121021
3017190,7.108759
3017191,0.118832
3017192,2.514414
3017193,2564.350586
3017194,0.000000
3017195,268.388580
3017196,6.590599
3017197,818.313354
3017198,459.119904
3017199,531.460327
3017200,134.957947
3017201,83.588783
3017202,3761.989746
3017203,11.033786
3017204,1.348283
3017205,18.297646
3017206,17.098354
3017207,0.000000
3017208,217.516953
3017209,0.000000
3017210,1.248424
3017211,6.332678
3017212,47.153786
3017213,3.443302
3017214,198.973801
3017215,196.704666
3017216,1.061844
3017217,6.104834
3017218,269.201935
3017219,55.377533
3017220,987.190125
3017221,40.462021
3017222,9.716177
3017223,1.933240
3017224,0.000000
3017225,3.334947
3017226,1587.837280
3017227,0.000000
3017228,405.958832
3017229,8.109787
3017230,443.641266
3017231,397.886505
3017232,169.618744
3017233,117.335243
3017234,50.977657
3017235,2178.790771
3017236,7.752375
3017237,0.777120
3017238,17.628817
3017239,15.224445
3017240,0.000000
3017241,120.622490
3017242,6.027027
3017243,1.726410
3017244,5.361773
3017245,67.574318
3017246,1.761768
3017247,75.900970
3017248,122.692886
3017249,2.751162
3017250,5.954942
3017251,156.760330
3017252,50.909512
3017253,1010.674561
3017254,41.940613
3017255,8.202643
3017256,5.288488
3017257,0.000000
3017258,3.537477
3017259,2582.706299
3017260,0.000000
3017261,129.296066
3017262,5.295794
3017263,752.986267
3017264,282.709930
3017265,265.500641
3017266,57.357143
3017267,49.341465
3017268,3126.980957
3017269,21.496710
3017270,1.054622
3017271,14.017815
3017272,12.873114
3017273,0.000000
3017274,146.969391
3017275,6.938306
3017276,2.033614
3017277,3.501451
3017278,39.368580
3017279,3.486224
3017280,122.990196
3017281,175.920425
3017282,1.346881
3017283,4.449327
3017284,123.833344
3017285,20.300383
3017286,402.597443
3017287,10.353891
3017288,4.619226
3017289,5.009396
3017290,0.000000
3017291,6.362332
3017292,2657.886230
3017293,0.000000
3017294,516.991577
3017295,12.488315
3017296,748.128479
3017297,742.166687
3017298,241.497009
3017299,158.851486
3017300,98.796013
3017301,3590.309570
3017302,29.398235
3017303,0.616764
3017304,18.749443
3017305,19.157656
3017306,0.000000
3017307,198.028931
3017308,18.497118
3017309,13.793476
3017310,4.842986
3017311,103.638374
3017312,9.450722
3017313,1153.933105
3017314,226.742188
3017315,7.164604
3017316,6.444098
3017317,559.790161
3017318,105.698402
3017319,1905.191406
3017320,0.039724
3017321,36.306122
3017322,6.286875
3017323,0.000000
3017324,4.652710
3017325,3695.469238
3017326,0.000000
3017327,358.665283
3017328,7.237613
3017329,1390.747925
3017330,497.693054
3017331,788.935059
3017332,78.720116
3017333,80.407646
3017334,5565.713379
3017335,10.796965
3017336,0.164924
3017337,19.500477
3017338,11.607952
3017339,0.000000
3017340,264.729584
3017341,1.373507
3017342,6.012183
3017343,3.309922
3017344,62.770298
3017345,1.927055
3017346,262.309418
3017347,269.092743
3017348,2.802030
3017349,4.854618
3017350,410.528229
3017351,61.206928
3017352,733.712036
3017353,46.074841
3017354,10.434669
3017355,9.139897
3017356,0.000000
3017357,4.564255
3017358,2779.469727
3017359,0.000000
3017360,316.685272
3017361,3.924729
3017362,1514.166748
3017363,443.070709
3017364,261.509521
3017365,167.565338
3017366,81.820549
3017367,3632.432861
3017368,10.848698
3017369,0.000000
3017370,31.910667
3017371,24.657137
3017372,0.000000
3017373,235.036484
3017374,2.732761
3017375,2.353180
3017376,8.581171
3017377,89.448830
3017378,2.114353
3017379,102.068741
3017380,220.864258
3017381,1.570528
3017382,4.966578
3017383,155.890518
3017384,137.848923
3017385,997.457764
3017386,0.039724
3017387,4.319303
3017388,3.881661
3017389,0.000000
3017390,2.235819
3017391,1588.657227
3017392,0.000000
3017393,109.689835
3017394,5.886467
3017395,654.212280
3017396,273.336517
3017397,135.211487
3017398,54.742874
3017399,54.415775
3017400,2422.677002
3017401,6.192792
3017402,0.622095
3017403,24.192207
3017404,15.586592
3017405,0.000000
3017406,143.697403
3017407,0.889203
3017408,1.556395
3017409,3.914896
3017410,151.331772
3017411,3.837670
3017412,100.736908
3017413,133.354858
3017414,1.278641
3017415,4.076337
3017416,242.377945
3017417,34.513508
3017418,572.764893
3017419,17.084196
3017420,2.321443
3017421,1.572357
3017422,0.000000
3017423,2.875572
3017424,1318.139526
3017425,0.000000
3017426,249.886444
3017427,9.529335
3017428,470.729248
3017429,458.906067
3017430,143.865829
3017431,51.321430
3017432,85.165947
3017433,1852.285400
3017434,23.876930
3017435,0.000000
3017436,9.146253
3017437,13.710384
3017438,0.000000
3017439,122.838821
3017440,11.477633
3017441,1.947130
3017442,4.971367
3017443,85.573128
3017444,4.176651
3017445,484.373566
3017446,139.372452
3017447,2.831002
3017448,4.132506
3017449,395.362671
3017450,35.330547
3017451,1022.624756
3017452,0.039724
3017453,10.128576
3017454,3.167288
3017455,0.000000
3017456,5.963968
3017457,3204.269531
3017458,0.000000
3017459,697.439331
3017460,20.742111
3017461,916.372192
3017462,1022.832397
3017463,273.707550
3017464,245.430466
3017465,209.019913
3017466,3890.302734
3017467,31.302195
3017468,0.936901
3017469,19.486256
3017470,29.647675
3017471,0.000000
3017472,227.655060
3017473,11.145907
3017474,31.759895
3017475,10.285123
3017476,102.218262
3017477,13.573981
3017478,583.059082
3017479,238.318924
3017480,14.478717
3017481,9.091943
3017482,729.754578
3017483,113.046333
3017484,3306.834473
3017485,0.000000
3017486,37.901012
3017487,2.680408
3017488,0.000000
3017489,3.534412
3017490,2824.156250
3017491,0.000000
3017492,466.099365
3017493,7.576661
3017494,491.729309
3017495,691.352844
3017496,197.571381
3017497,141.233871
3017498,101.374733
3017499,2060.941650
3017500,25.138599
3017501,0.895219
3017502,19.514875
3017503,14.454853
3017504,0.000000
3017505,114.286758
3017506,0.000000
3017507,32.072754
3017508,3.860187
3017509,285.103699
3017510,10.966557
3017511,376.805389
3017512,107.393143
3017513,3.981545
3017514,6.142712
3017515,265.531616
3017516,54.020023
3017517,1911.088013
3017518,1.897224
3017519,6.531441
3017520,3.291146
3017521,0.000000
3017522,0.172931
3017523,664.341370
3017524,0.000000
3017525,192.048813
3017526,4.748026
3017527,273.688629
3017528,188.779861
3017529,81.662956
3017530,29.903950
3017531,34.114357
3017532,1217.887939
3017533,5.048293
3017534,0.000000
3017535,9.926942
3017536,7.481275
3017537,0.000000
3017538,60.593590
3017539,0.000000
3017540,8.379827
3017541,0.777660
3017542,29.496782
3017543,0.000000
3017544,382.434174
3017545,105.325500
3017546,1.111589
3017547,0.819265
3017548,216.087326
3017549,16.877462
3017550,444.717590
3017551,0.000000
3017552,2.028792
3017553,5.613603
3017554,0.000000
3017555,3.858223
3017556,2529.699463
3017557,0.000000
3017558,456.919373
3017559,16.632307
3017560,666.248230
3017561,739.687988
3017562,277.824219
3017563,211.370651
3017564,136.781418
3017565,3175.326660
3017566,26.598276
3017567,0.000000
3017568,21.671860
3017569,26.529900
3017570,0.000000
3017571,169.358124
3017572,5.265296
3017573,37.235428
3017574,7.824205
3017575,232.431290
3017576,4.623257
3017577,387.328644
3017578,192.181015
3017579,8.585903
3017580,7.994659
3017581,420.975555
3017582,78.379105
3017583,2169.530762
3017584,0.820482
3017585,22.365704
3017586,4.371019
3017587,0.000000
3017588,1.715361
3017589,2901.660400
3017590,0.000000
3017591,442.511566
3017592,15.805799
3017593,983.463318
3017594,534.774048
3017595,361.134766
3017596,162.363754
3017597,67.853806
3017598,4106.776367
3017599,11.770782
3017600,0.462645
3017601,24.923046
3017602,21.395016
3017603,0.510583
3017604,188.795578
3017605,0.000000
3017606,4.512228
3017607,4.129749
3017608,65.312271
3017609,1.260525
3017610,171.764908
3017611,216.049728
3017612,3.274554
3017613,3.541887
3017614,213.469940
3017615,76.320747
3017616,1042.100342
3017617,2.305871
3017618,3.760382
3017619,4.370001
3017620,0.000000
3017621,3.104365
3017622,2663.354980
3017623,0.000000
3017624,455.605560
3017625,4.557574
3017626,811.738525
3017627,496.723297
3017628,256.199219
3017629,146.377808
3017630,65.440506
3017631,3280.822021
3017632,13.874939
3017633,0.831824
3017634,20.598612
3017635,17.202011
3017636,0.000000
3017637,184.257187
3017638,0.000000
3017639,4.147591
3017640,4.101141
3017641,100.330177
3017642,1.303046
3017643,98.795616
3017644,164.617630
3017645,3.440721
3017646,3.979136
3017647,206.910995
3017648,58.225819
3017649,705.448486
3017650,1.943678
3017651,4.462604
3017652,9.383250
3017653,0.974154
3017654,13.095864
3017655,7621.830078
3017656,0.000000
3017657,994.271362
3017658,35.259495
3017659,1600.995361
3017660,1737.325562
3017661,370.523468
3017662,480.864166
3017663,346.549744
3017664,7516.897949
3017665,76.072510
3017666,2.586699
3017667,56.850346
3017668,53.525394
3017669,0.000000
3017670,405.150726
3017671,38.296898
3017672,57.240067
3017673,17.739037
3017674,289.162445
3017675,31.350584
3017676,1280.879150
3017677,454.858276
3017678,19.059988
3017679,20.763487
3017680,1342.891479
3017681,233.239899
3017682,6839.643066
3017683,3.139736
3017684,115.745750
3017685,2.785120
3017686,0.000000
3017687,0.615295
3017688,1155.693848
3017689,0.000000
3017690,122.359039
3017691,3.731004
3017692,516.110107
3017693,205.461761
3017694,134.140686
3017695,117.517242
3017696,50.205544
3017697,1819.934937
3017698,3.697102
3017699,0.000000
3017700,13.302754
3017701,6.861666
3017702,0.000000
3017703,106.344521
3017704,0.197593
3017705,0.404226
3017706,2.409426
3017707,43.408546
3017708,0.467777
3017709,50.213764
3017710,82.364632
3017711,1.577498
3017712,3.395983
3017713,114.222473
3017714,18.667019
3017715,403.320374
3017716,0.000000
3017717,3.201659
3017718,7.266673
3017719,0.000000
3017720,1.332301
3017721,3264.367188
3017722,0.000000
3017723,498.250305
3017724,8.789749
3017725,1032.722656
3017726,504.835571
3017727,261.863251
3017728,243.164108
3017729,86.107010
3017730,4278.724121
3017731,9.210340
3017732,0.000000
3017733,22.229555
3017734,19.078394
3017735,0.000000
3017736,219.585876
3017737,0.734402
3017738,2.386908
3017739,8.338775
3017740,24.677458
3017741,1.253804
3017742,353.546326
3017743,195.291641
3017744,2.771856
3017745,4.806457
3017746,137.889328
3017747,57.924953
3017748,997.665833
3017749,1.886242
3017750,3.842815
3017751,1.453868
3017752,0.000000
3017753,2.472094
3017754,877.668579
3017755,0.000000
3017756,80.154274
3017757,2.831288
3017758,458.291107
3017759,122.246056
3017760,104.534874
3017761,157.105301
3017762,16.785427
3017763,1584.225708
3017764,1.034807
3017765,0.000000
3017766,7.843220
3017767,3.614709
3017768,0.000000
3017769,73.593643
3017770,0.000000
3017771,0.396309
3017772,1.152970
3017773,34.945049
3017774,0.000000
3017775,58.864651
3017776,66.705696
3017777,3.299099
3017778,1.328439
3017779,67.326164
3017780,8.960539
3017781,170.882278
3017782,0.114602
3017783,1.405056
3017784,5.770252
3017785,0.000000
3017786,2.607086
3017787,1704.701660
3017788,0.000000
3017789,169.715530
3017790,5.869341
3017791,752.510559
3017792,276.486755
3017793,208.405579
3017794,109.026970
3017795,70.606194
3017796,2575.582031
3017797,2.103611
3017798,0.226740
3017799,21.384827
3017800,14.579787
3017801,0.000000
3017802,156.651260
3017803,0.000000
3017804,1.517738
3017805,9.601136
3017806,34.118851
3017807,1.946202
3017808,208.296051
3017809,160.654861
3017810,1.769243
3017811,3.301230
3017812,270.427734
3017813,29.903891
3017814,1001.497192
3017815,0.000000
3017816,1.329742
3017817,3.448001
3017818,0.000000
3017819,2.419107
3017820,2425.311523
3017821,0.000000
3017822,679.763794
3017823,8.694215
3017824,829.677979
3017825,513.742065
3017826,257.281708
3017827,120.491829
3017828,81.014885
3017829,4009.630371
3017830,5.902103
3017831,2.892768
3017832,31.107380
3017833,37.325932
3017834,0.000000
3017835,195.161896
3017836,2.148392
3017837,8.022391
3017838,3.552890
3017839,41.586037
3017840,3.740616
3017841,177.950592
3017842,241.463547
3017843,3.603758
3017844,6.214809
3017845,166.502670
3017846,37.193710
3017847,597.800415
3017848,5.270722
3017849,2.856150
3017850,3.477249
3017851,0.000000
3017852,0.371148
3017853,1514.020142
3017854,0.000000
3017855,80.809555
3017856,2.505498
3017857,407.144104
3017858,132.888611
3017859,104.800240
3017860,124.926956
3017861,43.628227
3017862,1746.900146
3017863,3.038706
3017864,0.000000
3017865,5.923699
3017866,3.799594
3017867,0.000000
3017868,80.851654
3017869,0.000000
3017870,0.227053
3017871,0.090969
3017872,35.564842
3017873,0.183645
3017874,158.977005
3017875,79.831902
3017876,0.248011
3017877,0.345635
3017878,64.190620
3017879,16.921675
3017880,320.421143
3017881,0.039724
3017882,0.000000
3017883,4.002901
3017884,0.000000
3017885,1.632888
3017886,3572.944824
3017887,0.000000
3017888,500.357574
3017889,8.589312
3017890,809.971802
3017891,504.957275
3017892,231.838974
3017893,123.911934
3017894,103.167892
3017895,3627.699219
3017896,9.031810
3017897,0.000000
3017898,25.202042
3017899,9.032457
3017900,0.000000
3017901,192.646820
3017902,0.000000
3017903,28.530712
3017904,0.968461
3017905,69.775703
3017906,2.609029
3017907,211.587753
3017908,189.600632
3017909,3.343876
3017910,3.137007
3017911,140.753342
3017912,52.680695
3017913,1187.756836
3017914,1.786510
3017915,1.601996
3017916,3.413813
3017917,0.000000
3017918,7.021471
3017919,2483.883789
3017920,0.000000
3017921,439.147491
3017922,6.224161
3017923,689.686157
3017924,744.386414
3017925,159.199463
3017926,132.071915
3017927,118.131287
3017928,3161.276855
3017929,54.597191
3017930,1.390364
3017931,31.753155
3017932,21.589766
3017933,0.000000
3017934,191.953506
3017935,19.357224
3017936,26.640337
3017937,1.927943
3017938,122.247650
3017939,9.466372
3017940,290.064056
3017941,206.983856
3017942,11.608854
3017943,12.032928
3017944,270.237885
3017945,77.713181
3017946,2297.487793
3017947,0.079622
3017948,13.673596
3017949,4.557643
3017950,0.000000
3017951,6.882909
3017952,1907.265381
3017953,0.000000
3017954,366.968231
3017955,11.170690
3017956,746.877136
3017957,704.608765
3017958,151.606354
3017959,81.204063
3017960,107.586052
3017961,3192.767822
3017962,21.701326
3017963,0.517582
3017964,33.675613
3017965,27.568972
3017966,0.000000
3017967,269.019531
3017968,16.079918
3017969,14.759176
3017970,7.259212
3017971,106.453369
3017972,12.283370
3017973,210.506302
3017974,319.212524
3017975,6.027860
3017976,8.161378
3017977,164.570236
3017978,84.278694
3017979,1770.176636
3017980,9.497416
3017981,16.632380
3017982,7.212533
3017983,0.000000
3017984,4.005342
3017985,2846.051025
3017986,0.000000
3017987,536.761719
3017988,4.754754
3017989,1428.834229
3017990,508.546173
3017991,169.793625
3017992,215.478287
3017993,60.232559
3017994,4666.869141
3017995,24.892429
3017996,1.373071
3017997,21.414627
3017998,15.831840
3017999,0.000000
3018000,263.017426
3018001,4.765205
3018002,17.634531
3018003,8.073697
3018004,71.701378
3018005,5.937277
3018006,152.011658
3018007,239.492310
3018008,4.950182
3018009,9.528483
3018010,250.504547
3018011,62.570900
3018012,1317.559204
3018013,7.962073
3018014,13.178992
3018015,2.931846
3018016,0.000000
3018017,4.745157
3018018,2029.486816
3018019,0.000000
3018020,284.390930
3018021,7.862303
3018022,690.221619
3018023,542.082825
3018024,208.877182
3018025,126.544182
3018026,74.119957
3018027,3116.281982
3018028,13.238276
3018029,0.862356
3018030,13.443796
3018031,10.182225
3018032,0.000000
3018033,145.567307
3018034,15.482991
3018035,22.701248
3018036,1.879632
3018037,112.688614
3018038,6.920538
3018039,520.811401
3018040,186.835510
3018041,4.596733
3018042,6.800428
3018043,406.506287
3018044,57.174206
3018045,1861.386719
3018046,0.058693
3018047,28.749180
3018048,3.656140
3018049,0.000000
3018050,2.310100
3018051,5164.926270
3018052,0.000000
3018053,369.945221
3018054,7.765132
3018055,1518.277954
3018056,479.756012
3018057,274.967804
3018058,143.472122
3018059,64.716164
3018060,5725.521973
3018061,8.161610
3018062,1.466146
3018063,22.908945
3018064,19.536461
3018065,0.000000
3018066,275.859161
3018067,0.000000
3018068,0.003875
3018069,8.020477
3018070,36.509899
3018071,2.641704
3018072,125.889099
3018073,278.554291
3018074,2.686572
3018075,9.349564
3018076,226.517303
3018077,51.614777
3018078,853.653259
3018079,0.064041
3018080,4.722939
3018081,4.988152
3018082,0.000000
3018083,5.825743
3018084,1939.789551
3018085,0.000000
3018086,408.401825
3018087,11.790786
3018088,805.065918
3018089,529.339172
3018090,229.422256
3018091,112.382774
3018092,169.700806
3018093,3255.410400
3018094,29.446917
3018095,0.572706
3018096,17.103683
3018097,26.548182
3018098,0.000000
3018099,188.185944
3018100,11.784181
3018101,21.990772
3018102,5.152975
3018103,104.974915
3018104,9.045551
3018105,303.077148
3018106,229.343399
3018107,11.338721
3018108,7.595099
3018109,200.971527
3018110,58.149441
3018111,1737.487549
3018112,0.492743
3018113,5.780877
3018114,3.015200
3018115,0.000000
3018116,4.199504
3018117,2058.922852
3018118,0.000000
3018119,408.022827
3018120,8.978591
3018121,529.769470
3018122,730.831116
3018123,166.526077
3018124,112.527672
3018125,114.496895
3018126,2568.267334
3018127,24.916893
3018128,0.483400
3018129,15.967754
3018130,15.382050
3018131,0.000000
3018132,147.805603
3018133,10.660726
3018134,35.260117
3018135,4.870785
3018136,91.862061
3018137,9.144070
3018138,269.991119
3018139,182.471390
3018140,6.202357
3018141,6.023310
3018142,249.176544
3018143,53.889099
3018144,2125.457520
3018145,0.000559
3018146,13.949210
3018147,6.178063
3018148,0.000000
3018149,3.398685
3018150,5091.910156
3018151,0.000000
3018152,456.610138
3018153,18.075523
3018154,1147.359619
3018155,514.163757
3018156,271.739746
3018157,160.693329
3018158,64.114746
3018159,4401.309082
3018160,12.073892
3018161,0.000000
3018162,14.966450
3018163,19.483326
3018164,0.000000
3018165,229.027847
3018166,0.000000
3018167,10.097649
3018168,1.339392
3018169,86.934044
3018170,1.922769
3018171,205.710220
3018172,281.107452
3018173,2.586864
3018174,1.353583
3018175,269.952026
3018176,126.541000
3018177,1352.007446
3018178,3.424127
3018179,0.674840
3018180,14.027498
3018181,0.000000
3018182,14.517949
3018183,8614.974609
3018184,0.000000
3018185,1452.080322
3018186,25.034668
3018187,1986.497192
3018188,2202.508057
3018189,577.799805
3018190,558.663330
3018191,503.517548
3018192,8922.248047
3018193,74.987251
3018194,2.777222
3018195,100.181374
3018196,100.007011
3018197,0.000000
3018198,506.830200
3018199,25.233774
3018200,28.066935
3018201,50.697994
3018202,452.802307
3018203,24.479811
3018204,1285.342407
3018205,507.697876
3018206,35.965473
3018207,34.825233
3018208,1524.742798
3018209,277.507874
3018210,8400.751953
3018211,318.101593
3018212,115.906677
3018213,14.858739
3018214,0.000000
3018215,13.650686
3018216,8360.990234
3018217,0.000000
3018218,1183.949341
3018219,32.613861
3018220,2173.671875
3018221,2015.721191
3018222,760.764893
3018223,334.865356
3018224,350.268982
3018225,10582.867188
3018226,108.818275
3018227,0.889225
3018228,62.648346
3018229,63.433811
3018230,0.794790
3018231,516.130859
3018232,25.886797
3018233,35.715466
3018234,12.367331
3018235,333.482025
3018236,12.694242
3018237,1702.256836
3018238,604.163940
3018239,24.459017
3018240,28.111681
3018241,1556.631714
3018242,259.548889
3018243,5841.437500
3018244,517.712830
3018245,95.056908
3018246,10.183065
3018247,0.000000
3018248,19.648388
3018249,5507.835938
3018250,0.000000
3018251,755.928894
3018252,17.527849
3018253,1865.887939
3018254,1218.885010
3018255,792.319153
3018256,125.823425
3018257,236.379257
3018258,8291.726562
3018259,34.928673
3018260,2.438946
3018261,37.959518
3018262,24.056709
3018263,0.047365
3018264,497.952332
3018265,21.568331
3018266,29.909918
3018267,8.052619
3018268,173.562302
3018269,10.938251
3018270,1410.733398
3018271,574.374329
3018272,19.729542
3018273,38.342068
3018274,876.577454
3018275,146.891739
3018276,2404.569824
3018277,259.309753
3018278,54.908630
3018279,14.988514
3018280,0.000000
3018281,22.115820
3018282,8199.309570
3018283,0.000000
3018284,990.383972
3018285,26.526546
3018286,1898.396973
3018287,1694.496582
3018288,677.167664
3018289,324.035950
3018290,253.546585
3018291,8807.966797
3018292,58.267040
3018293,0.826355
3018294,57.170467
3018295,60.629929
3018296,0.150972
3018297,498.779266
3018298,24.552624
3018299,37.139095
3018300,26.035059
3018301,280.028748
3018302,13.712159
3018303,1368.327515
3018304,540.762695
3018305,19.591408
3018306,25.056763
3018307,1266.862427
3018308,210.504761
3018309,5174.059570
3018310,384.429138
3018311,79.838409
3018312,9.373541
3018313,0.000000
3018314,17.074970
3018315,4260.531250
3018316,0.000000
3018317,625.595581
3018318,7.425065
3018319,1593.789917
3018320,966.628845
3018321,649.742920
3018322,91.477066
3018323,178.774643
3018324,7286.279297
3018325,40.279251
3018326,0.000000
3018327,28.954521
3018328,25.404922
3018329,0.000000
3018330,482.563843
3018331,19.004469
3018332,11.737288
3018333,8.769220
3018334,204.370209
3018335,5.579749
3018336,1237.898926
3018337,610.015564
3018338,14.641874
3018339,20.168684
3018340,857.694275
3018341,87.710182
3018342,1606.842529
3018343,335.958221
3018344,27.928518
3018345,11.884226
3018346,0.000000
3018347,11.757314
3018348,6502.497070
3018349,0.000000
3018350,1043.067139
3018351,28.774736
3018352,1520.049683
3018353,1939.956665
3018354,494.279144
3018355,482.919556
3018356,355.884308
3018357,7438.724609
3018358,62.331646
3018359,0.998500
3018360,54.154572
3018361,51.877422
3018362,0.000000
3018363,406.277008
3018364,17.291458
3018365,33.872665
3018366,9.703895
3018367,369.224518
3018368,17.134438
3018369,1283.720581
3018370,456.496796
3018371,16.172892
3018372,26.128344
3018373,1258.849854
3018374,224.412384
3018375,6848.190918
3018376,249.991486
3018377,113.062042
3018378,5.348429
3018379,0.000000
3018380,5.907530
3018381,1635.273804
3018382,0.000000
3018383,292.381317
3018384,27.626434
3018385,743.945557
3018386,452.694183
3018387,234.085434
3018388,87.743149
3018389,93.716148
3018390,2670.054199
3018391,28.744581
3018392,0.964679
3018393,25.451031
3018394,20.085150
3018395,0.000000
3018396,168.966202
3018397,10.236512
3018398,9.832520
3018399,9.193160
3018400,90.824348
3018401,9.347820
3018402,289.817352
3018403,195.114655
3018404,3.426034
3018405,6.377164
3018406,286.473663
3018407,60.325119
3018408,1426.530396
3018409,1.114205
3018410,11.628376
3018411,10.456659
3018412,0.000000
3018413,12.155538
3018414,4241.642578
3018415,0.000000
3018416,540.401245
3018417,33.341846
3018418,1460.677734
3018419,861.425476
3018420,484.651581
3018421,104.243385
3018422,172.724991
3018423,6320.355469
3018424,77.136246
3018425,0.709080
3018426,57.349033
3018427,29.160131
3018428,0.000000
3018429,397.098297
3018430,12.294501
3018431,7.957536
3018432,3.117078
3018433,176.125595
3018434,7.502277
3018435,705.987061
3018436,452.732910
3018437,11.380235
3018438,17.505653
3018439,453.624512
3018440,100.267349
3018441,2036.311890
3018442,347.750122
3018443,22.818089
3018444,6.476798
3018445,0.000000
3018446,3.920647
3018447,4552.138184
3018448,0.000000
3018449,757.446838
3018450,11.064087
3018451,1230.412842
3018452,1455.711060
3018453,292.401215
3018454,391.524139
3018455,282.056763
3018456,4720.382812
3018457,37.194401
3018458,0.661762
3018459,27.504690
3018460,30.680946
3018461,0.000000
3018462,288.419128
3018463,2.035766
3018464,53.682827
3018465,3.192945
3018466,223.502548
3018467,9.164829
3018468,1063.921631
3018469,233.269775
3018470,21.082775
3018471,8.476110
3018472,1274.362793
3018473,119.637352
3018474,5323.185059
3018475,3.060197
3018476,66.655029
3018477,9.303989
3018478,0.000000
3018479,8.013861
3018480,4661.972656
3018481,0.000000
3018482,875.961182
3018483,14.594646
3018484,1648.430054
3018485,1261.209351
3018486,389.715546
3018487,252.942581
3018488,492.569397
3018489,6793.813965
3018490,32.769112
3018491,2.636374
3018492,57.545799
3018493,35.085506
3018494,0.000000
3018495,326.041351
3018496,4.846319
3018497,62.567894
3018498,7.685695
3018499,395.916870
3018500,10.739431
3018501,869.051270
3018502,298.951355
3018503,18.964603
3018504,24.979969
3018505,743.645508
3018506,142.605591
3018507,5234.756348
3018508,3.420504
3018509,9.452473
3018510,6.879155
3018511,0.000000
3018512,3.844950
3018513,2034.741821
3018514,0.000000
3018515,447.705170
3018516,6.095235
3018517,795.924744
3018518,403.764862
3018519,245.779297
3018520,87.375153
3018521,123.653809
3018522,2796.819092
3018523,10.727196
3018524,0.846433
3018525,23.473104
3018526,16.677790
3018527,0.000000
3018528,144.835495
3018529,4.946840
3018530,11.957418
3018531,4.201249
3018532,98.372925
3018533,3.566636
3018534,428.585144
3018535,161.487350
3018536,3.802401
3018537,4.265067
3018538,227.593567
3018539,56.031765
3018540,1739.426270
3018541,0.005756
3018542,4.367117
3018543,5.975467
3018544,0.000000
3018545,0.918711
3018546,2866.100586
3018547,0.000000
3018548,166.784943
3018549,4.114465
3018550,902.666870
3018551,223.762024
3018552,234.034729
3018553,63.806595
3018554,27.145380
3018555,2729.737305
3018556,8.325737
3018557,0.327383
3018558,15.509768
3018559,8.370912
3018560,0.000000
3018561,167.704300
3018562,0.000000
3018563,2.010126
3018564,3.148029
3018565,26.603649
3018566,1.927768
3018567,53.014584
3018568,143.822128
3018569,0.000000
3018570,1.796859
3018571,63.889427
3018572,77.515923
3018573,515.876892
3018574,0.109105
3018575,2.392329
3018576,4.423801
3018577,0.000000
3018578,5.401236
3018579,2910.045166
3018580,0.000000
3018581,459.188477
3018582,11.378546
3018583,1039.553467
3018584,799.848633
3018585,322.777710
3018586,158.813049
3018587,132.771378
3018588,4207.024902
3018589,29.444878
3018590,0.265224
3018591,27.407578
3018592,34.765450
3018593,0.000000
3018594,235.100082
3018595,17.544151
3018596,15.147840
3018597,9.899319
3018598,113.591690
3018599,6.417386
3018600,595.795105
3018601,267.018829
3018602,7.284005
3018603,14.691298
3018604,594.826721
3018605,91.324203
3018606,2118.509033
3018607,0.045729
3018608,42.440445
3018609,4.183949
3018610,0.000000
3018611,5.899222
3018612,3491.349609
3018613,0.000000
3018614,550.247681
3018615,21.488401
3018616,840.534607
3018617,1097.176758
3018618,209.673767
3018619,304.800964
3018620,237.659973
3018621,3453.481934
3018622,35.208374
3018623,2.540386
3018624,25.569149
3018625,25.580750
3018626,0.619044
3018627,195.780045
3018628,12.096240
3018629,38.922531
3018630,8.223533
3018631,238.606384
3018632,15.815030
3018633,718.324402
3018634,198.817764
3018635,6.258535
3018636,14.637154
3018637,714.398254
3018638,139.966507
3018639,4328.518066
3018640,0.259263
3018641,58.958916
3018642,3.706144
3018643,0.000000
3018644,10.718175
3018645,4415.826172
3018646,0.000000
3018647,693.186951
3018648,24.920031
3018649,916.356628
3018650,1214.810181
3018651,283.006836
3018652,291.312469
3018653,164.073349
3018654,4388.651855
3018655,37.559944
3018656,2.687217
3018657,36.797443
3018658,38.284580
3018659,0.000000
3018660,280.217407
3018661,26.783136
3018662,35.336662
3018663,20.310379
3018664,201.369705
3018665,15.139896
3018666,734.413574
3018667,288.730865
3018668,14.493624
3018669,15.574990
3018670,779.938354
3018671,139.734222
3018672,3916.338135
3018673,3.509252
3018674,47.447781
3018675,12.035753
3018676,0.000000
3018677,7.562933
3018678,2654.316895
3018679,0.000000
3018680,400.094696
3018681,12.144384
3018682,1324.641846
3018683,610.997070
3018684,545.252686
3018685,125.892357
3018686,87.562927
3018687,5498.571777
3018688,9.142088
3018689,1.211390
3018690,53.282257
3018691,34.460217
3018692,0.000000
3018693,312.530884
3018694,7.905847
3018695,5.607180
3018696,6.983473
3018697,65.126099
3018698,4.308249
3018699,313.034302
3018700,317.550995
3018701,0.000000
3018702,6.288969
3018703,429.813995
3018704,82.846642
3018705,1211.579224
3018706,139.586685
3018707,13.617151
3018708,4.791622
3018709,0.000000
3018710,3.621062
3018711,1698.146606
3018712,0.000000
3018713,262.084930
3018714,9.857972
3018715,408.016479
3018716,491.006805
3018717,127.740509
3018718,130.887741
3018719,122.174980
3018720,1853.421631
3018721,14.378397
3018722,2.534133
3018723,15.756788
3018724,25.242264
3018725,0.000000
3018726,136.388916
3018727,13.115653
3018728,13.515473
3018729,4.725014
3018730,125.301414
3018731,6.936284
3018732,265.293396
3018733,143.488968
3018734,3.186005
3018735,8.729893
3018736,203.975403
3018737,50.203312
3018738,1895.205444
3018739,0.056644
3018740,23.980011
3018741,1.801593
3018742,0.000000
3018743,2.894201
3018744,1435.411011
3018745,0.000000
3018746,104.883827
3018747,7.647471
3018748,741.983948
3018749,297.441284
3018750,275.222900
3018751,39.477894
3018752,44.394669
3018753,2791.495850
3018754,6.425550
3018755,0.000000
3018756,12.231261
3018757,9.649518
3018758,0.000000
3018759,167.595383
3018760,6.046268
3018761,1.531008
3018762,1.891693
3018763,24.935699
3018764,0.040187
3018765,177.544846
3018766,186.322784
3018767,0.000000
3018768,5.072198
3018769,140.366318
3018770,33.309059
3018771,241.074875
3018772,75.551491
3018773,3.031820
3018774,9.129210
3018775,0.000000
3018776,5.176731
3018777,4618.128418
3018778,0.000000
3018779,549.615112
3018780,16.645300
3018781,1478.547485
3018782,492.236053
3018783,412.717560
3018784,190.361298
3018785,122.787155
3018786,6683.078613
3018787,31.669083
3018788,0.752649
3018789,33.465767
3018790,21.104885
3018791,0.000000
3018792,401.074646
3018793,9.455653
3018794,2.458344
3018795,9.777570
3018796,67.051117
3018797,2.705153
3018798,495.677673
3018799,318.594269
3018800,2.129744
3018801,16.689108
3018802,412.017456
3018803,106.142410
3018804,1117.833496
3018805,33.894844
3018806,13.125949
3018807,5.471302
3018808,0.000000
3018809,1.017671
3018810,1619.266235
3018811,0.000000
3018812,150.777771
3018813,10.943163
3018814,863.710388
3018815,357.668213
3018816,198.499985
3018817,55.858421
3018818,53.874344
3018819,2712.230957
3018820,8.299526
3018821,0.000000
3018822,19.437485
3018823,19.481470
3018824,0.000000
3018825,141.886475
3018826,13.227351
3018827,1.589539
3018828,9.156672
3018829,59.552921
3018830,2.243687
3018831,131.989853
3018832,165.518356
3018833,1.258601
3018834,7.056559
3018835,148.121735
3018836,33.691036
3018837,356.212463
3018838,6.155426
3018839,4.756858
3018840,6.104201
3018841,0.000000
3018842,4.378082
3018843,1641.908447
3018844,0.000000
3018845,119.990883
3018846,8.251232
3018847,770.742371
3018848,309.593536
3018849,192.964081
3018850,37.602551
3018851,38.188309
3018852,3072.591553
3018853,13.888163
3018854,0.000000
3018855,14.648330
3018856,9.403914
3018857,0.000000
3018858,158.355728
3018859,2.366599
3018860,1.479096
3018861,2.063156
3018862,63.224331
3018863,1.419910
3018864,171.329025
3018865,237.737518
3018866,0.048238
3018867,4.264284
3018868,122.666618
3018869,21.669912
3018870,196.138351
3018871,9.354070
3018872,2.995791
3018873,5.313607
3018874,0.000000
3018875,2.706179
3018876,1533.341919
3018877,0.000000
3018878,159.941360
3018879,11.881218
3018880,883.028931
3018881,455.540253
3018882,271.366028
3018883,38.258282
3018884,67.478027
3018885,3565.501953
3018886,6.667046
3018887,0.000000
3018888,12.330566
3018889,29.414467
3018890,0.000000
3018891,255.629929
3018892,1.740337
3018893,2.406187
3018894,3.550824
3018895,35.073009
3018896,5.647988
3018897,331.736969
3018898,284.252319
3018899,1.142690
3018900,5.788517
3018901,128.911194
3018902,91.733765
3018903,444.307648
3018904,0.000000
3018905,8.337258
3018906,3.780307
3018907,2.004874
3018908,3.386914
3018909,1443.014648
3018910,0.000000
3018911,140.534454
3018912,4.048475
3018913,716.392822
3018914,279.669250
3018915,240.585770
3018916,81.930687
3018917,79.822998
3018918,2406.685303
3018919,7.549667
3018920,1.137336
3018921,13.710637
3018922,17.155964
3018923,0.000000
3018924,197.441772
3018925,7.535116
3018926,2.558881
3018927,5.268419
3018928,36.327995
3018929,2.994051
3018930,105.555809
3018931,169.364685
3018932,0.000000
3018933,4.732948
3018934,100.166245
3018935,49.411713
3018936,485.322968
3018937,6.205688
3018938,6.192835
3018939,6.509264
3018940,0.000000
3018941,0.738734
3018942,1223.897827
3018943,0.000000
3018944,124.316940
3018945,7.432725
3018946,722.644470
3018947,240.482391
3018948,139.747421
3018949,115.114395
3018950,51.618172
3018951,1957.307861
3018952,3.341001
3018953,0.000000
3018954,17.744581
3018955,13.960955
3018956,0.000000
3018957,152.748627
3018958,0.000000
3018959,2.446474
3018960,2.749531
3018961,42.241467
3018962,3.050614
3018963,50.937744
3018964,136.320648
3018965,0.000000
3018966,3.272495
3018967,57.042957
3018968,34.493286
3018969,430.145142
3018970,0.407927
3018971,2.010715
3018972,9.833501
3018973,0.002975
3018974,3.465375
3018975,3174.082031
3018976,0.000000
3018977,272.715393
3018978,7.990645
3018979,1048.538574
3018980,501.415833
3018981,458.517639
3018982,146.621017
3018983,185.400314
3018984,4595.629395
3018985,18.266489
3018986,1.620556
3018987,26.713783
3018988,25.066092
3018989,0.000000
3018990,254.404739
3018991,0.000000
3018992,1.633380
3018993,10.780671
3018994,81.064484
3018995,5.478844
3018996,201.505173
3018997,257.684174
3018998,1.301828
3018999,9.506528
3019000,286.544220
3019001,68.402496
3019002,995.030823
3019003,52.885616
3019004,15.965522
3019005,3.666591
3019006,0.000000
3019007,5.550652
3019008,2108.074951
3019009,0.000000
3019010,484.060669
3019011,8.843867
3019012,548.877014
3019013,526.069946
3019014,205.558167
3019015,156.768555
3019016,79.974754
3019017,2906.099121
3019018,12.277678
3019019,0.793520
3019020,27.610729
3019021,22.662933
3019022,0.000000
3019023,189.032791
3019024,11.067543
3019025,2.687467
3019026,6.550037
3019027,85.780876
3019028,2.861726
3019029,95.090897
3019030,166.506363
3019031,3.527340
3019032,9.450979
3019033,193.248398
3019034,51.822922
3019035,1391.867310
3019036,63.110977
3019037,18.644257
3019038,7.464040
3019039,0.000000
3019040,5.479281
3019041,3434.023193
3019042,0.000000
3019043,221.498108
3019044,7.355704
3019045,1016.353638
3019046,422.931061
3019047,294.936157
3019048,85.240646
3019049,58.049160
3019050,4517.838867
3019051,32.857964
3019052,1.635416
3019053,19.871927
3019054,16.870930
3019055,0.000000
3019056,245.686447
3019057,14.751920
3019058,2.334001
3019059,4.468462
3019060,60.226894
3019061,4.097552
3019062,210.768021
3019063,260.487152
3019064,1.267267
3019065,7.144016
3019066,261.721924
3019067,30.562489
3019068,495.789948
3019069,13.180262
3019070,7.685209
3019071,7.231054
3019072,0.000000
3019073,8.462707
3019074,2916.233643
3019075,0.000000
3019076,501.150085
3019077,14.849191
3019078,718.119141
3019079,713.224792
3019080,268.543884
3019081,173.217590
3019082,117.076660
3019083,3758.705811
3019084,38.423592
3019085,1.017003
3019086,22.809837
3019087,24.672922
3019088,0.000000
3019089,228.427704
3019090,29.799109
3019091,20.639025
3019092,6.469356
3019093,140.891251
3019094,12.117328
3019095,407.030945
3019096,246.474930
3019097,8.873575
3019098,8.458281
3019099,413.829895
3019100,117.329720
3019101,2075.084961
3019102,0.050000
3019103,35.929024
3019104,10.215440
3019105,0.000000
3019106,7.830734
3019107,5150.742676
3019108,0.000000
3019109,433.839478
3019110,14.938923
3019111,1798.901978
3019112,661.594727
3019113,665.217346
3019114,96.518936
3019115,129.862625
3019116,6249.747070
3019117,16.058073
3019118,0.633911
3019119,25.564880
3019120,19.537764
3019121,0.000000
3019122,340.699799
3019123,2.515042
3019124,8.638757
3019125,6.705191
3019126,74.872932
3019127,2.915600
3019128,286.921295
3019129,355.454803
3019130,4.437907
3019131,7.958087
3019132,309.731323
3019133,87.763596
3019134,980.310181
3019135,42.525887
3019136,20.721394
3019137,14.881641
3019138,0.000000
3019139,7.227557
3019140,3129.443359
3019141,0.000000
3019142,363.901520
3019143,10.484988
3019144,1438.602051
3019145,513.947021
3019146,285.855896
3019147,242.948807
3019148,133.353531
3019149,4662.500000
3019150,14.382075
3019151,0.000000
3019152,38.564034
3019153,38.462555
3019154,0.000000
3019155,297.172272
3019156,5.786108
3019157,4.215986
3019158,11.497187
3019159,125.865570
3019160,3.455558
3019161,118.751747
3019162,255.140137
3019163,1.957113
3019164,8.200684
3019165,201.115555
3019166,143.184784
3019167,1174.434326
3019168,0.050000
3019169,9.192150
3019170,5.340298
3019171,0.000000
3019172,3.102306
3019173,1684.883911
3019174,0.000000
3019175,135.896591
3019176,10.866759
3019177,629.978149
3019178,276.181732
3019179,143.492981
3019180,53.454952
3019181,87.635513
3019182,2523.256836
3019183,9.382113
3019184,0.965438
3019185,28.486778
3019186,20.919428
3019187,0.000000
3019188,156.288803
3019189,0.992916
3019190,1.591520
3019191,4.734507
3019192,228.125061
3019193,5.134650
3019194,112.036407
3019195,147.036514
3019196,1.139215
3019197,5.177731
3019198,127.062820
3019199,31.031643
3019200,363.387878
3019201,18.368525
3019202,2.863266
3019203,1.868310
3019204,0.000000
3019205,2.913804
3019206,1353.462280
3019207,0.000000
3019208,222.766449
3019209,14.923944
3019210,449.845245
3019211,401.869385
3019212,139.033951
3019213,49.587330
3019214,81.829147
3019215,1789.119995
3019216,19.555763
3019217,0.000000
3019218,13.706687
3019219,12.307138
3019220,0.000000
3019221,134.037643
3019222,14.246147
3019223,5.417247
3019224,4.581031
3019225,101.252670
3019226,6.293499
3019227,246.334076
3019228,148.753403
3019229,2.779226
3019230,4.253475
3019231,214.672485
3019232,35.665169
3019233,835.039978
3019234,0.050000
3019235,9.719830
3019236,3.351660
3019237,0.000000
3019238,7.485799
3019239,3665.387207
3019240,0.000000
3019241,703.449707
3019242,19.903633
3019243,861.615723
3019244,1137.908325
3019245,271.995026
3019246,231.880310
3019247,197.992096
3019248,4108.389648
3019249,33.514767
3019250,1.113651
3019251,24.117458
3019252,35.343620
3019253,0.000000
3019254,266.511963
3019255,13.251880
3019256,34.435276
3019257,12.611003
3019258,119.181427
3019259,15.482059
3019260,403.085327
3019261,282.448517
3019262,18.758381
3019263,10.713007
3019264,488.715424
3019265,131.338882
3019266,3387.295898
3019267,0.000000
3019268,26.414574
3019269,2.672859
3019270,0.000000
3019271,3.382238
3019272,2703.383545
3019273,0.000000
3019274,446.074127
3019275,11.571402
3019276,497.019318
3019277,597.569397
3019278,190.901794
3019279,134.145111
3019280,191.709824
3019281,2171.011719
3019282,31.730068
3019283,1.090461
3019284,21.670141
3019285,15.894697
3019286,0.000000
3019287,132.060715
3019288,0.000000
3019289,32.621674
3019290,5.283418
3019291,467.493835
3019292,12.549467
3019293,224.749695
3019294,122.742752
3019295,4.037300
3019296,7.306469
3019297,192.704971
3019298,51.519890
3019299,1789.634277
3019300,2.089604
3019301,5.084149
3019302,4.724665
3019303,0.000000
3019304,0.320054
3019305,826.558411
3019306,0.000000
3019307,215.848251
3019308,7.763840
3019309,277.261932
3019310,241.364792
3019311,96.356575
3019312,36.346130
3019313,36.352268
3019314,1361.379028
3019315,7.158817
3019316,0.000000
3019317,12.881631
3019318,7.795980
3019319,0.000000
3019320,85.851723
3019321,0.000000
3019322,8.423158
3019323,1.172541
3019324,40.645790
3019325,0.000000
3019326,271.241455
3019327,124.290947
3019328,1.684552
3019329,1.165583
3019330,165.261505
3019331,21.568815
3019332,429.812836
3019333,1.126477
3019334,3.189595
3019335,9.273714
3019336,0.000000
3019337,4.559737
3019338,3202.978271
3019339,0.000000
3019340,490.633392
3019341,26.166325
3019342,713.039978
3019343,793.179993
3019344,277.166901
3019345,242.011261
3019346,229.266846
3019347,3793.283936
3019348,30.397524
3019349,0.000000
3019350,22.478159
3019351,33.670723
3019352,0.000000
3019353,212.187561
3019354,13.625340
3019355,58.570305
3019356,10.999039
3019357,355.512177
3019358,7.231171
3019359,270.914398
3019360,245.808945
3019361,11.107996
3019362,10.816618
3019363,356.046051
3019364,86.198914
3019365,2370.915771
3019366,1.055358
3019367,19.048462
3019368,7.121499
3019369,0.000000
3019370,2.658868
3019371,3713.102539
3019372,0.000000
3019373,495.567627
3019374,20.533178
3019375,1201.228271
3019376,761.496948
3019377,364.100433
3019378,214.505020
3019379,114.398819
3019380,5756.599121
3019381,15.408774
3019382,0.921462
3019383,34.517330
3019384,24.194500
3019385,0.849942
3019386,274.577026
3019387,0.000000
3019388,6.435530
3019389,5.760712
3019390,94.316917
3019391,2.092222
3019392,196.494629
3019393,257.282684
3019394,4.671211
3019395,5.901178
3019396,246.260422
3019397,81.368729
3019398,1401.650269
3019399,4.486065
3019400,7.888208
3019401,8.671284
3019402,0.000000
3019403,4.345939
3019404,3146.677002
3019405,0.000000
3019406,502.977753
3019407,7.326172
3019408,884.897217
3019409,574.165894
3019410,240.528366
3019411,186.653183
3019412,139.816574
3019413,4102.268555
3019414,19.592981
3019415,1.354128
3019416,27.373873
3019417,23.377882
3019418,0.000000
3019419,239.215393
3019420,0.000000
3019421,7.567101
3019422,7.544466
3019423,174.157028
3019424,1.901415
3019425,112.495750
3019426,236.836960
3019427,4.875110
3019428,6.166508
3019429,184.781494
3019430,81.754089
3019431,991.404358
3019432,3.136798
3019433,8.339922
3019434,12.965998
3019435,1.152580
3019436,20.501699
3019437,8988.388672
3019438,0.000000
3019439,1035.135132
3019440,49.277077
3019441,1570.561768
3019442,1839.307129
3019443,354.342926
3019444,490.254150
3019445,358.208893
3019446,8259.125000
3019447,78.079430
3019448,3.039789
3019449,56.548546
3019450,52.622395
3019451,0.000000
3019452,492.752289
3019453,62.093765
3019454,75.336121
3019455,18.925779
3019456,330.320190
3019457,33.398209
3019458,678.973389
3019459,510.277954
3019460,24.070143
3019461,35.231541
3019462,955.239929
3019463,235.292953
3019464,7677.107422
3019465,3.879355
3019466,74.625336
3019467,3.611675
3019468,0.000000
3019469,0.745623
3019470,1514.246094
3019471,0.000000
3019472,154.031204
3019473,4.099292
3019474,436.962463
3019475,247.053833
3019476,134.360779
3019477,139.374039
3019478,72.194321
3019479,1806.885376
3019480,4.562538
3019481,0.000000
3019482,14.866904
3019483,7.636536
3019484,0.000000
3019485,127.736885
3019486,0.353436
3019487,0.593187
3019488,2.622665
3019489,65.764069
3019490,0.836066
3019491,60.787098
3019492,104.772026
3019493,1.203781
3019494,4.422377
3019495,124.737000
3019496,19.856314
3019497,434.087982
3019498,0.000000
3019499,4.627387
3019500,10.201703
3019501,0.000000
3019502,2.110833
3019503,3463.460205
3019504,0.000000
3019505,491.801575
3019506,13.452780
3019507,1256.704102
3019508,564.671814
3019509,272.270294
3019510,239.747421
3019511,141.401321
3019512,5074.116211
3019513,12.423644
3019514,0.000000
3019515,26.385004
3019516,22.089111
3019517,0.000000
3019518,254.469559
3019519,1.382634
3019520,2.978053
3019521,10.397133
3019522,26.005943
3019523,2.061300
3019524,363.527496
3019525,253.090897
3019526,3.675778
3019527,8.116011
3019528,131.809952
3019529,82.447968
3019530,1073.717163
3019531,2.494580
3019532,5.954670
3019533,2.080901
3019534,0.000000
3019535,2.802380
3019536,932.774475
3019537,0.000000
3019538,97.600212
3019539,3.821454
3019540,486.791351
3019541,164.910721
3019542,80.133675
3019543,134.023575
3019544,23.520119
3019545,1710.022461
3019546,1.465168
3019547,0.000000
3019548,9.901676
3019549,5.436072
3019550,0.000000
3019551,95.421898
3019552,0.000000
3019553,0.631730
3019554,1.657035
3019555,55.933479
3019556,0.000000
3019557,76.489197
3019558,93.391052
3019559,2.516429
3019560,1.490542
3019561,76.938728
3019562,12.607623
3019563,236.537048
3019564,0.243366
3019565,2.823240
3019566,9.513287
3019567,0.000000
3019568,3.024133
3019569,2382.981934
3019570,0.000000
3019571,239.313339
3019572,8.333184
3019573,817.745972
3019574,383.396545
3019575,186.444519
3019576,149.573883
3019577,114.926598
3019578,2985.986572
3019579,3.303436
3019580,0.190671
3019581,35.175877
3019582,21.283535
3019583,0.000000
3019584,242.422134
3019585,0.000000
3019586,1.734500
3019587,12.331784
3019588,62.127121
3019589,2.962351
3019590,261.412384
3019591,210.810715
3019592,1.731391
3019593,4.790425
3019594,186.118469
3019595,32.610500
3019596,1004.319275
3019597,1.105714
3019598,2.382912
3019599,3.191570
3019600,0.000000
3019601,3.663753
3019602,2528.596680
3019603,0.000000
3019604,650.188110
3019605,8.982575
3019606,777.607056
3019607,503.699707
3019608,209.246399
3019609,110.493599
3019610,76.704330
3019611,4329.612793
3019612,6.840370
3019613,2.532640
3019614,37.555321
3019615,48.906136
3019616,0.000000
3019617,202.310135
3019618,2.643464
3019619,9.021928
3019620,3.988015
3019621,63.817268
3019622,4.339908
3019623,156.726028
3019624,282.167328
3019625,3.853000
3019626,7.378432
3019627,151.699463
3019628,36.965401
3019629,561.614258
3019630,6.152695
3019631,4.819642
3019632,4.319497
3019633,0.000000
3019634,0.459906
3019635,1667.792847
3019636,0.000000
3019637,88.744827
3019638,2.477727
3019639,451.009857
3019640,188.376251
3019641,107.619179
3019642,180.392395
3019643,90.153770
3019644,1990.441284
3019645,5.215110
3019646,0.000000
3019647,9.428258
3019648,5.021048
3019649,0.000000
3019650,95.639893
3019651,0.000000
3019652,0.412507
3019653,0.264893
3019654,91.401764
3019655,0.383414
3019656,156.424927
3019657,91.780762
3019658,0.064840
3019659,0.560932
3019660,58.199799
3019661,21.919422
3019662,369.855377
3019663,0.050000
3019664,0.000000
3019665,4.552863
3019666,0.000000
3019667,2.791032
3019668,3784.026367
3019669,0.000000
3019670,442.223175
3019671,12.635608
3019672,798.592346
3019673,497.973419
3019674,208.678192
3019675,139.399002
3019676,195.881989
3019677,3888.979248
3019678,10.573134
3019679,0.000000
3019680,29.108109
3019681,12.149081
3019682,0.000000
3019683,229.444595
3019684,0.000000
3019685,33.246319
3019686,1.260729
3019687,97.919167
3019688,3.180324
3019689,210.766357
3019690,239.342880
3019691,2.798731
3019692,3.912395
3019693,127.900604
3019694,52.964687
3019695,1247.213867
3019696,1.882997
3019697,3.461800
3019698,2.979618
3019699,0.000000
3019700,9.940653
3019701,2447.269287
3019702,0.000000
3019703,403.826111
3019704,6.960524
3019705,692.169128
3019706,664.201111
3019707,150.255112
3019708,128.041306
3019709,103.846817
3019710,3097.679199
3019711,48.312508
3019712,1.548257
3019713,29.830904
3019714,24.337059
3019715,0.000000
3019716,221.085159
3019717,24.409885
3019718,22.824585
3019719,2.144407
3019720,138.031281
3019721,13.194376
3019722,197.961533
3019723,239.027435
3019724,11.933573
3019725,14.642524
3019726,233.889999
3019727,54.758663
3019728,2134.974365
3019729,0.285095
3019730,14.058978
3019731,6.744891
3019732,0.000000
3019733,11.008925
3019734,2526.050293
3019735,0.000000
3019736,452.968842
3019737,14.246964
3019738,873.070496
3019739,783.033569
3019740,168.838684
3019741,110.082100
3019742,124.629417
3019743,4033.837646
3019744,32.396141
3019745,0.954808
3019746,37.926460
3019747,33.779530
3019748,0.000000
3019749,323.395447
3019750,38.770458
3019751,22.342787
3019752,10.251470
3019753,162.095367
3019754,15.991564
3019755,159.502991
3019756,408.291687
3019757,8.122997
3019758,12.922881
3019759,161.516968
3019760,105.595284
3019761,1816.415527
3019762,37.892189
3019763,21.643194
3019764,10.464512
3019765,0.000000
3019766,5.592403
3019767,3260.539307
3019768,0.000000
3019769,573.188904
3019770,6.586092
3019771,1460.258545
3019772,499.659729
3019773,205.025223
3019774,240.586853
3019775,93.998726
3019776,4915.298828
3019777,37.388561
3019778,2.246375
3019779,29.985884
3019780,21.705801
3019781,0.000000
3019782,273.699677
3019783,9.006120
3019784,17.418451
3019785,9.916741
3019786,99.974220
3019787,8.480683
3019788,164.391647
3019789,289.127838
3019790,6.579826
3019791,11.138157
3019792,232.017075
3019793,65.442551
3019794,1391.918579
3019795,9.444074
3019796,18.059004
3019797,4.342574
3019798,0.000000
3019799,6.612494
3019800,2425.336670
3019801,0.000000
3019802,319.063019
3019803,13.322296
3019804,702.325012
3019805,602.049561
3019806,230.564972
3019807,147.479126
3019808,95.602188
3019809,3307.707275
3019810,17.019886
3019811,1.251380
3019812,16.294483
3019813,13.652139
3019814,0.000000
3019815,208.291489
3019816,28.844112
3019817,24.510628
3019818,2.719559
3019819,154.563782
3019820,9.008179
3019821,342.486603
3019822,235.152939
3019823,6.645333
3019824,9.018617
3019825,386.685913
3019826,60.331768
3019827,1955.409912
3019828,0.050000
3019829,29.072910
3019830,4.431981
3019831,0.000000
3019832,3.694705
3019833,5393.388184
3019834,0.000000
3019835,403.792328
3019836,11.726074
3019837,2183.358154
3019838,508.472504
3019839,273.939423
3019840,158.997620
3019841,98.251755
3019842,7451.244141
3019843,11.144670
3019844,1.710506
3019845,31.750208
3019846,24.809874
3019847,0.000000
3019848,318.745270
3019849,0.000000
3019850,0.047795
3019851,10.035367
3019852,58.997581
3019853,2.831914
3019854,146.153030
3019855,286.629852
3019856,2.618888
3019857,11.811542
3019858,163.999374
3019859,60.030354
3019860,951.506104
3019861,0.071673
3019862,6.771401
3019863,7.256735
3019864,0.000000
3019865,8.428566
3019866,2310.252686
3019867,0.000000
3019868,503.441895
3019869,14.237790
3019870,769.993652
3019871,599.577942
3019872,233.281448
3019873,141.647156
3019874,206.301270
3019875,3971.420166
3019876,35.689251
3019877,1.041502
3019878,27.328672
3019879,36.404430
3019880,0.000000
3019881,239.213776
3019882,21.869148
3019883,18.835247
3019884,8.248133
3019885,201.740112
3019886,14.709179
3019887,230.226959
3019888,363.417725
3019889,12.913609
3019890,9.907888
3019891,193.662781
3019892,73.391136
3019893,1674.064697
3019894,0.842725
3019895,7.551544
3019896,5.059842
3019897,0.000000
3019898,6.380912
3019899,2346.134766
3019900,0.000000
3019901,442.267822
3019902,11.216661
3019903,559.058289
3019904,716.034363
3019905,166.888962
3019906,140.246613
3019907,129.807343
3019908,2639.300537
3019909,30.633902
3019910,1.013273
3019911,27.500841
3019912,22.394745
3019913,0.000000
3019914,184.037079
3019915,22.379208
3019916,49.475517
3019917,5.841521
3019918,115.190575
3019919,12.556764
3019920,236.167953
3019921,205.731201
3019922,7.333817
3019923,9.054098
3019924,226.833954
3019925,52.261501
3019926,2028.536621
3019927,0.005305
3019928,15.534505
3019929,7.965088
3019930,0.000000
3019931,4.563404
3019932,4913.186523
3019933,0.000000
3019934,490.425934
3019935,19.229033
3019936,1151.180420
3019937,521.683777
3019938,281.447296
3019939,197.434967
3019940,106.814827
3019941,4747.927246
3019942,14.747206
3019943,0.000000
3019944,20.609110
3019945,25.881727
3019946,0.000000
3019947,246.897644
3019948,0.000000
3019949,12.513371
3019950,1.716154
3019951,119.364441
3019952,2.515579
3019953,186.163208
3019954,280.619507
3019955,2.930698
3019956,1.686867
3019957,208.126312
3019958,113.766037
3019959,1091.018799
3019960,4.407322
3019961,1.897240
3019962,17.984926
3019963,0.000000
3019964,23.859547
3019965,11759.607422
3019966,0.000000
3019967,1579.103394
3019968,25.884180
3019969,2290.485840
3019970,2658.200928
3019971,506.625427
3019972,568.869995
3019973,501.767090
3019974,11071.575195
3019975,83.913292
3019976,4.096037
3019977,110.648903
3019978,116.289673
3019979,0.000000
3019980,654.968567
3019981,36.560783
3019982,35.325275
3019983,66.399109
3019984,413.344879
3019985,35.089710
3019986,819.324036
3019987,574.328125
3019988,62.057995
3019989,40.761772
3019990,1211.314941
3019991,266.131989
3019992,10840.668945
3019993,394.788147
3019994,119.051140
3019995,18.029894
3019996,0.000000
3019997,18.392834
3019998,11047.090820
3019999,0.000000
3020000,1185.875488
3020001,30.794001
3020002,2596.840820
3020003,2003.744019
3020004,716.537903
3020005,361.547028
3020006,358.805206
3020007,12785.591797
3020008,130.951813
3020009,1.615708
3020010,82.724167
3020011,90.227219
3020012,1.285384
3020013,562.504578
3020014,39.023815
3020015,49.512196
3020016,12.764076
3020017,333.703308
3020018,15.032390
3020019,1199.959351
3020020,780.585266
3020021,34.549515
3020022,36.778923
3020023,1387.267822
3020024,272.214386
3020025,6553.580566
3020026,535.660645
3020027,100.217766
3020028,17.394867
3020029,0.000000
3020030,27.646404
3020031,7117.987793
3020032,0.000000
3020033,914.260010
3020034,22.753767
3020035,2255.781250
3020036,1602.315186
3020037,781.699951
3020038,190.346115
3020039,273.581512
3020040,11101.385742
3020041,56.475643
3020042,4.253961
3020043,53.886311
3020044,30.875134
3020045,0.432681
3020046,646.368835
3020047,48.559441
3020048,36.007633
3020049,11.491260
3020050,254.071228
3020051,15.010739
3020052,892.920959
3020053,714.422974
3020054,33.885189
3020055,60.982025
3020056,774.437988
3020057,154.583923
3020058,3114.064209
3020059,409.354614
3020060,58.248047
3020061,20.847424
3020062,0.000000
3020063,28.202368
3020064,10396.401367
3020065,0.000000
3020066,1151.978516
3020067,30.054638
3020068,2094.122559
3020069,1826.424072
3020070,660.630554
3020071,357.346252
3020072,280.354675
3020073,11031.395508
3020074,59.610771
3020075,1.385527
3020076,78.139091
3020077,76.662071
3020078,0.418789
3020079,550.753296
3020080,34.118122
3020081,38.272583
3020082,24.285261
3020083,299.373810
3020084,18.865587
3020085,823.483276
3020086,653.048462
3020087,37.019096
3020088,37.238754
3020089,990.458801
3020090,241.829056
3020091,5782.457520
3020092,447.747253
3020093,76.500610
3020094,14.770669
3020095,0.000000
3020096,26.673422
3020097,5733.067383
3020098,0.000000
3020099,803.713623
3020100,12.483626
3020101,1949.399048
3020102,1294.079346
3020103,555.834290
3020104,133.923645
3020105,239.319733
3020106,8486.404297
3020107,59.396767
3020108,0.000000
3020109,39.627697
3020110,35.178089
3020111,0.000000
3020112,537.973450
3020113,49.564926
3020114,15.639535
3020115,8.642964
3020116,211.576248
3020117,10.170059
3020118,773.103882
3020119,784.280823
3020120,21.340605
3020121,33.412937
3020122,758.598389
3020123,108.855705
3020124,1899.586914
3020125,352.376648
3020126,34.740383
3020127,11.742617
3020128,0.000000
3020129,14.496837
3020130,7300.169434
3020131,0.000000
3020132,973.511536
3020133,25.771202
3020134,1580.536133
3020135,1804.767578
3020136,451.228882
3020137,438.153442
3020138,308.810822
3020139,7661.637207
3020140,73.853355
3020141,1.107711
3020142,51.290611
3020143,54.688419
3020144,0.000000
3020145,430.071198
3020146,19.011593
3020147,31.092276
3020148,10.428393
3020149,334.396545
3020150,21.550795
3020151,731.970398
3020152,499.398346
3020153,23.229939
3020154,36.378696
3020155,796.846191
3020156,196.684174
3020157,7097.218750
3020158,297.719116
3020159,73.342125
3020160,6.485090
3020161,0.000000
3020162,8.123621
3020163,1617.954224
3020164,0.000000
3020165,278.661530
3020166,34.941853
3020167,812.252380
3020168,445.198059
3020169,206.404999
3020170,82.411407
3020171,118.050987
3020172,2918.726807
3020173,33.265743
3020174,1.245437
3020175,31.244644
3020176,18.545942
3020177,0.000000
3020178,182.252975
3020179,13.982134
3020180,10.989712
3020181,12.034022
3020182,100.260483
3020183,11.835222
3020184,235.116089
3020185,239.580338
3020186,3.385009
3020187,8.117372
3020188,229.478180
3020189,57.645767
3020190,1356.040894
3020191,1.578668
3020192,9.907211
3020193,12.254050
3020194,0.000000
3020195,18.360292
3020196,5149.144043
3020197,0.000000
3020198,505.919495
3020199,36.066723
3020200,1664.590576
3020201,952.071899
3020202,501.575775
3020203,125.674187
3020204,192.661240
3020205,7322.006836
3020206,77.799706
3020207,1.098905
3020208,63.119781
3020209,35.757130
3020210,0.000000
3020211,443.016388
3020212,24.961411
3020213,11.107450
3020214,4.570560
3020215,195.517792
3020216,12.813625
3020217,497.044525
3020218,496.330750
3020219,17.356409
3020220,32.903690
3020221,388.772339
3020222,101.186508
3020223,2110.595947
3020224,367.719177
3020225,22.676382
3020226,8.087933
3020227,0.000000
3020228,5.505746
3020229,4682.686523
3020230,0.000000
3020231,795.827942
3020232,13.353164
3020233,1197.592285
3020234,1404.985718
3020235,244.623672
3020236,346.673706
3020237,321.475372
3020238,4654.107910
3020239,50.026257
3020240,0.937769
3020241,32.358589
3020242,34.477570
3020243,0.000000
3020244,312.009125
3020245,4.888483
3020246,52.909073
3020247,5.096000
3020248,249.102997
3020249,11.704953
3020250,593.964417
3020251,281.098663
3020252,21.010925
3020253,13.105638
3020254,578.219299
3020255,126.181519
3020256,5221.807129
3020257,4.526779
3020258,49.728683
3020259,13.453342
3020260,0.000000
3020261,11.697498
3020262,5108.151367
3020263,0.000000
3020264,845.540161
3020265,17.498096
3020266,1630.250977
3020267,1220.307495
3020268,396.513824
3020269,243.850235
3020270,402.291199
3020271,7387.705566
3020272,62.710960
3020273,3.725098
3020274,77.731812
3020275,35.854450
3020276,0.000000
3020277,361.893890
3020278,9.799168
3020279,66.862633
3020280,9.283613
3020281,374.976105
3020282,14.637812
3020283,495.140839
3020284,406.097107
3020285,17.206156
3020286,27.965216
3020287,509.650970
3020288,127.968773
3020289,4801.234863
3020290,4.651889
3020291,9.241727
3020292,9.471183
3020293,0.000000
3020294,5.674822
3020295,2142.998291
3020296,0.000000
3020297,442.846588
3020298,9.460854
3020299,840.179565
3020300,483.121429
3020301,236.839752
3020302,104.511383
3020303,210.706299
3020304,3522.146240
3020305,16.901314
3020306,1.257469
3020307,32.689102
3020308,24.402777
3020309,0.000000
3020310,207.655380
3020311,8.978073
3020312,16.150644
3020313,7.954678
3020314,201.766830
3020315,5.097372
3020316,308.676819
3020317,240.235046
3020318,4.569143
3020319,7.546731
3020320,203.725906
3020321,66.549294
3020322,1868.295044
3020323,0.089450
3020324,4.676172
3020325,9.096248
3020326,0.000000
3020327,1.287933
3020328,2492.561035
3020329,0.000000
3020330,205.636902
3020331,5.612802
3020332,979.850647
3020333,247.728714
3020334,214.768494
3020335,66.113274
3020336,46.284142
3020337,3438.256104
3020338,10.833174
3020339,0.742264
3020340,26.134106
3020341,11.745173
3020342,0.000000
3020343,236.251450
3020344,0.000000
3020345,2.318928
3020346,5.839967
3020347,35.280193
3020348,2.568635
3020349,57.921780
3020350,168.446793
3020351,0.000000
3020352,2.420140
3020353,82.834747
3020354,86.335541
3020355,517.415039
3020356,0.106613
3020357,3.330422
3020358,6.624392
3020359,0.000000
3020360,7.696734
3020361,3428.713867
3020362,0.000000
3020363,489.860260
3020364,13.346654
3020365,956.570129
3020366,773.055847
3020367,315.256561
3020368,204.520081
3020369,183.777466
3020370,4633.512207
3020371,36.912399
3020372,0.699417
3020373,28.901896
3020374,47.132820
3020375,0.000000
3020376,284.368408
3020377,28.475405
3020378,21.055290
3020379,12.817663
3020380,197.386414
3020381,10.017807
3020382,500.301697
3020383,281.798279
3020384,10.691624
3020385,15.578173
3020386,484.149658
3020387,113.875351
3020388,2421.519287
3020389,0.041343
3020390,36.676300
3020391,3.763186
3020392,0.000000
3020393,6.203755
3020394,3568.021240
3020395,0.000000
3020396,491.599854
3020397,21.963718
3020398,658.439392
3020399,959.505249
3020400,167.241989
3020401,230.865860
3020402,231.214676
3020403,3148.173340
3020404,34.924397
3020405,2.529819
3020406,31.351267
3020407,26.061993
3020408,0.772564
3020409,194.795929
3020410,16.126211
3020411,51.469635
3020412,7.537999
3020413,290.523743
3020414,16.964363
3020415,392.786163
3020416,185.792603
3020417,6.597024
3020418,15.429068
3020419,479.496094
3020420,129.082397
3020421,4341.854492
3020422,0.432070
3020423,38.027149
3020424,5.597020
3020425,0.000000
3020426,15.731677
3020427,5060.127441
3020428,0.000000
3020429,714.416748
3020430,23.079166
3020431,922.155151
3020432,1284.648804
3020433,282.783112
3020434,321.801056
3020435,192.731812
3020436,5173.328125
3020437,47.118591
3020438,3.918104
3020439,48.401974
3020440,49.101185
3020441,0.000000
3020442,287.734985
3020443,40.083500
3020444,36.195824
3020445,21.308786
3020446,200.215927
3020447,23.905525
3020448,437.030029
3020449,324.752258
3020450,22.546074
3020451,23.072447
3020452,508.047119
3020453,149.729446
3020454,4581.996582
3020455,4.033147
3020456,37.183403
3020457,16.130209
3020458,0.000000
3020459,11.572674
3020460,3711.124756
3020461,0.000000
3020462,442.292725
3020463,20.269632
3020464,1414.276611
3020465,708.070374
3020466,496.144226
3020467,169.372299
3020468,142.212097
3020469,6993.509766
3020470,12.808793
3020471,2.011832
3020472,59.730404
3020473,54.818142
3020474,0.000000
3020475,362.195740
3020476,13.351068
3020477,7.780795
3020478,11.332843
3020479,108.760689
3020480,5.932040
3020481,322.017151
3020482,407.297150
3020483,0.000000
3020484,9.840002
3020485,401.157959
3020486,131.146469
3020487,1433.112427
3020488,146.332214
3020489,21.336943
3020490,1.602299
3020491,0.000000
3020492,2.570523
3020493,963.740295
3020494,0.000000
3020495,145.300995
3020496,4.358799
3020497,203.164566
3020498,286.948059
3020499,56.229179
3020500,74.124641
3020501,50.072075
3020502,1062.607178
3020503,7.928645
3020504,0.535635
3020505,5.209568
3020506,5.165702
3020507,0.000000
3020508,71.427498
3020509,5.856003
3020510,12.197145
3020511,3.309706
3020512,35.664261
3020513,4.235852
3020514,119.409546
3020515,55.227196
3020516,1.354140
3020517,3.869951
3020518,120.202827
3020519,36.176495
3020520,1142.932983
3020521,0.056349
3020522,11.052837
3020523,1.876216
3020524,0.000000
3020525,3.041517
3020526,1445.797852
3020527,0.000000
3020528,117.547157
3020529,4.913580
3020530,729.105530
3020531,289.350983
3020532,283.110413
3020533,55.098610
3020534,36.985291
3020535,2788.818604
3020536,5.983757
3020537,0.000000
3020538,12.608776
3020539,10.335446
3020540,0.000000
3020541,180.885376
3020542,7.430514
3020543,1.464975
3020544,1.818331
3020545,11.764614
3020546,0.000000
3020547,178.557312
3020548,203.000443
3020549,0.000000
3020550,4.350255
3020551,163.030457
3020552,23.952930
3020553,278.833710
3020554,47.325401
3020555,2.135240
3020556,9.323126
3020557,0.000000
3020558,5.298232
3020559,4673.870117
3020560,0.000000
3020561,699.618713
3020562,12.377899
3020563,1583.643433
3020564,565.104858
3020565,446.996460
3020566,209.828705
3020567,120.346313
3020568,7182.709473
3020569,23.283424
3020570,0.794245
3020571,32.573380
3020572,20.467094
3020573,0.000000
3020574,440.734650
3020575,10.202519
3020576,2.659316
3020577,9.556496
3020578,26.597336
3020579,3.077471
3020580,511.546844
3020581,403.130707
3020582,2.480201
3020583,14.795908
3020584,464.818756
3020585,78.043045
3020586,1217.653198
3020587,31.137424
3020588,10.201969
3020589,5.907071
3020590,0.000000
3020591,0.860194
3020592,1522.660522
3020593,0.000000
3020594,208.520218
3020595,11.447119
3020596,892.660217
3020597,398.681061
3020598,200.501205
3020599,54.741295
3020600,36.010815
3020601,2768.517578
3020602,8.306639
3020603,0.000000
3020604,14.408423
3020605,23.046152
3020606,0.000000
3020607,146.556870
3020608,13.786460
3020609,1.463734
3020610,7.985315
3020611,29.369928
3020612,2.136569
3020613,135.213577
3020614,193.330246
3020615,1.232554
3020616,7.015812
3020617,142.666458
3020618,30.364882
3020619,356.756531
3020620,4.833263
3020621,3.626360
3020622,4.621257
3020623,0.000000
3020624,3.176388
3020625,1306.536255
3020626,0.000000
3020627,129.602386
3020628,8.071523
3020629,709.531616
3020630,239.728821
3020631,166.156586
3020632,53.738571
3020633,26.364668
3020634,2335.032227
3020635,13.117350
3020636,0.000000
3020637,12.922584
3020638,8.878205
3020639,0.000000
3020640,147.628555
3020641,2.328463
3020642,1.333308
3020643,2.160307
3020644,15.308680
3020645,1.532210
3020646,119.696114
3020647,174.342773
3020648,0.000000
3020649,4.402485
3020650,93.471115
3020651,24.084311
3020652,171.474899
3020653,8.479559
3020654,1.775548
3020655,3.992433
3020656,0.000000
3020657,2.460227
3020658,1604.201782
3020659,0.000000
3020660,153.862320
3020661,8.689919
3020662,849.204346
3020663,307.224030
3020664,193.819931
3020665,36.193890
3020666,36.317612
3020667,2779.802490
3020668,3.311503
3020669,0.000000
3020670,10.663776
3020671,18.419668
3020672,0.000000
3020673,148.995346
3020674,1.291955
3020675,2.324854
3020676,4.252450
3020677,20.821180
3020678,4.105007
3020679,206.646179
3020680,166.624573
3020681,0.767632
3020682,4.973939
3020683,58.266850
3020684,57.611099
3020685,348.635040
3020686,0.000000
3020687,5.459253
3020688,4.069242
3020689,1.816441
3020690,4.567525
3020691,1345.298584
3020692,0.000000
3020693,139.776260
3020694,3.452377
3020695,656.886292
3020696,214.366348
3020697,212.142670
3020698,77.588676
3020699,52.624882
3020700,2225.390625
3020701,5.235755
3020702,1.015680
3020703,12.330448
3020704,15.950525
3020705,0.000000
3020706,172.669601
3020707,8.519315
3020708,2.470748
3020709,3.708713
3020710,14.962352
3020711,2.912434
3020712,82.840439
3020713,160.538864
3020714,0.000000
3020715,4.321682
3020716,80.619781
3020717,37.361000
3020718,447.697113
3020719,7.186924
3020720,5.692341
3020721,5.552269
3020722,0.000000
3020723,1.680699
3020724,1418.039307
3020725,0.000000
3020726,202.178284
3020727,5.621928
3020728,901.036987
3020729,300.827576
3020730,189.358521
3020731,143.840790
3020732,35.300812
3020733,2383.105957
3020734,3.949806
3020735,0.000000
3020736,14.794761
3020737,16.686792
3020738,0.000000
3020739,199.787704
3020740,0.000000
3020741,2.484795
3020742,2.715904
3020743,27.042976
3020744,3.112714
3020745,57.933491
3020746,162.091599
3020747,0.000000
3020748,3.696907
3020749,72.407074
3020750,48.799534
3020751,485.901917
3020752,0.365180
3020753,2.359576
3020754,9.939898
3020755,0.000000
3020756,3.403856
3020757,3785.517822
3020758,0.000000
3020759,428.651825
3020760,7.164924
3020761,1167.605225
3020762,659.732239
3020763,494.956299
3020764,215.020996
3020765,117.188179
3020766,5192.031250
3020767,18.228804
3020768,1.740366
3020769,29.060575
3020770,31.877777
3020771,0.000000
3020772,290.993042
3020773,0.000000
3020774,1.568491
3020775,12.251051
3020776,51.806293
3020777,5.043863
3020778,247.656479
3020779,293.519348
3020780,1.463717
3020781,10.257847
3020782,363.051147
3020783,62.905003
3020784,1467.840454
3020785,56.787571
3020786,18.165154
3020787,3.631815
3020788,0.000000
3020789,6.049249
3020790,2388.985840
3020791,0.000000
3020792,680.229187
3020793,7.834130
3020794,556.178162
3020795,595.653198
3020796,235.556625
3020797,229.002396
3020798,69.768227
3020799,3419.758057
3020800,16.262447
3020801,0.913904
3020802,25.201834
3020803,23.535801
3020804,0.000000
3020805,241.799576
3020806,16.082991
3020807,2.784731
3020808,8.899605
3020809,41.519997
3020810,2.820525
3020811,102.036301
3020812,205.768372
3020813,4.840125
3020814,10.603679
3020815,232.194870
3020816,53.965549
3020817,1789.824341
3020818,59.525505
3020819,16.136209
3020820,8.039959
3020821,0.000000
3020822,3.616719
3020823,2458.470947
3020824,0.000000
3020825,220.547073
3020826,5.827201
3020827,820.357666
3020828,321.637756
3020829,282.649139
3020830,79.533607
3020831,38.252102
3020832,3320.933105
3020833,15.286452
3020834,1.499765
3020835,14.582709
3020836,23.193533
3020837,0.000000
3020838,178.207016
3020839,11.821324
3020840,2.365754
3020841,3.996957
3020842,30.685987
3020843,3.946677
3020844,158.331863
3020845,213.682175
3020846,1.087210
3020847,6.251726
3020848,75.721634
3020849,28.767895
3020850,405.789124
3020851,11.242477
3020852,6.094374
3020853,7.609734
3020854,0.000000
3020855,9.151465
3020856,3258.473633
3020857,0.000000
3020858,500.407715
3020859,11.168989
3020860,754.862366
3020861,771.307556
3020862,215.059601
3020863,205.300751
3020864,118.143166
3020865,4024.002441
3020866,46.264282
3020867,0.934958
3020868,24.833054
3020869,28.421215
3020870,0.000000
3020871,270.079346
3020872,36.192554
3020873,22.436436
3020874,5.197665
3020875,76.366776
3020876,12.441012
3020877,359.724335
3020878,280.529449
3020879,9.038078
3020880,9.546090
3020881,441.685547
3020882,122.815285
3020883,2372.897217
3020884,0.050000
3020885,46.412186
3020886,13.438083
3020887,0.000000
3020888,8.616267
3020889,5756.511230
3020890,0.000000
3020891,839.291016
3020892,10.660475
3020893,2079.022217
3020894,952.622925
3020895,762.511658
3020896,127.554420
3020897,89.930588
3020898,7695.717285
3020899,17.767553
3020900,0.584853
3020901,26.605713
3020902,25.419640
3020903,0.000000
3020904,459.188446
3020905,4.500141
3020906,9.110653
3020907,7.924624
3020908,48.476963
3020909,3.179678
3020910,367.177643
3020911,526.394348
3020912,4.495332
3020913,9.631330
3020914,401.087769
3020915,80.183662
3020916,1224.073120
3020917,63.647697
3020918,19.206999
3020919,17.327698
3020920,0.000000
3020921,9.354552
3020922,4059.035156
3020923,0.000000
3020924,742.878174
3020925,5.925714
3020926,1651.391968
3020927,740.233154
3020928,414.961029
3020929,294.831482
3020930,74.499146
3020931,6154.353516
3020932,20.053009
3020933,0.000000
3020934,47.572670
3020935,51.485767
3020936,0.000000
3020937,412.201843
3020938,7.626366
3020939,4.568951
3020940,14.658776
3020941,56.391792
3020942,3.907232
3020943,163.802826
3020944,383.917297
3020945,2.132579
3020946,9.764524
3020947,228.758179
3020948,181.975723
3020949,1590.568359
3020950,0.050000
3020951,8.473960
3020952,5.985074
3020953,0.000000
3020954,3.502495
3020955,1683.854492
3020956,0.000000
3020957,148.268921
3020958,8.658943
3020959,658.759827
3020960,272.956665
3020961,150.945572
3020962,37.767399
3020963,49.802372
3020964,2497.680908
3020965,7.068396
3020966,0.650052
3020967,23.733734
3020968,21.210228
3020969,0.000000
3020970,175.706284
3020971,0.991959
3020972,1.684538
3020973,4.413482
3020974,36.419201
3020975,5.587878
3020976,132.358521
3020977,153.481796
3020978,1.030516
3020979,5.394955
3020980,149.389542
3020981,33.491604
3020982,407.128967
3020983,19.687096
3020984,2.809092
3020985,2.151394
3020986,0.000000
3020987,3.343433
3020988,1476.351562
3020989,0.000000
3020990,241.606491
3020991,10.179346
3020992,489.229675
3020993,493.721619
3020994,131.936554
3020995,50.512772
3020996,57.770340
3020997,1784.075073
3020998,18.698997
3020999,0.000000
3021000,12.257288
3021001,12.292370
3021002,0.000000
3021003,132.561386
3021004,16.048046
3021005,6.294413
3021006,5.433522
3021007,40.599205
3021008,5.534764
3021009,635.516052
3021010,186.470291
3021011,3.224429
3021012,5.071306
3021013,257.389496
3021014,35.127430
3021015,945.616333
3021016,0.050000
3021017,8.127506
3021018,2.947273
3021019,0.000000
3021020,6.973859
3021021,3657.056641
3021022,0.000000
3021023,651.156799
3021024,13.703120
3021025,771.096436
3021026,1008.443054
3021027,244.387787
3021028,210.138870
3021029,115.952713
3021030,3807.942139
3021031,31.903023
3021032,1.138857
3021033,24.330435
3021034,33.944073
3021035,0.000000
3021036,234.584702
3021037,14.492963
3021038,27.768583
3021039,11.369132
3021040,54.104595
3021041,13.415642
3021042,349.785858
3021043,280.965546
3021044,18.406858
3021045,10.509971
3021046,441.434631
3021047,99.920799
3021048,3331.294189
3021049,0.015645
3021050,17.906078
3021051,2.453868
3021052,0.000000
3021053,3.392037
3021054,2289.512207
3021055,0.000000
3021056,406.315460
3021057,5.607430
3021058,409.605164
3021059,505.217804
3021060,146.094864
3021061,120.355881
3021062,91.888969
3021063,1862.999268
3021064,23.433218
3021065,0.979791
3021066,13.831923
3021067,13.277151
3021068,0.000000
3021069,115.721886
3021070,0.000000
3021071,19.068707
3021072,4.781661
3021073,196.008011
3021074,7.759638
3021075,174.350266
3021076,127.303177
3021077,2.810776
3021078,6.966516
3021079,168.059677
3021080,48.195423
3021081,1378.269775
3021082,2.320231
3021083,4.326388
3021084,4.899919
3021085,0.000000
3021086,0.227611
3021087,903.974304
3021088,0.000000
3021089,253.623825
3021090,6.697124
3021091,318.123138
3021092,294.852692
3021093,101.644791
3021094,49.464924
3021095,45.446980
3021096,1684.908569
3021097,7.685093
3021098,0.000000
3021099,14.087291
3021100,8.328526
3021101,0.000000
3021102,100.499138
3021103,0.000000
3021104,9.538857
3021105,1.322655
3021106,20.317411
3021107,0.000000
3021108,287.363464
3021109,142.237350
3021110,1.098203
3021111,1.266333
3021112,156.112076
3021113,27.741947
3021114,473.923676
3021115,1.210653
3021116,3.093587
3021117,12.442689
3021118,0.000000
3021119,5.801634
3021120,4410.230957
3021121,0.000000
3021122,673.094482
3021123,18.079485
3021124,862.843323
3021125,961.702026
3021126,326.727966
3021127,291.205292
3021128,169.559052
3021129,4992.954590
3021130,34.736824
3021131,0.000000
3021132,23.252102
3021133,34.550987
3021134,0.000000
3021135,256.065338
3021136,17.196463
3021137,53.276894
3021138,11.622306
3021139,171.018356
3021140,7.422213
3021141,277.987213
3021142,294.426971
3021143,12.427998
3021144,12.164625
3021145,492.977325
3021146,104.285690
3021147,3081.386230
3021148,1.444778
3021149,23.282759
3021150,8.884591
3021151,0.000000
3021152,5.159144
3021153,4937.454590
3021154,0.000000
3021155,910.734924
3021156,13.604822
3021157,1400.395874
3021158,1020.153320
3021159,507.439392
3021160,265.192017
3021161,91.618576
3021162,7454.174805
3021163,22.876907
3021164,0.793760
3021165,34.183254
3021166,25.578794
3021167,0.889426
3021168,351.703003
3021169,0.000000
3021170,6.394750
3021171,7.404087
3021172,51.043541
3021173,2.056841
3021174,228.875229
3021175,335.607941
3021176,4.887677
3021177,7.512573
3021178,291.186340
3021179,103.743591
3021180,1759.862305
3021181,5.439555
3021182,7.336352
3021183,7.598077
3021184,0.000000
3021185,4.593309
3021186,4424.669434
3021187,0.000000
3021188,955.308838
3021189,5.943638
3021190,985.954041
3021191,825.643738
3021192,334.029327
3021193,252.464005
3021194,91.632690
3021195,5354.254395
3021196,30.355076
3021197,1.624690
3021198,28.330421
3021199,25.008408
3021200,0.000000
3021201,286.538574
3021202,0.000000
3021203,7.395213
3021204,7.099221
3021205,76.508186
3021206,1.947702
3021207,137.161362
3021208,289.492493
3021209,4.661426
3021210,7.074023
3021211,237.186127
3021212,95.500038
3021213,1398.919556
3021214,3.576705
3021215,8.849286
3021216,14.254875
3021217,1.430489
3021218,24.794493
3021219,10790.598633
3021220,0.000000
3021221,1138.031250
3021222,25.740816
3021223,1857.414185
3021224,1858.911987
3021225,398.621521
3021226,503.140625
3021227,359.623474
3021228,8688.609375
3021229,76.327217
3021230,3.235404
3021231,58.364223
3021232,55.306602
3021233,0.000000
3021234,535.681091
3021235,60.799511
3021236,54.959854
3021237,21.700937
3021238,212.266205
3021239,35.727364
3021240,654.061218
3021241,613.748169
3021242,24.157970
3021243,35.217606
3021244,926.744629
3021245,269.724274
3021246,8675.770508
3021247,4.376624
3021248,78.875679
3021249,2.897013
3021250,0.000000
3021251,0.737767
3021252,1552.712646
3021253,0.000000
3021254,214.696960
3021255,5.161219
3021256,481.077118
3021257,291.209320
3021258,123.859520
3021259,141.271576
3021260,35.157570
3021261,1834.406860
3021262,8.111425
3021263,0.000000
3021264,16.167053
3021265,7.829742
3021266,0.000000
3021267,131.645142
3021268,0.253825
3021269,0.602866
3021270,3.091782
3021271,36.191101
3021272,0.766980
3021273,51.884537
3021274,105.481247
3021275,1.079940
3021276,4.300667
3021277,123.136147
3021278,24.703348
3021279,479.021118
3021280,0.000000
3021281,4.058905
3021282,10.549954
3021283,0.000000
3021284,2.239243
3021285,4400.274902
3021286,0.000000
3021287,690.202942
3021288,8.891342
3021289,1370.714111
3021290,710.422852
3021291,284.718842
3021292,292.853149
3021293,57.341660
3021294,5639.641113
3021295,13.680079
3021296,0.000000
3021297,32.624481
3021298,25.310102
3021299,0.000000
3021300,334.194733
3021301,1.526468
3021302,2.987670
3021303,11.253294
3021304,14.850524
3021305,2.001836
3021306,405.567230
3021307,335.033630
3021308,3.237754
3021309,9.548089
3021310,130.494537
3021311,78.353409
3021312,1184.728760
3021313,3.448071
3021314,4.835980
3021315,1.863984
3021316,0.000000
3021317,2.449803
3021318,857.505371
3021319,0.000000
3021320,147.048065
3021321,3.661625
3021322,445.443756
3021323,232.492203
3021324,93.739349
3021325,140.441177
3021326,20.534208
3021327,1718.328125
3021328,2.293190
3021329,0.000000
3021330,10.367907
3021331,4.089153
3021332,0.000000
3021333,101.961388
3021334,0.000000
3021335,0.641409
3021336,1.633340
3021337,24.524424
3021338,0.000000
3021339,72.508354
3021340,99.124359
3021341,2.292265
3021342,1.382641
3021343,72.717010
3021344,13.800675
3021345,233.926880
3021346,0.000000
3021347,1.982319
3021348,10.187773
3021349,0.000000
3021350,3.438805
3021351,2408.195068
3021352,0.000000
3021353,317.545929
3021354,7.626435
3021355,966.401306
3021356,501.323212
3021357,207.419952
3021358,158.325439
3021359,50.203430
3021360,3568.653564
3021361,5.372506
3021362,0.190999
3021363,28.696558
3021364,25.290787
3021365,0.000000
3021366,283.310913
3021367,0.000000
3021368,1.871870
3021369,13.629273
3021370,27.520958
3021371,2.906741
3021372,291.556396
3021373,252.419144
3021374,1.729354
3021375,4.760755
3021376,247.238510
3021377,31.672249
3021378,1197.347046
3021379,1.364348
3021380,1.791980
3021381,3.285251
3021382,0.000000
3021383,2.533738
3021384,2526.829590
3021385,0.000000
3021386,728.658691
3021387,6.926484
3021388,732.534241
3021389,504.537994
3021390,208.860718
3021391,128.611237
3021392,57.553520
3021393,4506.202637
3021394,8.640643
3021395,2.312159
3021396,33.406391
3021397,36.088654
3021398,0.000000
3021399,197.667480
3021400,2.696660
3021401,6.548675
3021402,3.767124
3021403,28.740616
3021404,3.708845
3021405,166.257584
3021406,244.958679
3021407,3.065359
3021408,7.465428
3021409,148.573135
3021410,29.581089
3021411,508.846680
3021412,7.303967
3021413,2.797741
3021414,4.688779
3021415,0.000000
3021416,0.431523
3021417,1654.340088
3021418,0.000000
3021419,129.240143
3021420,2.035461
3021421,459.761505
3021422,205.528870
3021423,99.365189
3021424,152.702606
3021425,56.833843
3021426,2088.794189
3021427,7.780866
3021428,0.000000
3021429,8.308169
3021430,6.208392
3021431,0.000000
3021432,104.612656
3021433,0.000000
3021434,0.422186
3021435,0.173478
3021436,55.868187
3021437,0.252776
3021438,204.789673
3021439,104.301216
3021440,0.127128
3021441,0.428988
3021442,55.812119
3021443,22.849436
3021444,400.794128
3021445,0.050000
3021446,0.114840
3021447,5.570215
3021448,0.000000
3021449,2.076137
3021450,4365.543457
3021451,0.000000
3021452,582.344604
3021453,8.426410
3021454,800.161255
3021455,602.345764
3021456,239.074295
3021457,125.668213
3021458,96.633858
3021459,4460.496094
3021460,10.894025
3021461,0.000000
3021462,20.086798
3021463,15.139843
3021464,0.000000
3021465,271.545135
3021466,0.000000
3021467,25.254850
3021468,0.984713
3021469,75.208199
3021470,2.970506
3021471,211.556778
3021472,278.561249
3021473,2.905319
3021474,3.833708
3021475,121.491272
3021476,41.152489
3021477,1138.931519
3021478,2.605840
3021479,2.025278
3021480,2.999172
3021481,0.000000
3021482,9.691669
3021483,2005.956665
3021484,0.000000
3021485,364.510437
3021486,4.856647
3021487,563.706848
3021488,565.266846
3021489,126.741287
3021490,99.016518
3021491,91.086250
3021492,2529.878174
3021493,45.760017
3021494,1.419969
3021495,24.656548
3021496,19.951185
3021497,0.000000
3021498,179.861191
3021499,22.313705
3021500,19.599243
3021501,2.011272
3021502,74.314384
3021503,10.911720
3021504,155.726089
3021505,238.658585
3021506,10.885907
3021507,12.868183
3021508,201.122147
3021509,54.940441
3021510,1645.100098
3021511,0.364266
3021512,11.505971
3021513,7.782010
3021514,0.000000
3021515,11.619813
3021516,2413.638428
3021517,0.000000
3021518,458.361786
3021519,13.988045
3021520,930.223694
3021521,653.054199
3021522,163.615417
3021523,121.635078
3021524,91.344185
3021525,4104.716797
3021526,27.742491
3021527,1.267529
3021528,37.993050
3021529,36.082294
3021530,0.000000
3021531,314.604980
3021532,37.182442
3021533,18.333233
3021534,10.110487
3021535,143.889175
3021536,15.082870
3021537,142.788559
3021538,448.103210
3021539,8.159689
3021540,14.521054
3021541,142.465088
3021542,77.732056
3021543,1824.636963
3021544,32.200279
3021545,20.711353
3021546,10.250795
3021547,0.000000
3021548,5.947549
3021549,3954.805420
3021550,0.000000
3021551,671.782043
3021552,6.333557
3021553,1585.413574
3021554,501.389435
3021555,185.372910
3021556,222.988846
3021557,67.257370
3021558,4996.260742
3021559,36.659809
3021560,3.146386
3021561,28.318369
3021562,21.300011
3021563,0.000000
3021564,278.409729
3021565,9.130322
3021566,15.778288
3021567,7.943829
3021568,37.217915
3021569,8.235909
3021570,123.703117
3021571,331.303131
3021572,7.397233
3021573,10.876572
3021574,205.074066
3021575,55.241413
3021576,1382.498413
3021577,11.868121
3021578,16.892103
3021579,4.929540
3021580,0.000000
3021581,7.569159
3021582,2957.498779
3021583,0.000000
3021584,363.501556
3021585,8.553741
3021586,705.289490
3021587,763.440430
3021588,206.870941
3021589,189.135468
3021590,99.794411
3021591,3719.921875
3021592,17.266876
3021593,1.677963
3021594,18.088989
3021595,14.443538
3021596,0.000000
3021597,234.914291
3021598,31.308033
3021599,24.834017
3021600,2.682253
3021601,94.088829
3021602,9.408568
3021603,314.109711
3021604,284.685059
3021605,8.386078
3021606,11.237396
3021607,436.265839
3021608,59.816265
3021609,2391.593750
3021610,0.050000
3021611,34.444866
3021612,3.982939
3021613,0.000000
3021614,2.647372
3021615,4841.475586
3021616,0.000000
3021617,476.157379
3021618,6.307079
3021619,1804.922485
3021620,512.654297
3021621,279.007751
3021622,163.165421
3021623,49.351425
3021624,6464.416016
3021625,9.360344
3021626,1.543578
3021627,26.959280
3021628,25.765514
3021629,0.000000
3021630,319.545959
3021631,0.000000
3021632,0.081145
3021633,9.908844
3021634,28.181419
3021635,2.932148
3021636,134.742996
3021637,320.884491
3021638,2.430642
3021639,10.936774
3021640,156.440399
3021641,53.705376
3021642,888.896301
3021643,0.071673
3021644,5.643843
3021645,8.369125
3021646,0.000000
3021647,10.239697
3021648,3078.460205
3021649,0.000000
3021650,583.767517
3021651,11.238794
3021652,929.684265
3021653,775.648499
3021654,281.659393
3021655,183.343765
3021656,156.777557
3021657,4534.637695
3021658,49.275593
3021659,0.979795
3021660,31.708261
3021661,31.662123
3021662,0.000000
3021663,298.674103
3021664,32.301952
3021665,23.177235
3021666,8.488671
3021667,58.011120
3021668,16.099251
3021669,236.486389
3021670,403.999420
3021671,14.131597
3021672,10.440799
3021673,225.970535
3021674,72.083252
3021675,2043.791504
3021676,0.783282
3021677,8.186483
3021678,5.482332
3021679,0.000000
3021680,7.784155
3021681,2259.560303
3021682,0.000000
3021683,450.262329
3021684,10.956475
3021685,600.959717
3021686,652.852600
3021687,172.619690
3021688,135.986237
3021689,121.029137
3021690,2797.208008
3021691,33.885944
3021692,1.063620
3021693,25.008327
3021694,21.258745
3021695,0.000000
3021696,231.974884
3021697,27.157040
3021698,36.623283
3021699,4.700015
3021700,54.519058
3021701,12.814196
3021702,206.668488
3021703,245.072937
3021704,8.683672
3021705,10.141446
3021706,208.302048
3021707,52.313915
3021708,2073.654297
3021709,0.000000
3021710,19.080435
3021711,8.524495
3021712,0.000000
3021713,5.043146
3021714,5605.791992
3021715,0.000000
3021716,716.478027
3021717,20.547304
3021718,1334.530518
3021719,677.067322
3021720,329.142517
3021721,231.056900
3021722,57.672886
3021723,5848.234863
3021724,14.233174
3021725,0.000000
3021726,20.585226
3021727,23.043936
3021728,0.000000
3021729,288.567505
3021730,0.000000
3021731,12.746919
3021732,1.694986
3021733,97.182312
3021734,2.194221
3021735,231.884491
3021736,294.030182
3021737,2.958135
3021738,1.851379
3021739,263.539734
3021740,136.667297
3021741,1249.536377
3021742,4.755220
3021743,0.698308
3021744,19.927099
3021745,0.000000
3021746,24.290041
3021747,13887.007812
3021748,0.000000
3021749,1690.031494
3021750,20.192142
3021751,2562.764893
3021752,3009.416504
3021753,562.255066
3021754,653.004639
3021755,457.042633
3021756,12276.392578
3021757,76.642525
3021758,4.777648
3021759,136.319000
3021760,125.339806
3021761,0.000000
3021762,734.673218
3021763,50.958221
3021764,23.756567
3021765,88.098701
3021766,280.628418
3021767,33.397583
3021768,770.536743
3021769,667.750366
3021770,53.831478
3021771,53.322712
3021772,1197.861206
3021773,272.686462
3021774,12082.370117
3021775,372.703583
3021776,118.250847
3021777,21.495058
3021778,0.000000
3021779,22.915052
3021780,12356.200195
3021781,0.000000
3021782,1368.915039
3021783,22.435017
3021784,3044.281250
3021785,2303.137451
3021786,784.282837
3021787,492.880432
3021788,358.991241
3021789,14860.146484
3021790,120.004211
3021791,1.979013
3021792,72.787659
3021793,94.825050
3021794,2.673170
3021795,725.711365
3021796,52.716908
3021797,35.838257
3021798,11.573109
3021799,202.799667
3021800,16.166307
3021801,1164.097046
3021802,878.548279
3021803,30.609449
3021804,37.197113
3021805,1356.938843
3021806,280.202881
3021807,7658.631836
3021808,595.909180
3021809,99.805557
3021810,17.873974
3021811,0.000000
3021812,31.395611
3021813,8080.895020
3021814,0.000000
3021815,1009.280090
3021816,15.214213
3021817,2767.635254
3021818,1883.106689
3021819,953.343079
3021820,243.257843
3021821,271.993378
3021822,12358.381836
3021823,54.840878
3021824,4.398486
3021825,52.010597
3021826,36.757656
3021827,0.333809
3021828,731.019531
3021829,61.861149
3021830,34.886738
3021831,13.904605
3021832,128.787033
3021833,15.198834
3021834,864.501343
3021835,940.172424
3021836,34.864586
3021837,59.104813
3021838,855.805908
3021839,148.646286
3021840,3686.111328
3021841,444.047638
3021842,57.366844
3021843,22.456417
3021844,0.000000
3021845,30.337679
3021846,12248.456055
3021847,0.000000
3021848,1217.814941
3021849,15.877751
3021850,2307.269531
3021851,2017.052246
3021852,720.593018
3021853,404.597778
3021854,280.994446
3021855,12252.392578
3021856,52.932320
3021857,1.654478
3021858,72.058258
3021859,74.059769
3021860,0.193816
3021861,654.543945
3021862,57.408203
3021863,30.705860
3021864,28.445862
3021865,182.602158
3021866,18.267548
3021867,795.307922
3021868,863.741882
3021869,36.105812
3021870,49.462379
3021871,1114.824463
3021872,240.271927
3021873,6590.959961
3021874,493.114807
3021875,73.926140
3021876,17.829338
3021877,0.000000
3021878,33.711502
3021879,6945.431641
3021880,0.000000
3021881,961.911804
3021882,10.704052
3021883,2407.566162
3021884,1450.096680
3021885,647.390198
3021886,184.219101
3021887,274.513184
3021888,10846.139648
3021889,60.132195
3021890,0.000000
3021891,51.301514
3021892,36.555927
3021893,0.000000
3021894,655.883545
3021895,39.855675
3021896,18.858463
3021897,11.076665
3021898,107.689964
3021899,11.141742
3021900,844.360413
3021901,961.919678
3021902,26.735086
3021903,35.010971
3021904,859.255066
3021905,119.228951
3021906,2596.307129
3021907,337.588013
3021908,36.604435
3021909,13.118134
3021910,0.000000
3021911,18.328362
3021912,7717.294434
3021913,0.000000
3021914,1067.868530
3021915,18.160162
3021916,1745.652954
3021917,1872.370728
3021918,492.119812
3021919,482.166107
3021920,313.727203
3021921,8689.761719
3021922,71.534576
3021923,1.556432
3021924,52.181141
3021925,47.984322
3021926,0.000000
3021927,495.369293
3021928,22.857050
3021929,28.737019
3021930,12.271477
3021931,208.498108
3021932,25.198542
3021933,709.519897
3021934,580.483765
3021935,26.629007
3021936,36.536510
3021937,830.557129
3021938,198.289032
3021939,7810.327148
3021940,297.457947
3021941,73.439362
3021942,8.248580
3021943,0.000000
3021944,8.321448
3021945,1917.827759
3021946,0.000000
3021947,291.161743
3021948,22.170357
3021949,792.318665
3021950,495.901489
3021951,233.167816
3021952,101.769455
3021953,76.288071
3021954,3142.540771
3021955,32.239849
3021956,1.238706
3021957,27.559536
3021958,22.792593
3021959,0.000000
3021960,227.053970
3021961,19.868311
3021962,10.575540
3021963,14.048843
3021964,56.951874
3021965,12.119864
3021966,235.020203
3021967,289.594818
3021968,3.855008
3021969,8.953269
3021970,229.996109
3021971,56.997746
3021972,1381.132812
3021973,1.500700
3021974,11.815084
3021975,12.859540
3021976,0.000000
3021977,18.108963
3021978,5499.048828
3021979,0.000000
3021980,502.742584
3021981,34.863537
3021982,1785.096313
3021983,1046.202881
3021984,509.485962
3021985,131.328720
3021986,150.820541
3021987,7645.892090
3021988,73.670273
3021989,1.316481
3021990,54.145916
3021991,34.810139
3021992,0.000000
3021993,437.124481
3021994,22.759996
3021995,10.399131
3021996,4.340653
3021997,125.052628
3021998,13.343363
3021999,494.760559
3022000,506.170197
3022001,16.144320
3022002,34.068710
3022003,433.182831
3022004,76.165443
3022005,2134.803223
3022006,404.475769
3022007,22.532141
3022008,8.001508
3022009,0.000000
3022010,7.297740
3022011,5526.487793
3022012,0.000000
3022013,867.838440
3022014,9.067324
3022015,1398.953735
3022016,1601.013184
3022017,282.643433
3022018,397.511749
3022019,240.829697
3022020,5957.321289
3022021,46.985294
3022022,0.773793
3022023,31.612637
3022024,46.062706
3022025,0.000000
3022026,355.573944
3022027,8.387225
3022028,47.589539
3022029,4.039329
3022030,159.217972
3022031,12.848943
3022032,583.110901
3022033,338.818390
3022034,23.927069
3022035,14.168257
3022036,663.452637
3022037,134.998581
3022038,5637.195312
3022039,5.281414
3022040,49.504696
3022041,17.868490
3022042,0.000000
3022043,11.491981
3022044,5399.367676
3022045,0.000000
3022046,974.023499
3022047,16.230839
3022048,1659.860718
3022049,1338.657104
3022050,403.458557
3022051,278.398926
3022052,273.278931
3022053,7759.354980
3022054,73.292877
3022055,3.580750
3022056,53.422947
3022057,49.291451
3022058,0.000000
3022059,403.615387
3022060,10.819551
3022061,52.135178
3022062,9.513412
3022063,188.626663
3022064,15.218801
3022065,449.976624
3022066,421.700134
3022067,13.564661
3022068,29.492384
3022069,503.558502
3022070,130.475769
3022071,4761.694824
3022072,5.334653
3022073,9.298312
3022074,13.933961
3022075,0.000000
3022076,5.478843
3022077,2634.313965
3022078,0.000000
3022079,509.125763
3022080,9.279224
3022081,851.213135
3022082,561.094421
3022083,279.928375
3022084,117.148041
3022085,118.144196
3022086,3975.621338
3022087,19.769581
3022088,1.437555
3022089,31.635492
3022090,28.723858
3022091,0.000000
3022092,234.481094
3022093,10.166651
3022094,14.008511
3022095,7.065211
3022096,98.429443
3022097,6.480086
3022098,313.274139
3022099,284.497528
3022100,5.203328
3022101,7.589695
3022102,235.760178
3022103,72.747040
3022104,2080.123291
3022105,0.089450
3022106,4.906513
3022107,10.259102
3022108,0.000000
3022109,1.912818
3022110,3817.990234
3022111,0.000000
3022112,363.703522
3022113,5.550736
3022114,1216.627930
3022115,302.185577
3022116,261.990631
3022117,83.444641
3022118,34.661877
3022119,4251.442383
3022120,11.898796
3022121,0.775285
3022122,29.054350
3022123,12.918106
3022124,0.000000
3022125,304.148438
3022126,0.000000
3022127,2.409772
3022128,4.751379
3022129,18.173246
3022130,2.641660
3022131,74.030357
3022132,248.664886
3022133,0.000000
3022134,2.346699
3022135,78.437706
3022136,109.843018
3022137,671.201660
3022138,0.106482
3022139,2.880464
3022140,7.781265
3022141,0.000000
3022142,9.661467
3022143,4202.082031
3022144,0.000000
3022145,504.601868
3022146,12.838403
3022147,1144.185181
3022148,873.961426
3022149,365.549133
3022150,244.799698
3022151,201.546875
3022152,5506.348633
3022153,47.056396
3022154,0.694415
3022155,33.154949
3022156,46.049252
3022157,0.000000
3022158,365.462769
3022159,37.887024
3022160,21.427591
3022161,13.459915
3022162,98.618568
3022163,10.726539
3022164,453.432709
3022165,417.550415
3022166,10.481301
3022167,19.694647
3022168,500.716400
3022169,121.024719
3022170,2966.871826
3022171,0.050000
3022172,48.834839
3022173,3.521371
3022174,0.000000
3022175,7.684943
3022176,3676.865967
3022177,0.000000
3022178,490.442291
3022179,14.511039
3022180,718.606140
3022181,865.963745
3022182,159.290756
3022183,238.229538
3022184,199.253250
3022185,3228.241699
3022186,30.832232
3022187,2.868979
3022188,22.502474
3022189,24.448170
3022190,0.652726
3022191,226.546570
3022192,15.617098
3022193,32.646488
3022194,9.196725
3022195,185.502884
3022196,15.441898
3022197,395.238770
3022198,240.298630
3022199,6.981029
3022200,14.284842
3022201,441.202576
3022202,123.568970
3022203,4347.794922
3022204,0.519179
3022205,38.232990
3022206,5.271986
3022207,0.000000
3022208,13.434319
3022209,5346.717773
3022210,0.000000
3022211,720.604004
3022212,16.283255
3022213,940.968933
3022214,1406.553101
3022215,326.460083
3022216,364.839722
3022217,167.324203
3022218,5308.561523
3022219,45.817593
3022220,3.972170
3022221,45.966850
3022222,48.520542
3022223,0.000000
3022224,360.522888
3022225,35.425423
3022226,36.688091
3022227,22.147264
3022228,123.335014
3022229,24.053873
3022230,397.771301
3022231,368.759827
3022232,27.015459
3022233,22.724216
3022234,509.345856
3022235,173.212540
3022236,5247.783203
3022237,5.143668
3022238,37.474632
3022239,16.870104
3022240,0.000000
3022241,12.621396
3022242,4152.335938
3022243,0.000000
3022244,576.087769
3022245,15.798590
3022246,1585.592896
3022247,783.980347
3022248,504.366486
3022249,233.869720
3022250,114.782089
3022251,7406.180664
3022252,12.111052
3022253,2.081586
3022254,52.371140
3022255,53.050083
3022256,0.000000
3022257,453.890717
3022258,15.282403
3022259,7.653143
3022260,12.595054
3022261,51.281639
3022262,6.058768
3022263,363.328217
3022264,490.189178
3022265,0.000000
3022266,10.445751
3022267,444.950684
3022268,124.910461
3022269,1615.494995
3022270,165.060226
3022271,21.731783
3022272,3.579747
3022273,0.000000
3022274,5.564182
3022275,1759.309448
3022276,0.000000
3022277,299.801178
3022278,10.854544
3022279,462.973389
3022280,601.437012
3022281,122.388672
3022282,137.954254
3022283,90.665581
3022284,2160.589355
3022285,16.923853
3022286,1.280125
3022287,16.179855
3022288,21.623428
3022289,0.000000
3022290,154.250076
3022291,15.750495
3022292,16.695097
3022293,5.583703
3022294,76.042458
3022295,6.306174
3022296,236.222687
3022297,123.567291
3022298,3.878076
3022299,8.827184
3022300,280.060059
3022301,72.319809
3022302,2222.435059
3022303,0.038190
3022304,22.575638
3022305,1.296935
3022306,0.000000
3022307,2.613097
3022308,1226.877441
3022309,0.000000
3022310,95.011452
3022311,2.105063
3022312,772.624451
3022313,269.482819
3022314,240.008438
3022315,59.994461
3022316,29.116213
3022317,2612.499756
3022318,2.317673
3022319,0.000000
3022320,8.394046
3022321,5.765581
3022322,0.000000
3022323,160.202240
3022324,3.599080
3022325,1.052272
3022326,1.262551
3022327,7.170055
3022328,0.000000
3022329,184.345169
3022330,180.006119
3022331,0.000000
3022332,3.108654
3022333,122.110283
3022334,24.947996
3022335,237.237885
3022336,44.748672
3022337,2.206564
3022338,5.323990
3022339,0.000000
3022340,5.154590
3022341,4229.349121
3022342,0.000000
3022343,598.092896
3022344,9.486128
3022345,1640.330688
3022346,526.024780
3022347,489.680206
3022348,258.664673
3022349,56.934273
3022350,6889.925781
3022351,17.247648
3022352,0.489509
3022353,18.273447
3022354,18.191553
3022355,0.000000
3022356,478.697266
3022357,5.619287
3022358,1.556838
3022359,6.873871
3022360,27.026794
3022361,1.933591
3022362,540.341431
3022363,379.851746
3022364,1.229636
3022365,12.018981
3022366,277.919617
3022367,76.399841
3022368,1231.214111
3022369,35.290249
3022370,5.575587
3022371,3.754067
3022372,0.000000
3022373,0.812116
3022374,1564.702393
3022375,0.000000
3022376,219.581131
3022377,8.927002
3022378,957.379883
3022379,390.984375
3022380,197.825333
3022381,61.355591
3022382,33.960464
3022383,2842.636230
3022384,4.557645
3022385,0.000000
3022386,12.372279
3022387,15.925121
3022388,0.000000
3022389,142.889023
3022390,9.659599
3022391,1.146477
3022392,9.297276
3022393,19.594679
3022394,1.754097
3022395,128.389130
3022396,165.149811
3022397,0.795193
3022398,5.180829
3022399,136.327850
3022400,30.519039
3022401,356.746124
3022402,4.079517
3022403,3.517706
3022404,3.459803
3022405,0.000000
3022406,4.467082
3022407,1645.893555
3022408,0.000000
3022409,130.132309
3022410,4.519531
3022411,910.734253
3022412,263.767517
3022413,158.229294
3022414,54.642849
3022415,23.364513
3022416,2610.816162
3022417,7.840338
3022418,0.000000
3022419,9.825455
3022420,10.001661
3022421,0.000000
3022422,128.323898
3022423,1.570140
3022424,1.053997
3022425,1.564297
3022426,20.611095
3022427,1.084750
3022428,171.179535
3022429,187.141922
3022430,0.000000
3022431,2.897777
3022432,59.999931
3022433,19.827236
3022434,182.543686
3022435,7.929140
3022436,1.438210
3022437,2.931283
3022438,0.000000
3022439,1.503065
3022440,1430.910400
3022441,0.000000
3022442,163.284332
3022443,6.256197
3022444,938.916504
3022445,321.388672
3022446,242.581253
3022447,32.897160
3022448,31.917013
3022449,2764.582275
3022450,3.657320
3022451,0.000000
3022452,9.376718
3022453,21.264490
3022454,0.000000
3022455,194.050644
3022456,1.610919
3022457,2.135607
3022458,3.203260
3022459,10.057024
3022460,3.929725
3022461,249.731613
3022462,257.939178
3022463,0.474118
3022464,4.031234
3022465,50.093185
3022466,88.023132
3022467,365.006073
3022468,0.000000
3022469,5.050505
3022470,4.888473
3022471,1.729466
3022472,3.209107
3022473,1705.794312
3022474,0.000000
3022475,143.094818
3022476,3.470387
3022477,915.910767
3022478,268.076965
3022479,251.948914
3022480,109.091141
3022481,60.844952
3022482,2613.642822
3022483,5.993159
3022484,0.940190
3022485,12.504006
3022486,15.899166
3022487,0.000000
3022488,224.657150
3022489,6.897337
3022490,2.497801
3022491,3.870307
3022492,17.401608
3022493,2.863868
3022494,132.739944
3022495,211.366150
3022496,0.000000
3022497,4.934994
3022498,89.828545
3022499,36.563148
3022500,534.560913
3022501,5.310701
3022502,5.615974
3022503,3.570145
3022504,0.000000
3022505,0.468464
3022506,1345.881958
3022507,0.000000
3022508,157.572556
3022509,3.832899
3022510,696.239563
3022511,233.855637
3022512,153.141052
3022513,262.767487
3022514,20.820944
3022515,2102.064941
3022516,2.751165
3022517,0.000000
3022518,10.782183
3022519,13.527147
3022520,0.000000
3022521,151.624313
3022522,0.000000
3022523,2.053029
3022524,1.853614
3022525,15.560205
3022526,2.332898
3022527,56.518707
3022528,142.045410
3022529,0.092839
3022530,2.456363
3022531,59.167519
3022532,48.346367
3022533,451.944794
3022534,0.120018
3022535,2.218169
3022536,6.320371
3022537,0.000000
3022538,2.261631
3022539,3019.635254
3022540,0.000000
3022541,307.483734
3022542,4.208473
3022543,1202.997437
3022544,674.381653
3022545,446.400208
3022546,274.386383
3022547,94.120590
3022548,4489.081543
3022549,10.272634
3022550,1.289181
3022551,20.829390
3022552,21.228020
3022553,0.000000
3022554,261.057556
3022555,0.000000
3022556,1.029241
3022557,7.859436
3022558,19.128860
3022559,3.510475
3022560,232.902298
3022561,300.671783
3022562,0.542596
3022563,6.461607
3022564,349.838287
3022565,60.600933
3022566,1175.550171
3022567,59.615181
3022568,9.457022
3022569,1.838912
3022570,0.000000
3022571,2.754035
3022572,1826.990723
3022573,0.000000
3022574,450.745239
3022575,5.995094
3022576,502.025391
3022577,442.354767
3022578,173.050354
3022579,216.749313
3022580,51.110619
3022581,2664.379150
3022582,9.177070
3022583,0.639281
3022584,16.034599
3022585,17.392462
3022586,0.000000
3022587,163.798874
3022588,8.144737
3022589,1.849861
3022590,6.680640
3022591,36.333130
3022592,1.651623
3022593,61.512562
3022594,162.868408
3022595,1.949821
3022596,6.000418
3022597,152.945297
3022598,37.797989
3022599,1373.894409
3022600,53.610931
3022601,9.427350
3022602,5.903599
3022603,0.000000
3022604,2.771332
3022605,2500.532227
3022606,0.000000
3022607,178.902451
3022608,4.811205
3022609,874.110840
3022610,319.281250
3022611,278.283203
3022612,89.651413
3022613,50.777744
3022614,3271.382568
3022615,15.477340
3022616,1.045833
3022617,12.917584
3022618,16.159794
3022619,0.000000
3022620,182.875504
3022621,8.200964
3022622,2.011290
3022623,3.349894
3022624,20.178452
3022625,3.322437
3022626,157.247223
3022627,177.711075
3022628,0.816703
3022629,4.588268
3022630,92.326225
3022631,25.306385
3022632,448.219788
3022633,10.615300
3022634,4.986068
3022635,4.852887
3022636,0.000000
3022637,8.029778
3022638,2709.110107
3022639,0.000000
3022640,519.417847
3022641,8.594908
3022642,679.545898
3022643,684.356628
3022644,205.430206
3022645,160.365265
3022646,75.751129
3022647,3289.480957
3022648,29.138651
3022649,0.870315
3022650,18.400148
3022651,20.573984
3022652,0.000000
3022653,228.472839
3022654,18.185415
3022655,13.070779
3022656,3.815181
3022657,43.444962
3022658,10.082226
3022659,360.461853
3022660,233.097321
3022661,6.292756
3022662,5.917642
3022663,400.989807
3022664,119.610588
3022665,2129.104248
3022666,0.039724
3022667,31.890394
3022668,5.896399
3022669,0.000000
3022670,4.260689
3022671,3810.860596
3022672,0.000000
3022673,445.840302
3022674,5.567734
3022675,1688.350098
3022676,688.927979
3022677,562.189697
3022678,131.015671
3022679,57.568661
3022680,5669.325684
3022681,11.463271
3022682,0.287742
3022683,16.061625
3022684,14.083447
3022685,0.000000
3022686,298.188324
3022687,1.283057
3022688,7.609292
3022689,6.536013
3022690,26.015856
3022691,1.786070
3022692,308.691254
3022693,357.228119
3022694,1.974704
3022695,4.618375
3022696,262.909821
3022697,54.734116
3022698,838.827332
3022699,58.048767
3022700,10.679753
3022701,8.609857
3022702,0.000000
3022703,4.238886
3022704,3494.626465
3022705,0.000000
3022706,408.558441
3022707,3.637580
3022708,1355.002686
3022709,512.333435
3022710,271.548187
3022711,337.068512
3022712,69.716873
3022713,4393.490234
3022714,10.786844
3022715,0.000000
3022716,29.217142
3022717,27.075863
3022718,0.000000
3022719,299.587708
3022720,2.735131
3022721,2.549880
3022722,8.385474
3022723,53.851162
3022724,2.085055
3022725,101.544510
3022726,266.119568
3022727,0.923666
3022728,5.001724
3022729,157.627716
3022730,148.106140
3022731,1167.859741
3022732,0.039724
3022733,4.738100
3022734,3.742083
3022735,0.000000
3022736,4.542729
3022737,1907.452881
3022738,0.000000
3022739,130.170959
3022740,6.158929
3022741,702.429932
3022742,275.061798
3022743,152.296173
3022744,58.568470
3022745,37.696377
3022746,2569.142334
3022747,4.637071
3022748,0.680419
3022749,22.794672
3022750,17.961073
3022751,0.000000
3022752,163.126862
3022753,0.827516
3022754,1.204936
3022755,3.618703
3022756,32.164604
3022757,3.859090
3022758,124.549942
3022759,157.852524
3022760,0.600020
3022761,3.795835
3022762,158.789276
3022763,28.853600
3022764,496.288513
3022765,12.772974
3022766,2.207784
3022767,1.476650
3022768,0.000000
3022769,2.373934
3022770,1329.078125
3022771,0.000000
3022772,284.450256
3022773,7.468776
3022774,466.474426
3022775,472.587769
3022776,129.485703
3022777,49.221634
3022778,55.455200
3022779,1837.533203
3022780,18.501348
3022781,0.000000
3022782,10.579465
3022783,12.903106
3022784,0.000000
3022785,128.266693
3022786,12.252404
3022787,1.541984
3022788,6.324571
3022789,39.619213
3022790,3.998648
3022791,372.877808
3022792,154.354462
3022793,2.088413
3022794,3.786883
3022795,291.034454
3022796,29.755344
3022797,1123.262695
3022798,0.039724
3022799,7.456285
3022800,2.794930
3022801,0.000000
3022802,7.931169
3022803,3245.668701
3022804,0.000000
3022805,707.408386
3022806,15.189689
3022807,839.817505
3022808,1113.710938
3022809,247.690201
3022810,234.059708
3022811,136.112564
3022812,3769.039307
3022813,26.216215
3022814,1.133367
3022815,19.297550
3022816,30.449144
3022817,0.000000
3022818,239.893875
3022819,11.150577
3022820,27.154512
3022821,10.008948
3022822,59.726112
3022823,13.054839
3022824,361.297333
3022825,247.638458
3022826,15.679596
3022827,9.429798
3022828,475.299957
3022829,105.446693
3022830,3234.926025
3022831,0.122926
3022832,23.502909
3022833,2.296909
3022834,0.000000
3022835,1.869689
3022836,1965.928589
3022837,0.000000
3022838,366.717102
3022839,5.253795
3022840,351.666168
3022841,504.378784
3022842,129.727005
3022843,120.587708
3022844,75.333488
3022845,1746.514160
3022846,18.029823
3022847,0.889253
3022848,13.458126
3022849,13.829208
3022850,0.000000
3022851,97.036873
3022852,0.000000
3022853,14.911840
3022854,3.630396
3022855,134.524277
3022856,6.581692
3022857,173.502121
3022858,102.156883
3022859,3.067360
3022860,4.681058
3022861,155.612076
3022862,34.887840
3022863,1386.634277
3022864,1.337828
3022865,2.734828
3022866,3.050803
3022867,0.000000
3022868,0.139923
3022869,741.684814
3022870,0.000000
3022871,205.557648
3022872,4.184428
3022873,301.370758
3022874,227.814316
3022875,72.876511
3022876,27.511930
3022877,25.449812
3022878,1277.568481
3022879,4.952590
3022880,0.000000
3022881,9.166164
3022882,4.089031
3022883,0.000000
3022884,89.262711
3022885,0.000000
3022886,7.501252
3022887,0.774852
3022888,13.243016
3022889,0.000000
3022890,232.798569
3022891,123.034157
3022892,0.564057
3022893,0.758724
3022894,116.756630
3022895,16.297583
3022896,393.448639
3022897,1.643927
3022898,1.968082
3022899,5.715951
3022900,0.000000
3022901,5.837794
3022902,3181.537109
3022903,0.000000
3022904,530.594727
3022905,13.597452
3022906,819.982483
3022907,977.471558
3022908,274.895752
3022909,234.693268
3022910,97.725807
3022911,3808.179688
3022912,23.962074
3022913,1.207649
3022914,14.989646
3022915,24.799210
3022916,0.000000
3022917,225.528000
3022918,6.483150
3022919,31.842115
3022920,6.949611
3022921,63.915791
3022922,5.027317
3022923,272.702515
3022924,263.327057
3022925,7.769508
3022926,7.960781
3022927,403.353760
3022928,76.682312
3022929,2593.778320
3022930,0.816287
3022931,18.148552
3022932,4.574781
3022933,0.000000
3022934,1.865676
3022935,3162.548096
3022936,0.000000
3022937,532.087769
3022938,9.379111
3022939,1051.504395
3022940,695.005188
3022941,352.989502
3022942,275.589539
3022943,50.164566
3022944,4887.722656
3022945,12.774591
3022946,0.399981
3022947,22.503496
3022948,17.171797
3022949,0.518260
3022950,233.855301
3022951,0.000000
3022952,3.925388
3022953,4.212000
3022954,23.649164
3022955,1.236149
3022956,157.855988
3022957,258.970032
3022958,2.731102
3022959,3.520657
3022960,170.441833
3022961,73.052544
3022962,1271.923828
3022963,2.811000
3022964,4.010314
3022965,4.203785
3022966,0.000000
3022967,2.539907
3022968,2894.959473
3022969,0.000000
3022970,688.561462
3022971,0.845187
3022972,788.301941
3022973,683.796387
3022974,240.457657
3022975,354.934814
3022976,52.331608
3022977,3820.480225
3022978,14.248079
3022979,0.862366
3022980,21.953447
3022981,14.892288
3022982,0.000000
3022983,206.839676
3022984,0.000000
3022985,3.711848
3022986,4.102008
3022987,39.800381
3022988,1.152104
3022989,117.570641
3022990,228.502899
3022991,2.657354
3022992,3.576530
3022993,175.953278
3022994,59.224842
3022995,947.995667
3022996,1.931655
3022997,4.380219
3022998,8.966477
3022999,1.349261
3023000,17.632845
3023001,7682.379395
3023002,0.000000
3023003,1037.028931
3023004,22.060280
3023005,1633.737915
3023006,1732.283081
3023007,353.510864
3023008,458.183716
3023009,312.735107
3023010,6998.867188
3023011,73.085983
3023012,2.909307
3023013,49.198475
3023014,54.854080
3023015,0.000000
3023016,445.187958
3023017,36.056709
3023018,40.249714
3023019,23.582493
3023020,137.594284
3023021,25.449968
3023022,595.262329
3023023,462.368378
3023024,14.526338
3023025,22.357735
3023026,985.426270
3023027,204.450760
3023028,7527.987793
3023029,3.318348
3023030,78.687370
3023031,2.552757
3023032,0.000000
3023033,0.540864
3023034,1316.165161
3023035,0.000000
3023036,163.033310
3023037,3.265559
3023038,410.612183
3023039,243.151733
3023040,121.537529
3023041,192.003601
3023042,34.525074
3023043,1908.526245
3023044,4.380381
3023045,0.000000
3023046,11.770333
3023047,5.028166
3023048,0.000000
3023049,119.712791
3023050,0.240536
3023051,0.434586
3023052,2.161197
3023053,27.870605
3023054,0.452860
3023055,51.860474
3023056,97.658569
3023057,0.828146
3023058,3.226352
3023059,99.272133
3023060,17.475288
3023061,506.554840
3023062,0.039724
3023063,3.388274
3023064,6.218520
3023065,0.000000
3023066,1.202167
3023067,3350.173340
3023068,0.000000
3023069,511.033569
3023070,6.353229
3023071,1034.055664
3023072,580.210327
3023073,211.994003
3023074,413.545929
3023075,60.718975
3023076,4197.722656
3023077,10.521097
3023078,0.000000
3023079,19.159952
3023080,17.208048
3023081,0.000000
3023082,234.577911
3023083,0.722303
3023084,2.118693
3023085,7.157709
3023086,11.605095
3023087,1.170053
3023088,352.441528
3023089,237.314545
3023090,2.056223
3023091,4.500918
3023092,121.625191
3023093,60.082577
3023094,934.628357
3023095,1.652631
3023096,3.770424
3023097,1.313552
3023098,0.000000
3023099,4.243670
3023100,869.819153
3023101,0.000000
3023102,123.703674
3023103,2.509140
3023104,446.748901
3023105,164.761185
3023106,96.678253
3023107,443.469604
3023108,14.775291
3023109,1739.106079
3023110,1.083794
3023111,0.000000
3023112,6.226052
3023113,3.017420
3023114,0.000000
3023115,90.343674
3023116,0.000000
3023117,0.467647
3023118,1.164251
3023119,8.529199
3023120,0.000000
3023121,71.634529
3023122,77.468491
3023123,14.181978
3023124,1.118084
3023125,55.404785
3023126,9.196644
3023127,172.790726
3023128,0.000000
3023129,1.335633
3023130,6.244548
3023131,0.000000
3023132,1.857694
3023133,2153.687256
3023134,0.000000
3023135,239.640152
3023136,4.835932
3023137,853.277039
3023138,362.372589
3023139,162.742630
3023140,351.992310
3023141,41.137337
3023142,3028.854248
3023143,2.182834
3023144,0.268429
3023145,25.528006
3023146,15.904828
3023147,0.000000
3023148,205.348755
3023149,0.000000
3023150,1.437428
3023151,9.850974
3023152,20.959627
3023153,1.917411
3023154,208.280396
3023155,200.544113
3023156,1.247850
3023157,3.122414
3023158,178.914719
3023159,31.120983
3023160,1063.844971
3023161,0.000000
3023162,1.361928
3023163,3.121246
3023164,0.000000
3023165,2.487587
3023166,2556.172119
3023167,0.000000
3023168,676.026245
3023169,7.242609
3023170,932.844055
3023171,534.293457
3023172,212.829041
3023173,156.888794
3023174,63.215309
3023175,4241.705078
3023176,6.185194
3023177,2.620391
3023178,25.449255
3023179,34.401775
3023180,0.000000
3023181,193.516922
3023182,2.210221
3023183,6.789797
3023184,3.613962
3023185,24.721392
3023186,3.828368
3023187,175.950531
3023188,278.419312
3023189,3.147573
3023190,6.965809
3023191,154.283676
3023192,32.448093
3023193,551.510010
3023194,5.838957
3023195,3.149441
3023196,3.139642
3023197,0.000000
3023198,2.480551
3023199,1534.985962
3023200,0.000000
3023201,94.229668
3023202,1.554250
3023203,455.714081
3023204,164.009430
3023205,96.532715
3023206,274.798187
3023207,29.452105
3023208,2016.566895
3023209,3.223625
3023210,0.000000
3023211,8.398906
3023212,3.128812
3023213,0.000000
3023214,92.850616
3023215,0.000000
3023216,0.226881
3023217,0.071653
3023218,10.028104
3023219,0.140615
3023220,170.273956
3023221,94.219688
3023222,0.000000
3023223,0.144907
3023224,38.875683
3023225,18.988605
3023226,352.678467
3023227,0.039724
3023228,0.070275
3023229,3.570905
3023230,0.000000
3023231,1.706245
3023232,3437.289551
3023233,0.000000
3023234,466.671295
3023235,6.831745
3023236,720.399902
3023237,461.341583
3023238,175.278168
3023239,154.064972
3023240,78.450058
3023241,3730.333008
3023242,7.429892
3023243,0.000000
3023244,20.552500
3023245,10.656828
3023246,0.000000
3023247,201.588303
3023248,0.000000
3023249,15.207692
3023250,0.443749
3023251,39.407681
3023252,2.430705
3023253,210.146896
3023254,207.765961
3023255,2.371374
3023256,3.251323
3023257,122.168480
3023258,42.139797
3023259,1016.914001
3023260,1.972697
3023261,1.673297
3023262,3.259125
3023263,0.000000
3023264,8.941327
3023265,2624.066650
3023266,0.000000
3023267,526.835205
3023268,4.937182
3023269,693.293823
3023270,764.970032
3023271,144.240479
3023272,109.458458
3023273,102.285500
3023274,3194.292236
3023275,48.816425
3023276,1.308329
3023277,25.129436
3023278,21.952221
3023279,0.000000
3023280,219.462097
3023281,20.310574
3023282,19.630816
3023283,4.345344
3023284,86.352013
3023285,9.998439
3023286,200.762497
3023287,270.484650
3023288,11.359826
3023289,11.791522
3023290,233.678268
3023291,66.232147
3023292,2140.144531
3023293,0.187051
3023294,10.519674
3023295,4.573970
3023296,0.000000
3023297,8.637365
3023298,1991.537476
3023299,0.000000
3023300,450.775543
3023301,10.925058
3023302,762.820496
3023303,681.442383
3023304,152.836594
3023305,93.175034
3023306,97.775345
3023307,3262.949463
3023308,21.142902
3023309,0.970145
3023310,44.646194
3023311,27.843170
3023312,0.000000
3023313,302.553558
3023314,19.431171
3023315,12.385020
3023316,6.292466
3023317,59.014847
3023318,10.624926
3023319,160.271652
3023320,356.081909
3023321,5.682875
3023322,7.646174
3023323,120.383240
3023324,76.560768
3023325,1742.580322
3023326,10.317360
3023327,17.423004
3023328,7.350841
3023329,0.000000
3023330,5.600897
3023331,3426.848633
3023332,0.000000
3023333,683.690125
3023334,3.737703
3023335,1566.325928
3023336,523.940491
3023337,190.041534
3023338,1014.825439
3023339,58.260681
3023340,5153.894043
3023341,28.549202
3023342,1.252230
3023343,22.710497
3023344,18.642935
3023345,0.000000
3023346,266.317200
3023347,4.854054
3023348,13.419111
3023349,8.196745
3023350,34.927578
3023351,6.129435
3023352,139.098328
3023353,274.911407
3023354,4.442188
3023355,6.910419
3023356,198.384857
3023357,58.280567
3023358,1458.827515
3023359,10.289203
3023360,12.942840
3023361,2.661192
3023362,0.000000
3023363,5.886591
3023364,2278.748535
3023365,0.000000
3023366,317.028992
3023367,5.658527
3023368,668.669739
3023369,675.674744
3023370,160.220016
3023371,142.248047
3023372,69.181450
3023373,2724.230225
3023374,15.922498
3023375,0.910364
3023376,12.055778
3023377,9.267879
3023378,0.000000
3023379,184.368317
3023380,15.339702
3023381,14.654408
3023382,1.936825
3023383,53.401730
3023384,5.914527
3023385,310.199768
3023386,203.580612
3023387,4.625602
3023388,5.750217
3023389,350.444183
3023390,52.155766
3023391,1861.399902
3023392,0.039724
3023393,23.636934
3023394,3.405895
3023395,0.000000
3023396,4.341909
3023397,4804.489258
3023398,0.000000
3023399,465.060547
3023400,5.785385
3023401,1477.371826
3023402,630.590820
3023403,280.770386
3023404,253.675797
3023405,56.565578
3023406,5813.851562
3023407,6.715027
3023408,1.513777
3023409,24.736254
3023410,26.148567
3023411,0.000000
3023412,354.613495
3023413,0.000000
3023414,0.009431
3023415,9.281164
3023416,21.952574
3023417,2.573728
3023418,128.224274
3023419,318.158905
3023420,2.131731
3023421,8.715363
3023422,168.487289
3023423,56.496662
3023424,1039.156250
3023425,0.062341
3023426,7.079044
3023427,4.594399
3023428,0.000000
3023429,7.397035
3023430,2291.725098
3023431,0.000000
3023432,456.517578
3023433,8.174826
3023434,813.647339
3023435,673.778625
3023436,185.917313
3023437,141.762375
3023438,100.555084
3023439,3251.466553
3023440,25.649523
3023441,0.858930
3023442,20.699083
3023443,25.073927
3023444,0.000000
3023445,226.560638
3023446,11.559983
3023447,13.059555
3023448,5.344694
3023449,53.399227
3023450,9.802778
3023451,172.415436
3023452,239.869919
3023453,10.545313
3023454,8.896820
3023455,184.837891
3023456,55.474434
3023457,1839.332520
3023458,0.209913
3023459,5.038304
3023460,2.949059
3023461,0.000000
3023462,4.836306
3023463,2257.317139
3023464,0.000000
3023465,448.886719
3023466,7.858510
3023467,667.360474
3023468,737.293945
3023469,157.331558
3023470,123.610847
3023471,101.028893
3023472,2826.607178
3023473,23.859608
3023474,0.873171
3023475,18.841629
3023476,18.607128
3023477,0.000000
3023478,191.006119
3023479,11.396382
3023480,32.529003
3023481,4.719266
3023482,56.286263
3023483,10.264104
3023484,199.119781
3023485,190.388260
3023486,5.563696
3023487,6.907389
3023488,186.874771
3023489,53.490982
3023490,2113.617920
3023491,0.169561
3023492,12.728159
3023493,4.730418
3023494,0.000000
3023495,3.039543
3023496,5332.964844
3023497,0.000000
3023498,533.874023
3023499,12.097152
3023500,1294.425415
3023501,745.457703
3023502,314.148193
3023503,344.815460
3023504,57.359905
3023505,5164.228027
3023506,11.547063
3023507,0.000000
3023508,15.970462
3023509,17.157095
3023510,0.000000
3023511,268.438141
3023512,0.000000
3023513,7.361923
3023514,1.238482
3023515,58.499271
3023516,1.911786
3023517,231.205429
3023518,274.576813
3023519,1.947286
3023520,1.066486
3023521,207.655243
3023522,133.784576
3023523,1313.744629
3023524,3.447210
3023525,0.586854
3023526,14.689801
3023527,0.000000
3023528,14.406298
3023529,8612.410156
3023530,0.000000
3023531,1390.956665
3023532,21.274694
3023533,2164.333984
3023534,2223.895752
3023535,452.850677
3023536,510.360046
3023537,356.521545
3023538,8802.154297
3023539,74.277382
3023540,2.974915
3023541,77.891182
3023542,94.752861
3023543,0.000000
3023544,510.287567
3023545,23.205881
3023546,20.116091
3023547,64.259918
3023548,203.801788
3023549,21.874460
3023550,684.837830
3023551,504.133575
3023552,30.902042
3023553,33.465611
3023554,942.673828
3023555,273.499420
3023556,8571.488281
3023557,265.826660
3023558,94.916718
3023559,14.009342
3023560,0.000000
3023561,13.979485
3023562,8572.392578
3023563,0.000000
3023564,1063.970093
3023565,18.291637
3023566,2375.647949
3023567,1842.873901
3023568,601.565002
3023569,399.157013
3023570,269.166138
3023571,10258.573242
3023572,116.759827
3023573,1.015388
3023574,52.671116
3023575,77.044426
3023576,1.196655
3023577,524.454041
3023578,23.776299
3023579,24.135366
3023580,14.343582
3023581,160.191803
3023582,14.530184
3023583,894.953857
3023584,699.668030
3023585,18.380283
3023586,23.971611
3023587,1155.997314
3023588,218.216583
3023589,5841.888184
3023590,507.957581
3023591,77.197876
3023592,10.277966
3023593,0.000000
3023594,20.012259
3023595,5276.338379
3023596,0.000000
3023597,781.903992
3023598,13.721991
3023599,1928.644165
3023600,1337.732788
3023601,693.314758
3023602,146.731216
3023603,216.661835
3023604,8486.585938
3023605,34.958912
3023606,2.466508
3023607,28.051811
3023608,25.617859
3023609,0.166664
3023610,503.063049
3023611,22.923223
3023612,20.699219
3023613,10.777432
3023614,102.418182
3023615,10.924636
3023616,844.915222
3023617,690.250488
3023618,16.421701
3023619,34.021633
3023620,678.025574
3023621,120.620033
3023622,2505.379395
3023623,308.137115
3023624,37.625854
3023625,13.479209
3023626,0.000000
3023627,20.340078
3023628,7933.079102
3023629,0.000000
3023630,1049.613770
3023631,17.092512
3023632,1974.637817
3023633,1722.760620
3023634,589.173401
3023635,308.762390
3023636,210.440613
3023637,8743.050781
3023638,51.098476
3023639,1.168913
3023640,55.696030
3023641,68.874802
3023642,0.364511
3023643,500.438080
3023644,22.729567
3023645,26.918043
3023646,24.312836
3023647,138.165970
3023648,11.243489
3023649,697.812195
3023650,703.125000
3023651,17.839035
3023652,23.919386
3023653,1000.260010
3023654,229.421875
3023655,5209.818359
3023656,375.055389
3023657,74.146568
3023658,9.807197
3023659,0.000000
3023660,19.035355
3023661,4148.666016
3023662,0.000000
3023663,746.489441
3023664,7.808479
3023665,1890.195068
3023666,1026.966553
3023667,506.677856
3023668,114.386612
3023669,159.967590
3023670,7408.954590
3023671,31.395058
3023672,0.000000
3023673,27.810009
3023674,25.167995
3023675,0.000000
3023676,440.823181
3023677,19.377956
3023678,10.054545
3023679,14.031520
3023680,80.868576
3023681,5.783255
3023682,737.766235
3023683,689.309021
3023684,14.070021
3023685,20.712063
3023686,735.372620
3023687,94.063705
3023688,1773.101562
3023689,294.109070
3023690,20.829695
3023691,9.327961
3023692,0.000000
3023693,13.700397
3023694,6008.840332
3023695,0.000000
3023696,1138.287476
3023697,24.416546
3023698,1643.034302
3023699,1932.564087
3023700,411.091644
3023701,461.960419
3023702,279.548096
3023703,7401.566895
3023704,75.581612
3023705,1.206504
3023706,53.353577
3023707,49.673504
3023708,0.000000
3023709,449.524323
3023710,15.299641
3023711,23.291973
3023712,10.348666
3023713,173.085541
3023714,20.520718
3023715,682.957397
3023716,520.819092
3023717,16.997463
3023718,26.498735
3023719,954.827759
3023720,200.233093
3023721,7176.750000
3023722,287.582611
3023723,79.254211
3023724,5.033114
3023725,0.000000
3023726,8.483094
3023727,1736.395630
3023728,0.000000
3023729,321.013550
3023730,20.721539
3023731,772.764648
3023732,512.997437
3023733,205.189331
3023734,76.877769
3023735,74.892563
3023736,2892.238281
3023737,23.444370
3023738,1.026788
3023739,24.714386
3023740,20.488667
3023741,0.000000
3023742,217.599243
3023743,11.559484
3023744,8.336281
3023745,11.061195
3023746,41.518223
3023747,9.083772
3023748,232.920593
3023749,219.416931
3023750,2.952648
3023751,6.262605
3023752,198.731583
3023753,60.728977
3023754,1364.133301
3023755,0.903477
3023756,10.523897
3023757,7.874672
3023758,0.000000
3023759,13.768641
3023760,3944.268555
3023761,0.000000
3023762,514.423889
3023763,23.198315
3023764,1427.507446
3023765,983.662842
3023766,406.666473
3023767,117.469139
3023768,142.970047
3023769,6065.594238
3023770,58.714256
3023771,0.989423
3023772,52.014343
3023773,22.742235
3023774,0.000000
3023775,386.028534
3023776,14.048852
3023777,7.686715
3023778,3.144428
3023779,105.312950
3023780,9.454738
3023781,456.755463
3023782,488.877747
3023783,10.367950
3023784,19.179619
3023785,390.762360
3023786,76.376160
3023787,2103.833496
3023788,337.171997
3023789,12.581558
3023790,5.821695
3023791,0.000000
3023792,4.157898
3023793,3996.115479
3023794,0.000000
3023795,777.522461
3023796,8.936704
3023797,1253.160645
3023798,1386.492065
3023799,239.338226
3023800,365.445007
3023801,188.668396
3023802,4568.957520
3023803,45.344856
3023804,0.951109
3023805,24.311378
3023806,44.901169
3023807,0.000000
3023808,274.721588
3023809,2.023945
3023810,36.632797
3023811,3.073676
3023812,81.887245
3023813,9.429368
3023814,563.150085
3023815,276.474823
3023816,16.090176
3023817,10.352820
3023818,694.016418
3023819,121.648331
3023820,4652.897461
3023821,3.502024
3023822,39.783875
3023823,8.194151
3023824,0.000000
3023825,10.131654
3023826,4110.815430
3023827,0.000000
3023828,822.421326
3023829,9.735767
3023830,1320.851074
3023831,1124.379028
3023832,353.482452
3023833,214.277496
3023834,251.334152
3023835,5596.200195
3023836,33.006207
3023837,2.973668
3023838,42.563572
3023839,34.713833
3023840,0.000000
3023841,268.399139
3023842,5.698565
3023843,40.961414
3023844,6.628555
3023845,196.876541
3023846,9.832283
3023847,420.526245
3023848,331.115540
3023849,12.895575
3023850,17.997667
3023851,469.908325
3023852,133.124847
3023853,4165.134277
3023854,3.867200
3023855,8.384789
3023856,5.778633
3023857,0.000000
3023858,4.983005
3023859,1858.732910
3023860,0.000000
3023861,405.309235
3023862,5.853221
3023863,751.934875
3023864,442.010406
3023865,183.518341
3023866,91.690163
3023867,93.158524
3023868,2847.735352
3023869,12.045131
3023870,0.854111
3023871,21.289803
3023872,21.721592
3023873,0.000000
3023874,183.197937
3023875,4.566809
3023876,9.528463
3023877,4.258090
3023878,42.709579
3023879,3.772970
3023880,211.694336
3023881,204.430969
3023882,2.816144
3023883,4.136462
3023884,152.925247
3023885,52.074295
3023886,1618.453003
3023887,0.014619
3023888,3.162636
3023889,5.679166
3023890,0.000000
3023891,1.079759
3023892,3675.437988
3023893,0.000000
3023894,266.404816
3023895,3.288946
3023896,1114.421997
3023897,265.857208
3023898,207.016113
3023899,78.222466
3023900,22.612947
3023901,3469.546875
3023902,8.667327
3023903,0.437119
3023904,20.403543
3023905,9.080904
3023906,0.000000
3023907,210.754333
3023908,0.000000
3023909,1.987168
3023910,2.938302
3023911,14.107605
3023912,1.933980
3023913,56.492241
3023914,193.678146
3023915,0.000000
3023916,1.663601
3023917,57.945206
3023918,101.079346
3023919,587.242920
3023920,0.039724
3023921,2.434593
3023922,4.464464
3023923,0.000000
3023924,7.340973
3023925,3020.416992
3023926,0.000000
3023927,499.220520
3023928,10.528517
3023929,1005.048157
3023930,814.646362
3023931,270.941956
3023932,168.123932
3023933,118.088356
3023934,4388.748047
3023935,29.000982
3023936,0.611629
3023937,24.309616
3023938,33.729950
3023939,0.000000
3023940,300.038208
3023941,19.450878
3023942,11.742603
3023943,11.939695
3023944,58.473042
3023945,6.557895
3023946,395.888916
3023947,303.248444
3023948,6.062475
3023949,11.803909
3023950,490.755859
3023951,75.120255
3023952,2351.021484
3023953,0.039724
3023954,34.221901
3023955,4.036003
3023956,0.000000
3023957,5.878130
3023958,3670.874268
3023959,0.000000
3023960,554.433899
3023961,16.751059
3023962,920.569336
3023963,1206.917603
3023964,194.548096
3023965,291.300903
3023966,202.816254
3023967,3668.471191
3023968,33.355888
3023969,2.734227
3023970,24.167561
3023971,26.997681
3023972,0.818384
3023973,233.260712
3023974,13.190486
3023975,34.354511
3023976,7.619926
3023977,109.293709
3023978,15.448023
3023979,466.655792
3023980,281.612946
3023981,7.584280
3023982,14.488142
3023983,538.618958
3023984,134.957336
3023985,5201.273926
3023986,0.400855
3023987,52.695770
3023988,3.766362
3023989,0.000000
3023990,11.166832
3023991,3990.991455
3023992,0.000000
3023993,701.642517
3023994,16.390486
3023995,989.552185
3023996,1272.385132
3023997,252.870697
3023998,278.999634
3023999,156.057953
3024000,4376.377441
3024001,44.453060
3024002,2.957197
3024003,33.086216
3024004,50.367203
3024005,0.000000
3024006,308.183624
3024007,23.973310
3024008,30.647154
3024009,22.224386
3024010,106.738701
3024011,17.338369
3024012,403.040649
3024013,307.825836
3024014,14.502634
3024015,16.591013
3024016,507.469299
3024017,152.513275
3024018,4139.988281
3024019,3.587889
3024020,33.151951
3024021,9.383842
3024022,0.000000
3024023,8.803812
3024024,3484.262207
3024025,0.000000
3024026,454.535889
3024027,10.428879
3024028,1518.671631
3024029,732.496277
3024030,494.396667
3024031,280.361511
3024032,74.736290
3024033,6002.563965
3024034,8.499922
3024035,1.204742
3024036,51.991844
3024037,30.905396
3024038,0.000000
3024039,386.504150
3024040,8.975275
3024041,5.753099
3024042,10.262674
3024043,36.325752
3024044,4.466476
3024045,348.416473
3024046,438.371643
3024047,2.727781
3024048,6.024008
3024049,351.059814
3024050,95.472610
3024051,1377.571411
3024052,174.274597
3024053,14.063679
3024054,3.289375
3024055,0.000000
3024056,5.158520
3024057,2031.887329
3024058,0.000000
3024059,328.264069
3024060,13.568034
3024061,601.408997
3024062,545.953979
3024063,128.376068
3024064,131.697800
3024065,105.903137
3024066,2421.817383
3024067,19.497618
3024068,1.348218
3024069,17.194925
3024070,26.276201
3024071,0.000000
3024072,183.117645
3024073,13.120071
3024074,17.752262
3024075,6.984069
3024076,85.352501
3024077,5.755827
3024078,274.741455
3024079,147.124115
3024080,3.772622
3024081,10.917300
3024082,280.348907
3024083,63.194847
3024084,2173.386963
3024085,0.039724
3024086,27.330053
3024087,1.355770
3024088,0.000000
3024089,2.148828
3024090,1441.614868
3024091,0.000000
3024092,99.283379
3024093,2.460080
3024094,730.124084
3024095,278.072968
3024096,207.400864
3024097,35.793110
3024098,29.169800
3024099,2569.052979
3024100,2.485975
3024101,0.000000
3024102,7.008593
3024103,6.048338
3024104,0.000000
3024105,162.684433
3024106,3.342055
3024107,1.160623
3024108,1.276975
3024109,8.215463
3024110,0.000000
3024111,188.076279
3024112,163.601395
3024113,0.000000
3024114,3.451410
3024115,128.808594
3024116,25.019789
3024117,325.185883
3024118,51.676666
3024119,2.411496
3024120,6.040186
3024121,0.000000
3024122,5.352259
3024123,4339.876953
3024124,0.000000
3024125,916.848206
3024126,9.397388
3024127,1916.841553
3024128,528.499023
3024129,505.681152
3024130,316.756531
3024131,62.440468
3024132,6895.891602
3024133,16.974739
3024134,0.286647
3024135,22.067350
3024136,14.844039
3024137,0.000000
3024138,446.579254
3024139,5.579081
3024140,1.585279
3024141,7.905527
3024142,24.596439
3024143,1.824772
3024144,607.732666
3024145,430.740234
3024146,1.557751
3024147,12.118362
3024148,390.214874
3024149,83.752144
3024150,2341.671143
3024151,36.178013
3024152,5.620309
3024153,3.936237
3024154,0.000000
3024155,0.694858
3024156,1468.645020
3024157,0.000000
3024158,170.223969
3024159,8.391935
3024160,926.186768
3024161,352.950714
3024162,193.304977
3024163,39.457226
3024164,35.690048
3024165,2644.379395
3024166,4.405537
3024167,0.000000
3024168,11.300047
3024169,17.797293
3024170,0.000000
3024171,138.691910
3024172,9.269884
3024173,1.196936
3024174,10.276310
3024175,22.139603
3024176,1.715646
3024177,152.991135
3024178,184.208313
3024179,0.929428
3024180,4.847104
3024181,144.967896
3024182,33.808342
3024183,434.754974
3024184,9.680683
3024185,3.700740
3024186,3.507824
3024187,0.000000
3024188,2.566106
3024189,1382.083252
3024190,0.000000
3024191,124.259514
3024192,4.182677
3024193,801.583740
3024194,240.001846
3024195,158.271729
3024196,33.913757
3024197,25.268894
3024198,2418.652832
3024199,6.418215
3024200,0.000000
3024201,10.509474
3024202,5.799938
3024203,0.000000
3024204,127.786942
3024205,1.707540
3024206,1.024646
3024207,1.239445
3024208,19.479410
3024209,1.179424
3024210,198.373703
3024211,169.700211
3024212,0.000000
3024213,3.233019
3024214,87.538666
3024215,19.195122
3024216,245.686752
3024217,8.089677
3024218,1.386253
3024219,3.013544
3024220,0.000000
3024221,3.563311
3024222,1498.053955
3024223,0.000000
3024224,188.446243
3024225,5.786685
3024226,950.480225
3024227,319.961151
3024228,244.134033
3024229,29.202858
3024230,35.277271
3024231,2991.784424
3024232,3.539093
3024233,0.000000
3024234,8.779857
3024235,17.142273
3024236,0.000000
3024237,164.581390
3024238,1.436985
3024239,2.200134
3024240,4.200601
3024241,12.928543
3024242,3.976386
3024243,185.347809
3024244,238.373322
3024245,0.485748
3024246,4.233731
3024247,54.925758
3024248,97.720314
3024249,477.221497
3024250,0.000000
3024251,5.050038
3024252,3.288203
3024253,1.720240
3024254,3.192587
3024255,1703.451782
3024256,0.000000
3024257,142.203415
3024258,3.320369
3024259,866.478027
3024260,278.570770
3024261,240.170822
3024262,97.982254
3024263,59.873283
3024264,2556.804932
3024265,5.405293
3024266,0.815063
3024267,15.115793
3024268,18.329622
3024269,0.000000
3024270,198.194290
3024271,6.671117
3024272,2.489533
3024273,3.766290
3024274,16.073816
3024275,2.743108
3024276,136.736160
3024277,195.985321
3024278,0.000000
3024279,4.212984
3024280,108.927704
3024281,52.754528
3024282,855.312988
3024283,3.159730
3024284,5.902570
3024285,3.529094
3024286,0.000000
3024287,0.386929
3024288,1370.410156
3024289,0.000000
3024290,159.337524
3024291,3.954257
3024292,756.641052
3024293,227.281631
3024294,161.849075
3024295,125.014091
3024296,24.182335
3024297,1900.782959
3024298,2.550608
3024299,0.000000
3024300,9.512755
3024301,12.012867
3024302,0.000000
3024303,150.817825
3024304,0.000000
3024305,2.169892
3024306,1.739042
3024307,17.112703
3024308,2.435513
3024309,58.429970
3024310,124.427994
3024311,0.082352
3024312,2.820323
3024313,71.279213
3024314,37.698318
3024315,851.220581
3024316,0.000000
3024317,2.163946
3024318,5.855237
3024319,0.000000
3024320,2.202238
3024321,2801.655518
3024322,0.000000
3024323,311.042664
3024324,4.444707
3024325,1201.079346
3024326,673.878418
3024327,447.505829
3024328,199.891342
3024329,102.692978
3024330,4319.640137
3024331,9.811754
3024332,1.226711
3024333,22.161453
3024334,21.642231
3024335,0.000000
3024336,260.795105
3024337,0.000000
3024338,1.053193
3024339,8.793200
3024340,18.673933
3024341,3.428404
3024342,269.381226
3024343,265.315613
3024344,0.896007
3024345,6.045219
3024346,313.374390
3024347,58.183922
3024348,2221.744629
3024349,46.728561
3024350,10.584755
3024351,2.012448
3024352,0.000000
3024353,4.852555
3024354,1952.577393
3024355,0.000000
3024356,501.234955
3024357,5.811963
3024358,534.454895
3024359,504.703400
3024360,188.653809
3024361,161.873825
3024362,50.883060
3024363,2827.619141
3024364,10.121602
3024365,0.643088
3024366,13.565599
3024367,18.759323
3024368,0.000000
3024369,156.052292
3024370,6.705891
3024371,4.536552
3024372,7.423980
3024373,39.231659
3024374,1.748716
3024375,81.215897
3024376,153.438431
3024377,2.382459
3024378,6.859359
3024379,160.017075
3024380,55.380245
3024381,3060.365234
3024382,43.894012
3024383,10.351908
3024384,5.062584
3024385,0.000000
3024386,4.802075
3024387,2444.138184
3024388,0.000000
3024389,189.253555
3024390,5.259064
3024391,878.589233
3024392,316.959930
3024393,278.543274
3024394,59.292267
3024395,41.629772
3024396,3249.697266
3024397,13.457516
3024398,1.022418
3024399,12.874846
3024400,12.812497
3024401,0.000000
3024402,187.358322
3024403,7.394326
3024404,2.134442
3024405,3.076935
3024406,24.094509
3024407,3.339829
3024408,157.373337
3024409,166.044678
3024410,1.019949
3024411,4.578633
3024412,109.517921
3024413,29.678141
3024414,551.557312
3024415,12.748770
3024416,4.969587
3024417,4.098249
3024418,0.000000
3024419,6.578822
3024420,2478.466797
3024421,0.000000
3024422,526.044434
3024423,10.624979
3024424,754.240479
3024425,686.680542
3024426,198.532501
3024427,148.767227
3024428,76.863647
3024429,3241.560059
3024430,26.290562
3024431,0.730043
3024432,16.860731
3024433,19.715460
3024434,0.000000
3024435,198.787750
3024436,18.415802
3024437,13.118395
3024438,3.454089
3024439,58.416603
3024440,9.330051
3024441,400.293243
3024442,225.377396
3024443,6.107759
3024444,6.293436
3024445,399.805878
3024446,99.125351
3024447,1847.026245
3024448,0.039724
3024449,33.314556
3024450,5.671489
3024451,0.000000
3024452,4.113502
3024453,3706.187012
3024454,0.000000
3024455,439.072418
3024456,5.222018
3024457,1587.097534
3024458,588.502075
3024459,531.064209
3024460,76.289200
3024461,59.557251
3024462,4957.925781
3024463,10.320276
3024464,0.170308
3024465,19.449165
3024466,15.205077
3024467,0.000000
3024468,267.121582
3024469,1.373100
3024470,9.287318
3024471,6.042069
3024472,30.581804
3024473,1.901507
3024474,276.811035
3024475,350.725403
3024476,2.380513
3024477,5.038491
3024478,264.671906
3024479,56.561924
3024480,1162.486938
3024481,58.567852
3024482,9.794993
3024483,8.467479
3024484,0.000000
3024485,3.985332
3024486,3298.645508
3024487,0.000000
3024488,438.391205
3024489,3.855639
3024490,1266.312622
3024491,524.381042
3024492,277.582336
3024493,265.359528
3024494,75.308189
3024495,4153.698730
3024496,10.378892
3024497,0.000000
3024498,29.743740
3024499,25.150887
3024500,0.000000
3024501,306.836060
3024502,3.019154
3024503,5.759040
3024504,8.701386
3024505,64.147797
3024506,2.253194
3024507,108.852592
3024508,266.642059
3024509,0.951963
3024510,5.646540
3024511,158.371506
3024512,133.326324
3024513,2328.987061
3024514,0.039724
3024515,4.723738
3024516,3.641571
3024517,0.000000
3024518,4.376740
3024519,1745.841431
3024520,0.000000
3024521,119.535065
3024522,5.141483
3024523,674.595032
3024524,272.704437
3024525,149.350769
3024526,52.652580
3024527,52.848980
3024528,2385.667236
3024529,5.066394
3024530,0.522201
3024531,25.267797
3024532,19.201706
3024533,0.000000
3024534,158.782028
3024535,0.705816
3024536,1.314000
3024537,3.489185
3024538,33.883415
3024539,3.830822
3024540,103.432411
3024541,147.917694
3024542,0.825087
3024543,4.082364
3024544,156.571304
3024545,31.024904
3024546,571.743652
3024547,16.522383
3024548,2.186326
3024549,1.512803
3024550,0.000000
3024551,4.346418
3024552,1299.270752
3024553,0.000000
3024554,253.813492
3024555,8.429852
3024556,459.115448
3024557,466.399017
3024558,109.670486
3024559,50.564732
3024560,60.887669
3024561,1830.474487
3024562,19.155199
3024563,0.000000
3024564,8.367609
3024565,12.871602
3024566,0.000000
3024567,126.259766
3024568,12.168012
3024569,1.319022
3024570,7.530843
3024571,40.350426
3024572,3.874423
3024573,561.972656
3024574,158.968460
3024575,2.302167
3024576,3.986262
3024577,334.653229
3024578,29.741196
3024579,1050.342407
3024580,0.039724
3024581,9.571602
3024582,2.786231
3024583,0.000000
3024584,6.004523
3024585,3082.582764
3024586,0.000000
3024587,642.200989
3024588,16.011875
3024589,910.490234
3024590,1138.130371
3024591,245.444321
3024592,207.679337
3024593,137.184967
3024594,3639.893066
3024595,25.259708
3024596,1.037557
3024597,18.962753
3024598,33.161388
3024599,0.000000
3024600,232.328018
3024601,11.547361
3024602,25.396112
3024603,8.818039
3024604,77.656021
3024605,12.017426
3024606,357.773163
3024607,268.921997
3024608,15.393041
3024609,9.315733
3024610,463.859802
3024611,102.484383
3024612,3119.242188
3024613,0.000000
3024614,22.655003
3024615,2.094992
3024616,0.000000
3024617,1.903553
3024618,1706.524780
3024619,0.000000
3024620,357.802826
3024621,5.086498
3024622,351.024628
3024623,454.580261
3024624,127.282524
3024625,101.149620
3024626,63.711998
3024627,1510.820190
3024628,16.507410
3024629,0.758993
3024630,12.288514
3024631,12.513556
3024632,0.000000
3024633,76.757408
3024634,0.000000
3024635,14.903665
3024636,3.542518
3024637,145.665054
3024638,5.892750
3024639,159.868942
3024640,103.164352
3024641,2.845257
3024642,4.648901
3024643,153.643814
3024644,31.694464
3024645,1202.574707
3024646,1.237461
3024647,5.018143
3024648,3.173348
3024649,0.000000
3024650,0.091090
3024651,867.119080
3024652,0.000000
3024653,223.919937
3024654,4.088686
3024655,305.438843
3024656,221.844925
3024657,74.517281
3024658,28.821329
3024659,27.846807
3024660,1360.631470
3024661,5.673626
3024662,0.000000
3024663,10.622184
3024664,4.516724
3024665,0.000000
3024666,91.586227
3024667,0.000000
3024668,4.895631
3024669,0.741112
3024670,11.520071
3024671,0.000000
3024672,205.390060
3024673,121.470840
3024674,0.766477
3024675,0.911764
3024676,123.961380
3024677,17.972778
3024678,391.524170
3024679,0.902241
3024680,1.925588
3024681,5.918924
3024682,0.000000
3024683,5.543536
3024684,2751.872314
3024685,0.000000
3024686,518.636475
3024687,13.679921
3024688,738.696228
3024689,838.989319
3024690,274.919891
3024691,204.997757
3024692,84.099953
3024693,3557.030029
3024694,22.881355
3024695,1.160106
3024696,15.937846
3024697,24.082659
3024698,0.000000
3024699,200.284012
3024700,6.548919
3024701,31.378830
3024702,7.516484
3024703,82.444962
3024704,5.002313
3024705,243.830856
3024706,238.805176
3024707,7.919825
3024708,8.040715
3024709,356.323120
3024710,76.356209
3024711,2225.753662
3024712,0.461715
3024713,15.020940
3024714,4.498975
3024715,0.000000
3024716,4.033490
3024717,3289.729248
3024718,0.000000
3024719,520.918457
3024720,9.239681
3024721,1197.750488
3024722,831.017761
3024723,356.379639
3024724,264.863007
3024725,59.790264
3024726,4803.093750
3024727,12.430320
3024728,0.404907
3024729,22.812588
3024730,16.628124
3024731,0.473500
3024732,264.710754
3024733,0.000000
3024734,7.942525
3024735,3.726939
3024736,30.819077
3024737,1.288476
3024738,185.323868
3024739,309.773895
3024740,2.966564
3024741,3.988669
3024742,223.282211
3024743,78.862129
3024744,2824.342285
3024745,2.399723
3024746,4.294117
3024747,4.287325
3024748,0.000000
3024749,2.508068
3024750,3265.544434
3024751,0.000000
3024752,739.593323
3024753,2.239072
3024754,908.750671
3024755,679.711426
3024756,272.436462
3024757,236.417358
3024758,59.893543
3024759,4087.837402
3024760,16.359148
3024761,0.836993
3024762,22.612667
3024763,17.886946
3024764,0.000000
3024765,229.955322
3024766,0.000000
3024767,6.813761
3024768,3.972959
3024769,41.446297
3024770,1.279364
3024771,127.250458
3024772,258.804230
3024773,2.972570
3024774,3.834798
3024775,188.297043
3024776,73.834328
3024777,2235.662842
3024778,1.804724
3024779,4.163433
3024780,9.797812
3024781,1.268675
3024782,15.159532
3024783,6651.143555
3024784,0.000000
3024785,1016.122681
3024786,23.300072
3024787,1638.779663
3024788,1662.348633
3024789,351.779053
3024790,408.514435
3024791,271.716980
3024792,6465.843750
3024793,72.846779
3024794,2.712409
3024795,37.378418
3024796,52.576466
3024797,0.000000
3024798,438.986450
3024799,33.302895
3024800,53.945526
3024801,23.661526
3024802,147.117172
3024803,24.570944
3024804,595.243286
3024805,461.104340
3024806,15.131133
3024807,22.158642
3024808,874.208008
3024809,204.998611
3024810,6487.669434
3024811,3.324785
3024812,79.273712
3024813,2.700689
3024814,0.000000
3024815,0.510778
3024816,1900.231079
3024817,0.000000
3024818,164.942368
3024819,3.455347
3024820,537.866028
3024821,271.574615
3024822,124.966606
3024823,107.770737
3024824,51.395599
3024825,2143.841553
3024826,3.532030
3024827,0.000000
3024828,13.869803
3024829,5.830250
3024830,0.000000
3024831,135.893494
3024832,0.242708
3024833,0.494910
3024834,2.105599
3024835,21.167299
3024836,0.502149
3024837,63.211750
3024838,102.015968
3024839,0.892689
3024840,3.585873
3024841,105.130730
3024842,24.044701
3024843,1169.224609
3024844,0.039724
3024845,3.087535
3024846,5.987305
3024847,0.000000
3024848,1.103370
3024849,3575.640869
3024850,0.000000
3024851,534.439331
3024852,7.020627
3024853,1089.947754
3024854,645.577942
3024855,230.256546
3024856,312.470917
3024857,82.389763
3024858,4465.396973
3024859,9.026155
3024860,0.000000
3024861,18.046074
3024862,18.613512
3024863,0.000000
3024864,263.697754
3024865,0.775549
3024866,1.589749
3024867,10.426208
3024868,17.383545
3024869,1.315403
3024870,360.155853
3024871,261.778687
3024872,2.154751
3024873,5.247482
3024874,127.639778
3024875,59.378231
3024876,2417.087891
3024877,1.608645
3024878,3.742445
3024879,1.365196
3024880,0.000000
3024881,2.350161
3024882,950.337524
3024883,0.000000
3024884,120.670967
3024885,2.644919
3024886,505.216339
3024887,149.900803
3024888,97.166771
3024889,180.815384
3024890,14.800392
3024891,1908.783203
3024892,1.041401
3024893,0.000000
3024894,5.958479
3024895,3.079777
3024896,0.000000
3024897,91.274223
3024898,0.000000
3024899,0.521151
3024900,1.166915
3024901,10.769599
3024902,0.000000
3024903,76.031876
3024904,74.555031
3024905,1.037621
3024906,1.229933
3024907,59.553658
3024908,9.218285
3024909,404.643799
3024910,0.000000
3024911,1.324114
3024912,6.628061
3024913,0.000000
3024914,2.136402
3024915,2388.519287
3024916,0.000000
3024917,236.170914
3024918,5.416927
3024919,945.965759
3024920,398.396637
3024921,187.684219
3024922,153.095963
3024923,43.723469
3024924,3203.856201
3024925,2.072637
3024926,0.001663
3024927,25.480013
3024928,14.632154
3024929,0.000000
3024930,198.126297
3024931,0.000000
3024932,1.615784
3024933,9.504659
3024934,22.582245
3024935,2.147235
3024936,223.827530
3024937,218.730255
3024938,1.382293
3024939,3.472575
3024940,238.225037
3024941,33.121063
3024942,2198.557129
3024943,0.000000
3024944,1.411158
3024945,2.986223
3024946,0.000000
3024947,2.355749
3024948,2325.952881
3024949,0.000000
3024950,612.293457
3024951,6.953316
3024952,873.682678
3024953,519.295349
3024954,211.137756
3024955,125.779503
3024956,65.029480
3024957,4244.539551
3024958,5.827459
3024959,2.888437
3024960,28.160913
3024961,35.765442
3024962,0.000000
3024963,195.883072
3024964,1.995872
3024965,6.243831
3024966,3.308907
3024967,20.058468
3024968,3.759518
3024969,173.555206
3024970,272.564117
3024971,3.265101
3024972,5.694307
3024973,129.267578
3024974,32.894032
3024975,945.223511
3024976,5.307432
3024977,3.109404
3024978,3.172842
3024979,0.000000
3024980,0.407473
3024981,1351.746460
3024982,0.000000
3024983,102.753365
3024984,1.436228
3024985,401.481812
3024986,148.967865
3024987,99.096230
3024988,132.556030
3024989,33.649338
3024990,1838.913940
3024991,2.785383
3024992,0.000000
3024993,5.659834
3024994,2.963612
3024995,0.000000
3024996,92.483727
3024997,0.000000
3024998,0.107868
3024999,0.061418
3025000,16.571714
3025001,0.037863
3025002,199.782684
3025003,94.802963
3025004,0.000000
3025005,2.425997
3025006,39.177181
3025007,17.523016
3025008,681.877441
3025009,0.039724
3025010,0.070275
3025011,3.585378
3025012,0.000000
3025013,1.732600
3025014,3671.513184
3025015,0.000000
3025016,592.934692
3025017,6.557413
3025018,855.313049
3025019,584.279541
3025020,200.834244
3025021,157.239334
3025022,68.176033
3025023,4199.234863
3025024,7.942400
3025025,0.000000
3025026,21.060736
3025027,9.177459
3025028,0.000000
3025029,222.271561
3025030,0.000000
3025031,23.946783
3025032,0.476037
3025033,39.783165
3025034,2.608839
3025035,243.085098
3025036,228.657608
3025037,2.780517
3025038,3.658613
3025039,140.652725
3025040,54.335629
3025041,2869.985840
3025042,1.953695
3025043,1.705872
3025044,3.177016
3025045,0.000000
3025046,6.043672
3025047,2498.280029
3025048,0.000000
3025049,525.090149
3025050,5.345819
3025051,831.302734
3025052,748.941467
3025053,140.682159
3025054,121.822533
3025055,107.842178
3025056,3393.112061
3025057,49.239300
3025058,1.217508
3025059,23.324900
3025060,24.046329
3025061,0.000000
3025062,222.419739
3025063,19.548918
3025064,20.679073
3025065,2.205871
3025066,82.363380
3025067,10.556925
3025068,231.210373
3025069,267.715576
3025070,9.032311
3025071,11.218154
3025072,234.725159
3025073,75.798935
3025074,2127.035400
3025075,0.226399
3025076,10.104342
3025077,4.466083
3025078,0.000000
3025079,7.286437
3025080,2219.989014
3025081,0.000000
3025082,405.256378
3025083,9.538733
3025084,770.518555
3025085,677.465393
3025086,147.497513
3025087,76.499428
3025088,97.499084
3025089,3243.832275
3025090,21.109240
3025091,0.931348
3025092,32.620533
3025093,28.461481
3025094,0.000000
3025095,266.736145
3025096,19.940601
3025097,13.506002
3025098,6.991519
3025099,61.182980
3025100,10.260581
3025101,141.095856
3025102,351.049530
3025103,6.426569
3025104,8.913542
3025105,120.439857
3025106,76.245628
3025107,1654.322998
3025108,11.243602
3025109,13.547456
3025110,6.709678
3025111,0.000000
3025112,5.505400
3025113,3284.142090
3025114,0.000000
3025115,607.288696
3025116,3.765377
3025117,1528.313354
3025118,531.420654
3025119,191.799637
3025120,342.954193
3025121,60.125454
3025122,4913.331055
3025123,30.445179
3025124,1.380538
3025125,25.090870
3025126,16.341860
3025127,0.000000
3025128,311.204163
3025129,5.334557
3025130,16.879255
3025131,5.962811
3025132,40.803249
3025133,5.876805
3025134,145.879852
3025135,271.576508
3025136,4.756613
3025137,7.878079
3025138,195.132141
3025139,58.236626
3025140,2792.691406
3025141,7.856709
3025142,12.341219
3025143,2.882343
3025144,0.000000
3025145,6.309860
3025146,2033.212280
3025147,0.000000
3025148,313.084717
3025149,5.577713
3025150,681.244690
3025151,587.770752
3025152,159.668716
3025153,119.037209
3025154,63.324448
3025155,2882.954102
3025156,14.564629
3025157,0.833364
3025158,14.151529
3025159,9.670808
3025160,0.000000
3025161,182.347275
3025162,14.929767
3025163,16.228256
3025164,1.931890
3025165,55.626453
3025166,5.803651
3025167,360.776337
3025168,201.571533
3025169,4.271070
3025170,5.872132
3025171,351.025635
3025172,53.742695
3025173,1807.695801
3025174,0.039724
3025175,24.187151
3025176,3.387512
3025177,0.000000
3025178,4.216560
3025179,4828.702637
3025180,0.000000
3025181,461.101288
3025182,5.761913
3025183,2156.883789
3025184,595.959778
3025185,278.311951
3025186,199.620834
3025187,60.787415
3025188,5365.271484
3025189,7.335629
3025190,1.378977
3025191,25.437113
3025192,24.117285
3025193,0.000000
3025194,369.115295
3025195,0.000000
3025196,0.074499
3025197,8.937854
3025198,26.367706
3025199,2.485414
3025200,135.317932
3025201,316.201447
3025202,2.456303
3025203,10.100719
3025204,156.855316
3025205,56.333317
3025206,2075.737305
3025207,0.039724
3025208,4.442476
3025209,4.437353
3025210,0.000000
3025211,5.423413
3025212,1952.131958
3025213,0.000000
3025214,404.708313
3025215,8.398743
3025216,817.523071
3025217,569.838501
3025218,186.984238
3025219,118.696045
3025220,99.708412
3025221,3218.938965
3025222,24.051245
3025223,0.777323
3025224,19.201744
3025225,27.687555
3025226,0.000000
3025227,197.577499
3025228,12.731283
3025229,13.562737
3025230,5.309268
3025231,57.977062
3025232,8.865259
3025233,161.457321
3025234,257.716156
3025235,9.821256
3025236,6.620113
3025237,157.318298
3025238,53.439281
3025239,1637.038818
3025240,0.162103
3025241,7.076841
3025242,3.150211
3025243,0.000000
3025244,6.743284
3025245,2326.075439
3025246,0.000000
3025247,409.639709
3025248,7.222520
3025249,679.879883
3025250,696.211365
3025251,154.188721
3025252,101.794670
3025253,101.378937
3025254,2703.410645
3025255,22.010523
3025256,0.721352
3025257,17.594805
3025258,18.865526
3025259,0.000000
3025260,179.669388
3025261,11.269718
3025262,33.832069
3025263,3.719923
3025264,44.054092
3025265,8.701712
3025266,193.979675
3025267,187.526093
3025268,7.258541
3025269,6.512716
3025270,183.668365
3025271,55.613274
3025272,1944.237427
3025273,0.266692
3025274,12.295203
3025275,4.669991
3025276,0.000000
3025277,5.154111
3025278,4779.038574
3025279,0.000000
3025280,517.240417
3025281,13.276360
3025282,1114.287476
3025283,693.822449
3025284,274.642426
3025285,199.415710
3025286,59.132748
3025287,4536.318359
3025288,10.550397
3025289,0.000000
3025290,19.510635
3025291,20.002363
3025292,0.000000
3025293,241.978790
3025294,0.000000
3025295,11.104377
3025296,1.124726
3025297,55.518280
3025298,1.951862
3025299,209.306534
3025300,273.625549
3025301,2.189539
3025302,1.254991
3025303,244.492508
3025304,130.051590
3025305,2079.148926
3025306,3.293177
3025307,0.469918
3025308,13.233210
3025309,0.000000
3025310,13.995847
3025311,7526.040527
3025312,0.000000
3025313,1270.683960
3025314,24.330811
3025315,2069.743164
3025316,1892.095581
3025317,447.200012
3025318,458.542114
3025319,362.294952
3025320,7890.041016
3025321,77.171227
3025322,2.831689
3025323,89.258018
3025324,96.448097
3025325,0.000000
3025326,503.787811
3025327,26.510231
3025328,18.867821
3025329,66.269676
3025330,214.314972
3025331,20.237501
3025332,685.130371
3025333,463.384430
3025334,30.977621
3025335,32.161690
3025336,869.362000
3025337,274.118073
3025338,6972.117188
3025339,229.826492
3025340,78.605179
3025341,13.123480
3025342,0.000000
3025343,14.223559
3025344,6888.588379
3025345,0.000000
3025346,965.077576
3025347,20.548912
3025348,2091.382080
3025349,1619.616821
3025350,589.165405
3025351,345.837799
3025352,220.403641
3025353,8890.842773
3025354,118.829941
3025355,1.186250
3025356,57.141171
3025357,77.854431
3025358,2.330992
3025359,506.846375
3025360,25.177826
3025361,25.169346
3025362,12.155059
3025363,159.755875
3025364,14.267332
3025365,839.130859
3025366,604.560974
3025367,18.019321
3025368,21.857080
3025369,1034.811890
3025370,199.200592
3025371,4854.455566
3025372,463.063995
3025373,76.806908
3025374,10.177310
3025375,0.000000
3025376,19.859278
3025377,4554.555664
3025378,0.000000
3025379,702.885986
3025380,13.127149
3025381,1633.750244
3025382,1250.075806
3025383,680.600891
3025384,117.292679
3025385,188.197922
3025386,7249.721680
3025387,48.298977
3025388,2.481339
3025389,31.639057
3025390,24.446709
3025391,0.465521
3025392,498.581726
3025393,27.676308
3025394,20.472015
3025395,11.122983
3025396,82.776695
3025397,10.732360
3025398,825.640930
3025399,682.543213
3025400,17.907827
3025401,36.357838
3025402,585.648560
3025403,121.872375
3025404,2161.296631
3025405,344.885651
3025406,37.673164
3025407,13.244899
3025408,0.000000
3025409,20.973619
3025410,6587.367188
3025411,0.000000
3025412,1023.089355
3025413,18.864100
3025414,1921.815552
3025415,1637.804199
3025416,572.459595
3025417,308.287079
3025418,205.392181
3025419,7794.603027
3025420,50.653389
3025421,1.184920
3025422,58.998493
3025423,59.456818
3025424,0.445429
3025425,503.936218
3025426,25.122694
3025427,24.567678
3025428,26.974194
3025429,144.415848
3025430,10.466442
3025431,687.397400
3025432,692.410217
3025433,17.699066
3025434,23.838808
3025435,871.758423
3025436,210.407211
3025437,4604.531738
3025438,416.733704
3025439,74.583023
3025440,8.278013
3025441,0.000000
3025442,20.095236
3025443,3818.486816
3025444,0.000000
3025445,668.431152
3025446,5.347706
3025447,1638.972168
3025448,996.845337
3025449,457.017487
3025450,96.313011
3025451,146.747772
3025452,6503.874023
3025453,31.213081
3025454,0.000000
3025455,26.717506
3025456,25.092033
3025457,0.000000
3025458,433.122650
3025459,19.300613
3025460,8.043906
3025461,9.441699
3025462,81.211067
3025463,5.739253
3025464,749.439148
3025465,573.632507
3025466,13.755580
3025467,20.816492
3025468,646.149719
3025469,76.038704
3025470,1418.848877
3025471,259.531647
3025472,20.190897
3025473,9.105727
3025474,0.000000
3025475,14.851815
3025476,5712.645996
3025477,0.000000
3025478,1068.964600
3025479,27.214226
3025480,1637.806763
3025481,1775.805176
3025482,399.027130
3025483,409.542908
3025484,269.168823
3025485,6442.125488
3025486,75.013451
3025487,1.060214
3025488,41.221474
3025489,50.018719
3025490,0.000000
3025491,441.117493
3025492,16.971539
3025493,20.242268
3025494,11.305863
3025495,167.590973
3025496,18.074396
3025497,675.308716
3025498,464.206573
3025499,14.784779
3025500,24.262901
3025501,845.633606
3025502,191.927063
3025503,6286.848633
3025504,285.450500
3025505,77.114555
3025506,5.067256
3025507,0.000000
3025508,8.285348
3025509,1699.248901
3025510,0.000000
3025511,316.152985
3025512,21.143791
3025513,688.944397
3025514,463.311554
3025515,197.612442
3025516,75.820770
3025517,72.824974
3025518,2626.776611
3025519,22.450470
3025520,0.872351
3025521,24.878159
3025522,18.797960
3025523,0.000000
3025524,170.320648
3025525,12.465549
3025526,7.319368
3025527,10.421489
3025528,41.692520
3025529,8.668923
3025530,205.895721
3025531,233.726151
3025532,2.964091
3025533,6.211970
3025534,195.416595
3025535,56.498886
3025536,1348.713623
3025537,0.758353
3025538,10.349482
3025539,8.759192
3025540,0.000000
3025541,14.107002
3025542,3765.968994
3025543,0.000000
3025544,466.581146
3025545,26.319010
3025546,1246.041870
3025547,912.397949
3025548,399.284149
3025549,97.141983
3025550,107.534790
3025551,5642.483887
3025552,71.343407
3025553,0.785032
3025554,41.925587
3025555,25.475098
3025556,0.000000
3025557,345.990417
3025558,13.727878
3025559,6.130534
3025560,3.230292
3025561,106.703262
3025562,7.967487
3025563,458.142029
3025564,442.567993
3025565,9.034033
3025566,18.525366
3025567,349.268616
3025568,77.829582
3025569,1862.161255
3025570,338.290649
3025571,15.416170
3025572,5.646981
3025573,0.000000
3025574,5.640475
3025575,3720.469238
3025576,0.000000
3025577,694.472290
3025578,10.207136
3025579,1238.440063
3025580,1305.339355
3025581,207.766663
3025582,358.989624
3025583,209.707977
3025584,4368.270996
3025585,48.004108
3025586,0.767454
3025587,24.471804
3025588,33.270008
3025589,0.000000
3025590,268.216217
3025591,2.030282
3025592,36.765724
3025593,3.061410
3025594,106.291222
3025595,8.424058
3025596,508.034363
3025597,260.665710
3025598,15.304891
3025599,11.690248
3025600,592.268677
3025601,103.501389
3025602,4416.505371
3025603,2.878788
3025604,51.989235
3025605,7.124493
3025606,0.000000
3025607,10.424387
3025608,4095.415039
3025609,0.000000
3025610,723.706970
3025611,10.312228
3025612,1285.909180
3025613,935.602234
3025614,318.152893
3025615,181.935226
3025616,248.292938
3025617,5312.792480
3025618,29.151413
3025619,2.965640
3025620,54.772915
3025621,45.005737
3025622,0.000000
3025623,268.571899
3025624,5.446069
3025625,42.214672
3025626,5.807995
3025627,192.166565
3025628,10.175468
3025629,410.400787
3025630,288.035828
3025631,12.672057
3025632,17.535158
3025633,423.088745
3025634,123.855568
3025635,3779.949219
3025636,3.836658
3025637,8.603847
3025638,5.697487
3025639,0.000000
3025640,3.156279
3025641,1670.894165
3025642,0.000000
3025643,398.818420
3025644,5.667963
3025645,746.913208
3025646,399.506805
3025647,167.207092
3025648,75.557877
3025649,99.497818
3025650,2617.187988
3025651,11.553709
3025652,0.759948
3025653,17.863018
3025654,20.331051
3025655,0.000000
3025656,176.293915
3025657,4.110451
3025658,9.553898
3025659,4.122523
3025660,43.213856
3025661,3.609202
3025662,206.224518
3025663,188.176987
3025664,2.626198
3025665,4.337598
3025666,151.743576
3025667,51.343773
3025668,1415.292725
3025669,0.039724
3025670,5.097201
3025671,5.807263
3025672,0.000000
3025673,3.110352
3025674,3703.260498
3025675,0.000000
3025676,270.055237
3025677,3.436124
3025678,1035.330078
3025679,239.232132
3025680,205.094208
3025681,76.501350
3025682,25.054117
3025683,3459.753174
3025684,8.800005
3025685,0.323678
3025686,19.742872
3025687,9.884267
3025688,0.000000
3025689,225.888016
3025690,0.000000
3025691,2.140137
3025692,2.727708
3025693,20.423532
3025694,1.960715
3025695,57.679768
3025696,165.231216
3025697,0.000000
3025698,1.962271
3025699,59.898754
3025700,100.596970
3025701,910.131653
3025702,0.039724
3025703,2.579110
3025704,4.471586
3025705,0.000000
3025706,7.989060
3025707,2775.657227
3025708,0.000000
3025709,461.090027
3025710,9.084154
3025711,980.040649
3025712,743.290833
3025713,274.697662
3025714,152.942398
3025715,122.192932
3025716,4322.623535
3025717,27.945381
3025718,0.598237
3025719,20.148323
3025720,33.974659
3025721,0.000000
3025722,265.080475
3025723,19.181051
3025724,11.614862
3025725,12.605680
3025726,59.644310
3025727,6.460501
3025728,396.081818
3025729,316.738495
3025730,7.044878
3025731,10.641320
3025732,450.710632
3025733,78.299118
3025734,1978.316650
3025735,0.039724
3025736,33.831024
3025737,3.927201
3025738,0.000000
3025739,6.058564
3025740,3573.046631
3025741,0.000000
3025742,551.729370
3025743,15.361386
3025744,936.909302
3025745,1152.526001
3025746,171.078751
3025747,282.706482
3025748,204.089462
3025749,3664.347656
3025750,32.342026
3025751,2.457044
3025752,24.095131
3025753,26.347712
3025754,0.685735
3025755,226.305115
3025756,12.815454
3025757,48.522572
3025758,9.600943
3025759,109.817268
3025760,14.701777
3025761,458.866058
3025762,266.555878
3025763,5.952332
3025764,13.134942
3025765,532.273254
3025766,128.910385
3025767,4499.361816
3025768,0.345892
3025769,53.535263
3025770,3.659802
3025771,0.000000
3025772,9.375951
3025773,3677.833740
3025774,0.000000
3025775,697.595825
3025776,18.532274
3025777,1000.105347
3025778,1175.559814
3025779,242.107330
3025780,274.147583
3025781,149.805161
3025782,4222.178223
3025783,31.791584
3025784,2.556611
3025785,32.085846
3025786,47.396511
3025787,0.000000
3025788,307.427155
3025789,28.415876
3025790,33.150719
3025791,20.309277
3025792,110.641281
3025793,16.628813
3025794,359.589233
3025795,269.991394
3025796,13.535564
3025797,16.728102
3025798,456.439362
3025799,125.881042
3025800,3762.005127
3025801,3.598612
3025802,28.430727
3025803,10.330195
3025804,0.000000
3025805,10.206574
3025806,3282.143066
3025807,0.000000
3025808,499.029877
3025809,11.728683
3025810,1735.390015
3025811,730.093872
3025812,504.771545
3025813,198.848923
3025814,81.539276
3025815,6055.780273
3025816,7.948437
3025817,1.222878
3025818,55.099678
3025819,34.635307
3025820,0.000000
3025821,384.493103
3025822,8.859803
3025823,8.505016
3025824,11.467051
3025825,37.297634
3025826,4.087264
3025827,353.831299
3025828,491.601166
3025829,3.311818
3025830,6.089375
3025831,394.252594
3025832,101.858246
3025833,2241.107178
3025834,172.507492
3025835,13.715126
3025836,3.533898
3025837,0.000000
3025838,3.436049
3025839,2174.322021
3025840,0.000000
3025841,344.672089
3025842,13.521976
3025843,608.161133
3025844,657.330383
3025845,140.667480
3025846,146.802368
3025847,128.721771
3025848,2493.084229
3025849,20.788288
3025850,1.429773
3025851,20.661592
3025852,24.223082
3025853,0.000000
3025854,197.041122
3025855,15.317140
3025856,22.901985
3025857,5.936714
3025858,107.677330
3025859,6.050787
3025860,287.266724
3025861,177.652618
3025862,4.455851
3025863,12.392615
3025864,305.061920
3025865,65.804245
3025866,3905.893555
3025867,0.039724
3025868,24.137428
3025869,3.830258
3025870,0.000000
3025871,3.938081
3025872,1578.244019
3025873,0.000000
3025874,91.198784
3025875,5.110513
3025876,751.564026
3025877,337.645844
3025878,226.507614
3025879,38.792912
3025880,35.559944
3025881,2786.274658
3025882,3.562938
3025883,0.000000
3025884,14.528531
3025885,11.035752
3025886,0.000000
3025887,182.400742
3025888,7.028801
3025889,1.000930
3025890,3.022236
3025891,16.022430
3025892,0.202652
3025893,201.916306
3025894,170.671646
3025895,0.202652
3025896,5.742655
3025897,129.003250
3025898,24.230377
3025899,319.425873
3025900,36.294106
3025901,4.021654
3025902,5.369650
3025903,0.000000
3025904,5.003694
3025905,4383.807129
3025906,0.000000
3025907,608.484802
3025908,9.988354
3025909,1601.155884
3025910,564.038208
3025911,457.629456
3025912,183.925842
3025913,77.361389
3025914,7213.710938
3025915,18.634426
3025916,0.174776
3025917,22.635185
3025918,17.690273
3025919,0.000000
3025920,439.322632
3025921,7.219083
3025922,1.571456
3025923,7.835049
3025924,29.026825
3025925,1.681623
3025926,694.889954
3025927,386.007111
3025928,1.461871
3025929,10.932970
3025930,406.552979
3025931,97.052704
3025932,1258.520630
3025933,34.193066
3025934,5.708603
3025935,3.476516
3025936,0.000000
3025937,0.719938
3025938,1312.509033
3025939,0.000000
3025940,163.773788
3025941,7.942444
3025942,853.778503
3025943,419.234619
3025944,171.163010
3025945,51.840595
3025946,34.164707
3025947,2657.098877
3025948,4.491051
3025949,0.000000
3025950,10.104572
3025951,15.442327
3025952,0.000000
3025953,137.578278
3025954,10.100895
3025955,1.391668
3025956,8.268600
3025957,24.850918
3025958,1.705937
3025959,150.642059
3025960,163.699738
3025961,0.906609
3025962,4.501208
3025963,133.250565
3025964,30.989468
3025965,352.350983
3025966,6.460046
3025967,3.539168
3025968,3.443115
3025969,0.000000
3025970,2.235270
3025971,1270.701904
3025972,0.000000
3025973,99.813499
3025974,4.223420
3025975,600.796082
3025976,301.744293
3025977,152.700729
3025978,33.053951
3025979,25.647596
3025980,2537.132080
3025981,6.398725
3025982,0.000000
3025983,8.651713
3025984,5.969452
3025985,0.000000
3025986,120.908958
3025987,1.566084
3025988,0.913959
3025989,1.314381
3025990,24.553465
3025991,1.048044
3025992,105.966599
3025993,164.817856
3025994,0.000000
3025995,3.020488
3025996,53.615135
3025997,18.433228
3025998,195.790894
3025999,6.488429
3026000,1.396689
3026001,3.139072
3026002,0.000000
3026003,3.675292
3026004,1673.766113
3026005,0.000000
3026006,162.979492
3026007,5.682129
3026008,855.014893
3026009,385.479218
3026010,239.792191
3026011,25.316416
3026012,34.658279
3026013,2809.069824
3026014,3.769315
3026015,0.000000
3026016,11.415152
3026017,18.259695
3026018,0.000000
3026019,163.450623
3026020,1.577902
3026021,2.368147
3026022,3.122203
3026023,13.702453
3026024,4.022367
3026025,176.456970
3026026,275.110565
3026027,0.588614
3026028,4.081995
3026029,54.278118
3026030,80.109489
3026031,397.703735
3026032,0.000000
3026033,5.320763
3026034,3.026263
3026035,1.839481
3026036,3.228287
3026037,1552.404663
3026038,0.000000
3026039,134.953934
3026040,3.420350
3026041,775.745850
3026042,315.485352
3026043,221.216583
3026044,99.631485
3026045,61.668301
3026046,2570.924561
3026047,6.388439
3026048,0.904330
3026049,15.011744
3026050,18.820253
3026051,0.000000
3026052,195.377747
3026053,6.679503
3026054,2.809655
3026055,3.663598
3026056,20.197405
3026057,2.819203
3026058,128.081894
3026059,189.204849
3026060,0.000000
3026061,4.191293
3026062,103.210579
3026063,53.558372
3026064,537.762695
3026065,4.424458
3026066,5.612607
3026067,7.038809
3026068,0.000000
3026069,0.350911
3026070,1556.244995
3026071,0.000000
3026072,170.872711
3026073,6.429502
3026074,854.580261
3026075,241.935806
3026076,156.936966
3026077,165.507629
3026078,30.103394
3026079,2461.178467
3026080,4.896467
3026081,0.000000
3026082,12.863023
3026083,14.141294
3026084,0.000000
3026085,172.045578
3026086,0.000000
3026087,2.162264
3026088,1.064751
3026089,31.049797
3026090,4.360341
3026091,58.928013
3026092,146.826019
3026093,0.082352
3026094,5.576038
3026095,65.735611
3026096,35.313797
3026097,576.241028
3026098,0.000000
3026099,4.221610
3026100,5.569916
3026101,0.000000
3026102,1.643078
3026103,2459.358643
3026104,0.000000
3026105,272.362762
3026106,4.368305
3026107,982.194275
3026108,1005.146667
3026109,395.971832
3026110,163.496674
3026111,77.437225
3026112,4060.105469
3026113,8.865576
3026114,1.227400
3026115,22.466677
3026116,20.428255
3026117,0.000000
3026118,226.252487
3026119,0.000000
3026120,1.066533
3026121,8.134681
3026122,22.610584
3026123,3.250076
3026124,232.726410
3026125,211.596008
3026126,0.814928
3026127,5.894207
3026128,268.440674
3026129,55.867298
3026130,1244.754639
3026131,45.912777
3026132,9.408134
3026133,1.776423
3026134,0.000000
3026135,4.568532
3026136,1682.423828
3026137,0.000000
3026138,449.938080
3026139,5.662588
3026140,455.614349
3026141,560.548767
3026142,165.968216
3026143,154.825058
3026144,37.221123
3026145,2577.830811
3026146,8.425821
3026147,0.572325
3026148,16.113834
3026149,18.431110
3026150,0.000000
3026151,149.516037
3026152,6.794804
3026153,2.191991
3026154,7.280328
3026155,52.664257
3026156,1.614559
3026157,75.573624
3026158,149.449112
3026159,2.332533
3026160,5.821408
3026161,147.285934
3026162,53.506168
3026163,1397.931396
3026164,36.469490
3026165,8.807048
3026166,5.294782
3026167,0.000000
3026168,4.916265
3026169,2246.471924
3026170,0.000000
3026171,162.104294
3026172,4.891581
3026173,707.982178
3026174,320.526489
3026175,241.308594
3026176,44.435600
3026177,43.722553
3026178,3176.152344
3026179,13.322136
3026180,1.018948
3026181,11.300752
3026182,12.708111
3026183,0.000000
3026184,162.340851
3026185,7.064935
3026186,2.186386
3026187,3.108917
3026188,23.144579
3026189,3.299112
3026190,127.377426
3026191,158.929993
3026192,0.982664
3026193,4.210392
3026194,98.314796
3026195,21.980255
3026196,399.284454
3026197,13.442938
3026198,4.773535
3026199,4.108079
3026200,0.000000
3026201,6.149058
3026202,2483.292236
3026203,0.000000
3026204,535.744568
3026205,8.480134
3026206,747.663757
3026207,692.422241
3026208,201.748230
3026209,152.082809
3026210,85.874763
3026211,3428.519287
3026212,24.525885
3026213,0.553221
3026214,19.098354
3026215,20.645739
3026216,0.000000
3026217,220.228409
3026218,18.529055
3026219,17.390448
3026220,4.176608
3026221,75.281151
3026222,8.743323
3026223,361.216553
3026224,230.617157
3026225,6.465024
3026226,6.368163
3026227,398.900146
3026228,103.954987
3026229,3171.087402
3026230,0.039724
3026231,33.544113
3026232,5.434864
3026233,0.000000
3026234,6.098258
3026235,3308.668457
3026236,0.000000
3026237,385.552399
3026238,5.697593
3026239,1181.113892
3026240,715.965698
3026241,460.639587
3026242,61.021191
3026243,55.369740
3026244,4551.094238
3026245,10.095129
3026246,0.164907
3026247,17.091570
3026248,12.793440
3026249,0.000000
3026250,256.734009
3026251,1.264548
3026252,5.972237
3026253,6.369049
3026254,32.482140
3026255,1.783215
3026256,270.407440
3026257,342.183746
3026258,2.270174
3026259,4.840857
3026260,205.554016
3026261,51.905880
3026262,771.750916
3026263,53.808796
3026264,9.181996
3026265,7.986549
3026266,0.000000
3026267,3.892273
3026268,2820.796631
3026269,0.000000
3026270,350.787567
3026271,3.810552
3026272,1155.546387
3026273,566.486145
3026274,238.228668
3026275,231.241867
3026276,74.016434
3026277,3918.170654
3026278,9.839914
3026279,0.000000
3026280,27.976959
3026281,24.109035
3026282,0.000000
3026283,237.082214
3026284,2.674651
3026285,3.129844
3026286,7.947488
3026287,74.734589
3026288,2.172539
3026289,123.038879
3026290,210.933075
3026291,0.875640
3026292,4.886485
3026293,154.289856
3026294,128.943405
3026295,1250.016113
3026296,0.039724
3026297,4.388704
3026298,3.566537
3026299,0.000000
3026300,2.427317
3026301,1572.404907
3026302,0.000000
3026303,120.711060
3026304,5.154443
3026305,679.492493
3026306,306.702423
3026307,152.443741
3026308,49.133438
3026309,40.131405
3026310,2476.891113
3026311,5.250204
3026312,0.629352
3026313,24.572292
3026314,19.194427
3026315,0.000000
3026316,162.411743
3026317,0.738605
3026318,1.456288
3026319,3.270493
3026320,37.980289
3026321,3.742521
3026322,111.304214
3026323,139.368835
3026324,0.814826
3026325,4.408404
3026326,152.795593
3026327,28.325621
3026328,411.793610
3026329,16.409521
3026330,2.331764
3026331,1.547339
3026332,0.000000
3026333,2.554861
3026334,1309.297607
3026335,0.000000
3026336,287.966736
3026337,7.513247
3026338,506.894958
3026339,468.640808
3026340,128.681702
3026341,50.339214
3026342,56.205441
3026343,2007.847656
3026344,20.104557
3026345,0.000000
3026346,8.331702
3026347,12.952314
3026348,0.000000
3026349,132.911560
3026350,11.953965
3026351,4.225101
3026352,6.318038
3026353,53.124592
3026354,3.823437
3026355,650.976013
3026356,156.021103
3026357,2.392701
3026358,4.064203
3026359,324.268341
3026360,29.999100
3026361,1554.656250
3026362,0.039724
3026363,10.082891
3026364,2.900778
3026365,0.000000
3026366,6.092501
3026367,3184.936523
3026368,0.000000
3026369,715.961304
3026370,12.982588
3026371,972.441284
3026372,1157.972168
3026373,280.885101
3026374,239.478958
3026375,146.815262
3026376,4137.634277
3026377,23.348961
3026378,0.923675
3026379,21.177727
3026380,30.986923
3026381,0.000000
3026382,273.726501
3026383,10.527743
3026384,36.056705
3026385,9.170074
3026386,78.566780
3026387,12.177417
3026388,399.865631
3026389,274.971954
3026390,14.141302
3026391,8.994488
3026392,521.888062
3026393,105.953926
3026394,5964.639160
3026395,0.000000
3026396,20.313496
3026397,2.274776
3026398,0.000000
3026399,4.037616
3026400,1784.660156
3026401,0.000000
3026402,368.547882
3026403,5.374675
3026404,394.526764
3026405,503.679077
3026406,137.623077
3026407,104.123268
3026408,78.192070
3026409,1835.478394
3026410,16.535067
3026411,0.818852
3026412,12.710102
3026413,14.099736
3026414,0.000000
3026415,86.396980
3026416,0.000000
3026417,41.865456
3026418,3.565987
3026419,143.886276
3026420,5.987198
3026421,224.155945
3026422,109.972115
3026423,3.447118
3026424,4.559871
3026425,161.612701
3026426,35.670830
3026427,2649.223389
3026428,1.933175
3026429,5.315125
3026430,3.104007
3026431,0.000000
3026432,0.088575
3026433,875.857117
3026434,0.000000
3026435,203.052048
3026436,4.158312
3026437,305.182739
3026438,202.828720
3026439,73.431915
3026440,25.651299
3026441,27.571117
3026442,1301.506592
3026443,5.525346
3026444,0.000000
3026445,8.142052
3026446,5.284862
3026447,0.000000
3026448,64.519287
3026449,0.000000
3026450,8.703543
3026451,0.740291
3026452,18.826698
3026453,0.000000
3026454,208.249283
3026455,106.371323
3026456,0.755648
3026457,0.903586
3026458,120.331314
3026459,16.442936
3026460,897.872192
3026461,0.000000
3026462,1.944780
3026463,5.448575
3026464,0.000000
3026465,5.564043
3026466,2557.115479
3026467,0.000000
3026468,524.725220
3026469,11.738718
3026470,744.796875
3026471,750.218140
3026472,279.160889
3026473,231.464722
3026474,106.385384
3026475,3557.488281
3026476,21.460140
3026477,0.952165
3026478,18.737152
3026479,23.250544
3026480,0.000000
3026481,196.730347
3026482,5.859948
3026483,40.364971
3026484,7.074317
3026485,106.190529
3026486,4.641533
3026487,242.841339
3026488,211.911407
3026489,7.511595
3026490,7.632485
3026491,357.353577
3026492,77.341927
3026493,3879.741455
3026494,1.102667
3026495,19.023409
3026496,4.209863
3026497,0.000000
3026498,3.976054
3026499,2798.003662
3026500,0.000000
3026501,449.918304
3026502,11.121979
3026503,854.199463
3026504,748.274414
3026505,311.143463
3026506,199.713943
3026507,54.976524
3026508,4193.137207
3026509,11.150485
3026510,0.171042
3026511,23.722635
3026512,15.860318
3026513,0.385391
3026514,203.323975
3026515,0.000000
3026516,6.104772
3026517,3.536492
3026518,34.420685
3026519,1.210898
3026520,164.812042
3026521,261.072449
3026522,2.916840
3026523,3.761402
3026524,169.851471
3026525,60.689133
3026526,1405.980103
3026527,2.829327
3026528,3.989725
3026529,3.810238
3026530,0.000000
3026531,2.298157
3026532,2849.268066
3026533,0.000000
3026534,577.604614
3026535,0.923421
3026536,702.451843
3026537,721.154358
3026538,210.352554
3026539,166.094604
3026540,55.755104
3026541,3633.899414
3026542,13.332654
3026543,0.787768
3026544,19.366272
3026545,15.874326
3026546,0.000000
3026547,175.511261
3026548,0.000000
3026549,4.211379
3026550,4.031566
3026551,58.271553
3026552,1.174675
3026553,101.868935
3026554,180.841751
3026555,2.726466
3026556,3.684332
3026557,156.983902
3026558,57.889320
3026559,986.472107
3026560,1.700418
3026561,4.129864
3026562,8.075071
3026563,0.992880
3026564,14.604114
3026565,7568.734375
3026566,0.000000
3026567,1016.240784
3026568,23.949986
3026569,1619.807373
3026570,1659.061523
3026571,312.667938
3026572,454.000183
3026573,281.717926
3026574,7505.980469
3026575,72.895790
3026576,2.477185
3026577,51.207520
3026578,52.665466
3026579,0.000000
3026580,440.216980
3026581,32.831745
3026582,70.383667
3026583,18.022951
3026584,168.222595
3026585,22.836905
3026586,606.289612
3026587,449.710876
3026588,14.190230
3026589,21.386999
3026590,835.003174
3026591,207.317871
3026592,10557.992188
3026593,4.120371
3026594,78.726364
3026595,2.554392
3026596,0.000000
3026597,0.480103
3026598,1635.986816
3026599,0.000000
3026600,155.772034
3026601,3.542691
3026602,515.334473
3026603,300.387970
3026604,123.529694
3026605,103.756203
3026606,38.102230
3026607,2026.856689
3026608,3.472229
3026609,0.000000
3026610,11.431273
3026611,5.786477
3026612,0.000000
3026613,125.452881
3026614,0.236807
3026615,0.476475
3026616,2.092266
3026617,26.074583
3026618,0.418711
3026619,56.659256
3026620,77.366539
3026621,0.933202
3026622,3.517256
3026623,100.215561
3026624,17.598982
3026625,509.478271
3026626,0.039724
3026627,3.297125
3026628,6.444427
3026629,0.000000
3026630,1.025472
3026631,3108.770752
3026632,0.000000
3026633,422.546539
3026634,6.111579
3026635,975.626587
3026636,734.460876
3026637,200.878250
3026638,209.763214
3026639,77.193275
3026640,4453.920898
3026641,8.334118
3026642,0.000000
3026643,19.357019
3026644,17.803396
3026645,0.000000
3026646,206.245834
3026647,0.638705
3026648,1.779277
3026649,7.354983
3026650,15.090693
3026651,1.139697
3026652,315.897491
3026653,204.677597
3026654,2.140181
3026655,4.699800
3026656,99.706627
3026657,60.164577
3026658,1069.086670
3026659,0.788931
3026660,5.478411
3026661,1.297444
3026662,0.000000
3026663,2.355240
3026664,869.428223
3026665,0.000000
3026666,120.821259
3026667,2.619313
3026668,526.419189
3026669,183.062881
3026670,100.089928
3026671,159.802322
3026672,15.791224
3026673,1607.125244
3026674,0.950630
3026675,0.000000
3026676,9.009393
3026677,2.973588
3026678,0.000000
3026679,73.989891
3026680,0.000000
3026681,0.477109
3026682,1.089798
3026683,12.624002
3026684,0.000000
3026685,62.811962
3026686,76.346489
3026687,0.980649
3026688,1.416057
3026689,54.441437
3026690,8.093498
3026691,207.928406
3026692,0.000000
3026693,1.336148
3026694,5.919374
3026695,0.000000
3026696,2.084014
3026697,2085.420166
3026698,0.000000
3026699,208.187622
3026700,4.492392
3026701,772.181091
3026702,533.223633
3026703,168.100327
3026704,128.728409
3026705,54.653591
3026706,2772.710205
3026707,1.965151
3026708,0.001663
3026709,25.618628
3026710,13.623219
3026711,0.000000
3026712,169.383392
3026713,0.000000
3026714,1.416770
3026715,9.786243
3026716,30.613358
3026717,1.903129
3026718,238.284409
3026719,176.457016
3026720,1.418860
3026721,3.350906
3026722,212.057510
3026723,29.948889
3026724,1188.966553
3026725,0.000000
3026726,1.360879
3026727,2.997460
3026728,0.000000
3026729,2.490275
3026730,2119.817383
3026731,0.000000
3026732,606.414856
3026733,6.921268
3026734,714.991089
3026735,682.759583
3026736,213.130280
3026737,108.773140
3026738,65.680565
3026739,3877.978516
3026740,5.891479
3026741,2.622408
3026742,29.113150
3026743,33.814350
3026744,0.000000
3026745,178.887283
3026746,2.067714
3026747,6.769384
3026748,3.539119
3026749,25.344017
3026750,3.745813
3026751,173.202621
3026752,250.603806
3026753,3.320474
3026754,5.942980
3026755,137.745865
3026756,25.219023
3026757,695.644409
3026758,5.763628
3026759,3.368162
3026760,3.066506
3026761,0.000000
3026762,0.318551
3026763,1243.461548
3026764,0.000000
3026765,93.090126
3026766,1.558069
3026767,400.951874
3026768,200.121063
3026769,78.805016
3026770,133.880341
3026771,33.393661
3026772,1648.436401
3026773,2.482250
3026774,0.000000
3026775,4.818225
3026776,3.046534
3026777,0.000000
3026778,73.596123
3026779,0.000000
3026780,0.111807
3026781,0.039724
3026782,18.051754
3026783,0.024420
3026784,161.241409
3026785,75.779709
3026786,0.000000
3026787,0.523207
3026788,32.408417
3026789,15.968436
3026790,350.385529
3026791,0.039724
3026792,0.070275
3026793,4.894941
3026794,0.000000
3026795,2.460283
3026796,4453.719727
3026797,0.000000
3026798,491.063141
3026799,11.099156
3026800,1007.425171
3026801,562.399048
3026802,203.368988
3026803,93.391739
3026804,80.006561
3026805,4528.606934
3026806,9.995181
3026807,0.000000
3026808,28.097935
3026809,25.431679
3026810,0.000000
3026811,229.889633
3026812,0.000000
3026813,28.205027
3026814,3.325890
3026815,67.172218
3026816,5.159067
3026817,267.055206
3026818,231.374725
3026819,5.981496
3026820,12.076975
3026821,118.688896
3026822,56.437378
3026823,1721.266113
3026824,2.352876
3026825,1.642122
3026826,3.086299
3026827,0.000000
3026828,9.542986
3026829,2638.125488
3026830,0.000000
3026831,532.797913
3026832,5.582639
3026833,822.043762
3026834,755.607727
3026835,142.288055
3026836,125.129425
3026837,110.849075
3026838,3631.554199
3026839,49.110321
3026840,1.291786
3026841,24.129969
3026842,22.783230
3026843,0.000000
3026844,231.853302
3026845,19.584620
3026846,31.553757
3026847,2.329654
3026848,109.055939
3026849,9.409123
3026850,214.139221
3026851,243.180237
3026852,11.628802
3026853,12.011703
3026854,241.224304
3026855,77.776947
3026856,3673.155518
3026857,0.185056
3026858,10.907512
3026859,4.366937
3026860,0.000000
3026861,8.406900
3026862,2659.111084
3026863,0.000000
3026864,451.814728
3026865,8.899300
3026866,822.035034
3026867,695.759033
3026868,128.533875
3026869,77.581505
3026870,116.476387
3026871,3606.654297
3026872,21.190945
3026873,0.514830
3026874,31.873655
3026875,25.471870
3026876,0.000000
3026877,251.541779
3026878,17.466667
3026879,19.610081
3026880,6.127615
3026881,79.118301
3026882,10.093447
3026883,136.369019
3026884,487.025452
3026885,5.610245
3026886,8.006190
3026887,123.656357
3026888,77.607285
3026889,3162.061035
3026890,11.437606
3026891,16.492462
3026892,6.955911
3026893,0.000000
3026894,5.848169
3026895,2976.637451
3026896,0.000000
3026897,606.387451
3026898,4.265585
3026899,1533.750000
3026900,545.297119
3026901,167.049698
3026902,210.462234
3026903,58.353661
3026904,4641.495117
3026905,25.530245
3026906,1.288459
3026907,21.673967
3026908,15.510835
3026909,0.000000
3026910,265.482880
3026911,4.682528
3026912,15.357509
3026913,5.882096
3026914,51.349579
3026915,5.865147
3026916,137.994186
3026917,266.946960
3026918,4.134587
3026919,7.375378
3026920,174.144012
3026921,60.444695
3026922,1545.963379
3026923,9.797458
3026924,11.782639
3026925,2.715811
3026926,0.000000
3026927,4.282621
3026928,2048.618896
3026929,0.000000
3026930,276.862183
3026931,5.996760
3026932,688.338989
3026933,596.189148
3026934,164.095764
3026935,122.314003
3026936,74.500397
3026937,2845.088379
3026938,8.150440
3026939,0.794542
3026940,12.853955
3026941,10.271428
3026942,0.000000
3026943,165.025452
3026944,15.746407
3026945,22.096296
3026946,1.744710
3026947,59.415810
3026948,6.267195
3026949,310.860748
3026950,200.992493
3026951,4.194643
3026952,5.711865
3026953,348.717438
3026954,52.863270
3026955,3000.903564
3026956,0.039724
3026957,23.074541
3026958,3.462657
3026959,0.000000
3026960,4.408812
3026961,4766.344238
3026962,0.000000
3026963,414.858795
3026964,9.713129
3026965,1453.191040
3026966,872.171570
3026967,247.173264
3026968,167.821884
3026969,52.541527
3026970,5320.782227
3026971,6.966938
3026972,1.550964
3026973,24.006203
3026974,23.623665
3026975,0.000000
3026976,356.343292
3026977,0.000000
3026978,0.039724
3026979,8.524654
3026980,26.049564
3026981,2.307525
3026982,131.780212
3026983,318.549622
3026984,2.341241
3026985,8.371978
3026986,154.455750
3026987,55.935799
3026988,1072.294434
3026989,0.039724
3026990,4.830769
3026991,4.164538
3026992,0.000000
3026993,5.678702
3026994,2234.131104
3026995,0.000000
3026996,447.081848
3026997,8.551746
3026998,815.754089
3026999,534.664246
3027000,194.002838
3027001,121.649307
3027002,105.061600
3027003,3590.221680
3027004,22.362741
3027005,0.537280
3027006,16.776711
3027007,25.979940
3027008,0.000000
3027009,216.775253
3027010,10.825089
3027011,21.818419
3027012,5.132030
3027013,69.744957
3027014,8.547160
3027015,185.842957
3027016,322.161011
3027017,10.154498
3027018,6.342522
3027019,161.948303
3027020,55.357113
3027021,2685.679688
3027022,1.547585
3027023,5.686866
3027024,2.886443
3027025,0.000000
3027026,6.263166
3027027,2210.891357
3027028,0.000000
3027029,400.742554
3027030,7.202782
3027031,685.248230
3027032,690.147278
3027033,152.005692
3027034,106.185432
3027035,110.018753
3027036,2792.599854
3027037,20.617205
3027038,0.448231
3027039,15.580625
3027040,16.899998
3027041,0.000000
3027042,165.093460
3027043,10.496676
3027044,44.660233
3027045,3.945398
3027046,61.049366
3027047,8.429818
3027048,203.511765
3027049,190.890259
3027050,6.700966
3027051,5.996735
3027052,186.083511
3027053,54.781021
3027054,3202.984863
3027055,0.000000
3027056,13.596653
3027057,4.732301
3027058,0.000000
3027059,5.466190
3027060,4636.412598
3027061,0.000000
3027062,462.255646
3027063,12.123641
3027064,1069.749023
3027065,737.269775
3027066,244.011978
3027067,166.741043
3027068,42.173763
3027069,4532.624512
3027070,10.290715
3027071,0.000000
3027072,14.286204
3027073,18.712366
3027074,0.000000
3027075,237.714355
3027076,0.000000
3027077,9.823188
3027078,1.127960
3027079,55.833778
3027080,2.023797
3027081,205.796371
3027082,273.293579
3027083,2.154268
3027084,1.248292
3027085,238.069901
3027086,102.677513
3027087,1247.587891
3027088,3.057089
3027089,0.559265
3027090,12.589770
3027091,0.000000
3027092,14.429139
3027093,8290.907227
3027094,0.000000
3027095,1343.219849
3027096,24.098677
3027097,2108.113037
3027098,2094.866455
3027099,445.513947
3027100,507.578766
3027101,361.379639
3027102,8738.150391
3027103,80.206528
3027104,2.689545
3027105,98.368683
3027106,98.838867
3027107,0.000000
3027108,513.907043
3027109,23.454025
3027110,22.519241
3027111,64.926537
3027112,247.303482
3027113,19.301708
3027114,680.946838
3027115,453.669891
3027116,29.943821
3027117,32.538731
3027118,949.370483
3027119,272.309052
3027120,12545.601562
3027121,291.000031
3027122,79.338829
3027123,13.644048
3027124,0.000000
3027125,14.240319
3027126,7768.157227
3027127,0.000000
3027128,1001.181396
3027129,20.569609
3027130,2035.516357
3027131,1641.214844
3027132,593.267883
3027133,356.575592
3027134,240.981308
3027135,9854.537109
3027136,120.175201
3027137,0.685972
3027138,57.627316
3027139,76.879967
3027140,0.912741
3027141,510.489655
3027142,20.534555
3027143,31.566975
3027144,12.866036
3027145,202.311279
3027146,6.686623
3027147,835.690002
3027148,657.352722
3027149,16.566523
3027150,23.105749
3027151,1014.652893
3027152,230.918686
3027153,8083.843750
3027154,504.107697
3027155,77.309769
3027156,9.603906
3027157,0.000000
3027158,18.532032
3027159,4622.958984
3027160,0.000000
3027161,755.508057
3027162,12.825728
3027163,1610.924072
3027164,1147.260376
3027165,589.942261
3027166,117.569672
3027167,190.891861
3027168,7698.062012
3027169,31.529352
3027170,2.090357
3027171,29.958570
3027172,23.713385
3027173,0.465521
3027174,503.350006
3027175,23.718470
3027176,24.858822
3027177,9.498096
3027178,105.545525
3027179,9.190853
3027180,821.881348
3027181,582.859619
3027182,15.967235
3027183,35.498234
3027184,585.452087
3027185,123.839874
3027186,3281.105469
3027187,347.724304
3027188,37.896477
3027189,12.168870
3027190,0.000000
3027191,20.204353
3027192,7376.460449
3027193,0.000000
3027194,901.529907
3027195,17.664165
3027196,1811.796509
3027197,1610.301147
3027198,522.481445
3027199,269.948578
3027200,234.429550
3027201,8836.076172
3027202,41.559902
3027203,0.815292
3027204,56.618542
3027205,55.409988
3027206,0.165744
3027207,505.916656
3027208,21.444159
3027209,30.003674
3027210,22.471443
3027211,156.559723
3027212,9.603477
3027213,697.065186
3027214,611.819824
3027215,17.057655
3027216,23.528261
3027217,839.255737
3027218,207.563156
3027219,7107.881836
3027220,410.812714
3027221,61.256283
3027222,7.781709
3027223,0.000000
3027224,19.204210
3027225,3693.674072
3027226,0.000000
3027227,596.531006
3027228,4.652332
3027229,1538.399780
3027230,864.631348
3027231,444.936340
3027232,94.873817
3027233,133.173325
3027234,6690.194824
3027235,28.829096
3027236,0.000000
3027237,25.705053
3027238,25.149977
3027239,0.000000
3027240,429.106750
3027241,19.139791
3027242,12.854821
3027243,9.353218
3027244,84.358086
3027245,5.326271
3027246,682.827515
3027247,650.146729
3027248,12.379479
3027249,17.554533
3027250,570.005554
3027251,75.138252
3027252,2197.757812
3027253,306.575531
3027254,19.624739
3027255,8.654588
3027256,0.000000
3027257,13.553218
3027258,5891.182129
3027259,0.000000
3027260,1051.002197
3027261,21.478970
3027262,1630.230591
3027263,1752.550415
3027264,360.871704
3027265,411.187286
3027266,288.432312
3027267,7525.945801
3027268,62.477108
3027269,0.910274
3027270,48.787979
3027271,48.928562
3027272,0.000000
3027273,394.511292
3027274,16.692293
3027275,33.439468
3027276,10.926430
3027277,202.087311
3027278,16.279100
3027279,598.822815
3027280,448.139923
3027281,13.711268
3027282,23.872368
3027283,749.088745
3027284,204.772827
3027285,9129.940430
3027286,285.192139
3027287,76.800179
3027288,4.918638
3027289,0.000000
3027290,8.170864
3027291,1810.466675
3027292,0.000000
3027293,322.845551
3027294,21.055172
3027295,750.477661
3027296,511.117615
3027297,207.214874
3027298,78.349258
3027299,75.680115
3027300,2816.316406
3027301,23.090792
3027302,0.921360
3027303,25.468489
3027304,20.259123
3027305,0.000000
3027306,169.775772
3027307,9.899241
3027308,10.354149
3027309,9.903755
3027310,55.331604
3027311,8.823938
3027312,210.901825
3027313,236.880325
3027314,2.930413
3027315,6.378098
3027316,206.460281
3027317,56.738579
3027318,2128.861816
3027319,1.523402
3027320,11.737329
3027321,8.325627
3027322,0.000000
3027323,14.199955
3027324,3840.036377
3027325,0.000000
3027326,504.669556
3027327,23.619282
3027328,1378.710083
3027329,836.519287
3027330,398.945587
3027331,99.238609
3027332,117.279518
3027333,5833.756348
3027334,55.787216
3027335,0.594692
3027336,51.171024
3027337,25.302908
3027338,0.000000
3027339,345.263794
3027340,12.521435
3027341,10.626509
3027342,2.720083
3027343,115.640671
3027344,7.689450
3027345,500.547729
3027346,437.717621
3027347,8.582784
3027348,17.353598
3027349,349.982269
3027350,77.300636
3027351,2546.818359
3027352,344.744476
3027353,16.105177
3027354,5.398437
3027355,0.000000
3027356,5.990028
3027357,4353.856445
3027358,0.000000
3027359,766.845947
3027360,10.384172
3027361,1338.512451
3027362,1651.775146
3027363,235.765808
3027364,370.734222
3027365,238.583221
3027366,5207.393555
3027367,45.681396
3027368,0.599482
3027369,25.671787
3027370,30.817276
3027371,0.000000
3027372,278.249969
3027373,1.912774
3027374,61.532452
3027375,2.924919
3027376,116.791801
3027377,8.358827
3027378,524.234680
3027379,267.970428
3027380,15.942857
3027381,8.483963
3027382,704.091797
3027383,110.880081
3027384,8366.177734
3027385,3.608945
3027386,51.855072
3027387,8.246704
3027388,0.000000
3027389,8.131773
3027390,4458.915527
3027391,0.000000
3027392,805.030701
3027393,9.995893
3027394,1629.662964
3027395,1157.589600
3027396,316.996796
3027397,234.828629
3027398,293.988190
3027399,5876.927734
3027400,32.038139
3027401,2.761129
3027402,49.659473
3027403,35.779751
3027404,0.000000
3027405,272.504486
3027406,4.922858
3027407,66.795708
3027408,6.413517
3027409,249.327591
3027410,9.918311
3027411,466.577118
3027412,328.099487
3027413,12.501727
3027414,19.864136
3027415,470.472778
3027416,134.196182
3027417,7573.963867
3027418,4.165016
3027419,8.742815
3027420,6.234564
3027421,0.000000
3027422,5.088650
3027423,1838.133789
3027424,0.000000
3027425,440.523254
3027426,5.742682
3027427,813.434814
3027428,440.278107
3027429,191.165298
3027430,79.614670
3027431,99.925461
3027432,2780.147461
3027433,10.200782
3027434,0.765695
3027435,18.484360
3027436,20.490307
3027437,0.000000
3027438,179.233551
3027439,3.368788
3027440,14.339964
3027441,4.161173
3027442,59.406521
3027443,3.588382
3027444,232.699677
3027445,215.351761
3027446,2.708125
3027447,4.290018
3027448,150.886261
3027449,58.028473
3027450,2774.974854
3027451,0.039724
3027452,5.234899
3027453,5.761664
3027454,0.000000
3027455,1.171745
3027456,2733.252441
3027457,0.000000
3027458,216.056473
3027459,3.478269
3027460,804.197083
3027461,250.076599
3027462,181.802902
3027463,45.541927
3027464,22.169001
3027465,3025.792236
3027466,8.368547
3027467,0.165685
3027468,15.731256
3027469,7.874891
3027470,0.000000
3027471,179.995728
3027472,0.000000
3027473,2.162264
3027474,2.836174
3027475,22.096434
3027476,1.920612
3027477,53.708900
3027478,156.245987
3027479,0.000000
3027480,1.905881
3027481,43.725517
3027482,80.998787
3027483,580.494629
3027484,0.039724
3027485,2.484270
3027486,4.073512
3027487,0.000000
3027488,5.699307
3027489,2848.484375
3027490,0.000000
3027491,457.626587
3027492,9.151024
3027493,976.886475
3027494,736.366333
3027495,269.449951
3027496,157.038223
3027497,125.937157
3027498,4462.096191
3027499,24.650465
3027500,0.245617
3027501,21.761084
3027502,33.430573
3027503,0.000000
3027504,233.503708
3027505,16.481316
3027506,17.526970
3027507,11.223094
3027508,62.130489
3027509,6.071979
3027510,393.263855
3027511,308.673737
3027512,6.418817
3027513,11.059832
3027514,398.083984
3027515,77.793037
3027516,3360.871826
3027517,0.039724
3027518,32.868786
3027519,3.900105
3027520,0.000000
3027521,5.763901
3027522,3895.255371
3027523,0.000000
3027524,552.091919
3027525,15.102291
3027526,929.794495
3027527,1243.188477
3027528,177.138748
3027529,288.470795
3027530,210.002838
3027531,4163.736328
3027532,32.598373
3027533,2.585418
3027534,24.167505
3027535,23.954576
3027536,0.511239
3027537,230.223663
3027538,12.559093
3027539,44.033092
3027540,9.667241
3027541,137.394547
3027542,14.118731
3027543,415.907349
3027544,271.704285
3027545,5.623757
3027546,13.596322
3027547,545.549377
3027548,131.805695
3027549,7012.160156
3027550,0.174283
3027551,54.500259
3027552,3.600487
3027553,0.000000
3027554,11.532047
3027555,4167.367676
3027556,0.000000
3027557,704.590942
3027558,18.629387
3027559,988.789490
3027560,1232.751221
3027561,245.288422
3027562,282.724884
3027563,160.557968
3027564,4519.071777
3027565,30.734890
3027566,2.444534
3027567,34.730469
3027568,49.534069
3027569,0.000000
3027570,312.549347
3027571,24.469196
3027572,44.536015
3027573,18.964378
3027574,138.513550
3027575,15.891735
3027576,363.976349
3027577,271.939606
3027578,14.382977
3027579,15.688411
3027580,458.651764
3027581,144.180679
3027582,6555.944824
3027583,4.451500
3027584,32.442547
3027585,9.233150
3027586,0.000000
3027587,10.100922
3027588,2958.247559
3027589,0.000000
3027590,416.161194
3027591,10.590717
3027592,1379.775513
3027593,717.480408
3027594,459.058472
3027595,163.955765
3027596,96.447548
3027597,5940.091797
3027598,6.645379
3027599,1.165341
3027600,53.092285
3027601,32.602959
3027602,0.000000
3027603,337.866241
3027604,7.629893
3027605,6.044431
3027606,10.710382
3027607,49.771675
3027608,3.864721
3027609,349.126984
3027610,408.346680
3027611,2.883613
3027612,5.971745
3027613,351.597565
3027614,95.879761
3027615,1375.264526
3027616,141.915359
3027617,13.547106
3027618,3.467016
3027619,0.000000
3027620,5.460801
3027621,2012.807861
3027622,0.000000
3027623,330.559601
3027624,14.763414
3027625,550.518616
3027626,543.688416
3027627,131.545807
3027628,127.126076
3027629,133.206589
3027630,2204.600830
3027631,20.225197
3027632,1.380061
3027633,22.460325
3027634,28.352785
3027635,0.000000
3027636,167.614105
3027637,14.514220
3027638,17.548090
3027639,5.694208
3027640,111.196243
3027641,6.022650
3027642,253.178696
3027643,165.409866
3027644,4.342789
3027645,9.392527
3027646,259.729431
3027647,75.966354
3027648,2171.475098
3027649,0.039724
3027650,25.943336
3027651,1.542637
3027652,0.000000
3027653,2.680620
3027654,1361.028076
3027655,0.000000
3027656,80.971840
3027657,2.172924
3027658,699.899109
3027659,253.624222
3027660,216.395294
3027661,28.032787
3027662,31.784269
3027663,2550.077637
3027664,1.887263
3027665,0.000000
3027666,11.385937
3027667,8.420916
3027668,0.000000
3027669,157.134003
3027670,3.766834
3027671,0.983823
3027672,1.274699
3027673,9.123934
3027674,0.000000
3027675,261.844177
3027676,158.438583
3027677,0.000000
3027678,3.722402
3027679,130.275757
3027680,27.981646
3027681,226.861298
3027682,46.097233
3027683,2.243051
3027684,5.466493
3027685,0.000000
3027686,5.848929
3027687,4202.634277
3027688,0.000000
3027689,612.927795
3027690,10.358526
3027691,1462.997559
3027692,521.130676
3027693,413.495087
3027694,193.695480
3027695,81.873322
3027696,5962.936035
3027697,19.613054
3027698,0.352004
3027699,21.612785
3027700,16.761158
3027701,0.000000
3027702,443.989594
3027703,4.662868
3027704,1.796812
3027705,7.011298
3027706,29.256384
3027707,1.784248
3027708,823.494324
3027709,389.613037
3027710,2.238097
3027711,10.770337
3027712,370.403351
3027713,101.868362
3027714,1169.514038
3027715,35.710842
3027716,5.439607
3027717,3.891530
3027718,0.000000
3027719,0.813958
3027720,1392.720581
3027721,0.000000
3027722,159.382294
3027723,8.791034
3027724,863.780518
3027725,359.229401
3027726,179.590469
3027727,61.847507
3027728,35.329868
3027729,2628.546143
3027730,4.459905
3027731,0.000000
3027732,11.113726
3027733,15.854403
3027734,0.000000
3027735,132.422852
3027736,9.484075
3027737,1.314694
3027738,8.229371
3027739,28.250025
3027740,1.840648
3027741,213.334503
3027742,167.898483
3027743,1.150580
3027744,5.567997
3027745,143.987625
3027746,37.959572
3027747,364.729004
3027748,3.296708
3027749,3.339367
3027750,3.770812
3027751,0.000000
3027752,2.208513
3027753,1293.397339
3027754,0.000000
3027755,85.938103
3027756,4.642124
3027757,698.923401
3027758,221.477005
3027759,113.222153
3027760,31.075796
3027761,26.049068
3027762,2295.210205
3027763,7.444747
3027764,0.000000
3027765,8.745170
3027766,5.711578
3027767,0.000000
3027768,125.549820
3027769,1.559956
3027770,0.964453
3027771,1.203407
3027772,25.224638
3027773,1.189994
3027774,173.927155
3027775,161.187500
3027776,0.000000
3027777,3.260585
3027778,81.116089
3027779,19.442410
3027780,170.645325
3027781,9.339616
3027782,1.452540
3027783,3.038125
3027784,0.000000
3027785,3.542298
3027786,1497.675171
3027787,0.000000
3027788,156.477921
3027789,6.199254
3027790,984.478943
3027791,362.785828
3027792,223.412201
3027793,30.887470
3027794,35.564114
3027795,2553.277588
3027796,3.563097
3027797,0.000000
3027798,13.210079
3027799,20.613878
3027800,0.000000
3027801,168.995789
3027802,1.818996
3027803,2.179820
3027804,3.046462
3027805,13.589260
3027806,4.027644
3027807,329.962677
3027808,215.820251
3027809,1.134839
3027810,4.351267
3027811,58.521309
3027812,84.578743
3027813,370.752472
3027814,0.000000
3027815,6.378007
3027816,2.935528
3027817,1.939497
3027818,5.040350
3027819,1548.217407
3027820,0.000000
3027821,143.330505
3027822,3.335386
3027823,851.760376
3027824,319.561493
3027825,250.312225
3027826,104.104546
3027827,75.741119
3027828,2574.316162
3027829,5.441369
3027830,0.869854
3027831,13.785020
3027832,19.569386
3027833,0.000000
3027834,176.794159
3027835,6.562231
3027836,2.462618
3027837,5.397048
3027838,21.728884
3027839,2.883406
3027840,164.520767
3027841,174.698532
3027842,0.000000
3027843,4.459741
3027844,108.603714
3027845,55.199726
3027846,529.154236
3027847,8.362241
3027848,5.687687
3027849,3.754611
3027850,0.000000
3027851,2.420997
3027852,1097.523315
3027853,0.000000
3027854,108.753502
3027855,4.388797
3027856,777.450623
3027857,201.549484
3027858,134.764877
3027859,127.010681
3027860,25.860161
3027861,1715.814575
3027862,2.334559
3027863,0.000000
3027864,9.731256
3027865,13.060524
3027866,0.000000
3027867,126.759384
3027868,0.000000
3027869,2.174592
3027870,1.779091
3027871,18.962963
3027872,2.635674
3027873,60.667831
3027874,122.037239
3027875,0.082352
3027876,3.002347
3027877,63.381161
3027878,35.078960
3027879,387.952911
3027880,0.000000
3027881,2.293997
3027882,6.207355
3027883,0.000000
3027884,2.361647
3027885,2456.836914
3027886,0.000000
3027887,249.390137
3027888,6.880070
3027889,809.760803
3027890,595.469666
3027891,365.753296
3027892,161.141357
3027893,82.378250
3027894,3582.239502
3027895,10.068673
3027896,1.335717
3027897,19.658825
3027898,21.568420
3027899,0.000000
3027900,206.835205
3027901,0.000000
3027902,1.138119
3027903,11.445456
3027904,25.512981
3027905,3.331193
3027906,304.672363
3027907,206.576538
3027908,1.433946
3027909,5.982606
3027910,276.905273
3027911,60.915493
3027912,943.717285
3027913,51.421600
3027914,9.355875
3027915,2.060705
3027916,0.000000
3027917,5.079259
3027918,1652.383667
3027919,0.000000
3027920,449.829010
3027921,6.417060
3027922,462.463928
3027923,456.318756
3027924,164.065750
3027925,127.032661
3027926,41.742210
3027927,2270.100830
3027928,8.105154
3027929,0.694702
3027930,13.541587
3027931,17.241213
3027932,0.000000
3027933,147.649490
3027934,8.342457
3027935,1.759360
3027936,6.661163
3027937,55.056973
3027938,1.686487
3027939,191.949402
3027940,128.924667
3027941,2.969302
3027942,6.167575
3027943,133.065887
3027944,52.516083
3027945,1085.692017
3027946,40.349819
3027947,7.664641
3027948,5.471159
3027949,0.000000
3027950,3.372432
3027951,1987.135254
3027952,0.000000
3027953,130.570908
3027954,4.684946
3027955,715.712341
3027956,257.141144
3027957,219.483612
3027958,58.640312
3027959,41.248390
3027960,2831.124268
3027961,13.972713
3027962,0.802586
3027963,13.560644
3027964,11.973666
3027965,0.000000
3027966,153.745209
3027967,8.913874
3027968,2.174592
3027969,3.213624
3027970,26.919270
3027971,3.216325
3027972,157.905350
3027973,156.371048
3027974,1.632499
3027975,4.450828
3027976,197.422226
3027977,27.353401
3027978,411.487762
3027979,11.730742
3027980,5.074981
3027981,4.424700
3027982,0.000000
3027983,8.270006
3027984,2425.144287
3027985,0.000000
3027986,516.296204
3027987,9.253513
3027988,645.114380
3027989,601.058899
3027990,177.427307
3027991,123.843391
3027992,78.500015
3027993,2967.802246
3027994,25.402327
3027995,0.673623
3027996,16.920803
3027997,19.953766
3027998,0.000000
3027999,197.183670
3028000,19.108234
3028001,13.915290
3028002,6.724486
3028003,79.115013
3028004,8.461851
3028005,446.948547
3028006,206.354126
3028007,6.652490
3028008,5.910016
3028009,364.921631
3028010,101.413483
3028011,1856.454224
3028012,0.039724
3028013,28.212744
3028014,5.525311
3028015,0.000000
3028016,7.031207
3028017,3423.398438
3028018,0.000000
3028019,360.208679
3028020,5.220956
3028021,1059.896851
3028022,577.235413
3028023,464.583282
3028024,79.821213
3028025,63.195736
3028026,4433.010742
3028027,10.262813
3028028,0.000000
3028029,16.374735
3028030,12.146298
3028031,0.000000
3028032,273.744415
3028033,1.254274
3028034,5.027488
3028035,5.998716
3028036,32.683014
3028037,1.897522
3028038,697.584045
3028039,283.327271
3028040,2.837862
3028041,4.638414
3028042,223.107941
3028043,54.762711
3028044,697.573975
3028045,45.167645
3028046,9.393252
3028047,8.823356
3028048,0.000000
3028049,6.074592
3028050,2293.629150
3028051,0.000000
3028052,316.077087
3028053,3.755050
3028054,1216.503174
3028055,414.886871
3028056,220.477356
3028057,183.115204
3028058,77.234970
3028059,3283.434326
3028060,9.379227
3028061,0.000000
3028062,26.783329
3028063,23.786074
3028064,0.000000
3028065,239.122360
3028066,3.036651
3028067,2.640425
3028068,8.115850
3028069,77.618408
3028070,2.186131
3028071,120.083641
3028072,209.507980
3028073,1.552187
3028074,5.045343
3028075,150.260132
3028076,130.746704
3028077,846.045471
3028078,0.039724
3028079,4.465441
3028080,3.981936
3028081,0.000000
3028082,2.529859
3028083,1719.908691
3028084,0.000000
3028085,104.055763
3028086,5.219676
3028087,722.848694
3028088,281.557648
3028089,126.933472
3028090,50.807369
3028091,55.346920
3028092,2589.889404
3028093,5.134888
3028094,0.794834
3028095,24.266874
3028096,19.596828
3028097,0.000000
3028098,152.615479
3028099,0.840987
3028100,1.438331
3028101,3.228659
3028102,58.147285
3028103,3.635651
3028104,152.581772
3028105,134.312988
3028106,1.314370
3028107,4.136345
3028108,133.678986
3028109,30.394148
3028110,369.910522
3028111,16.115028
3028112,2.519781
3028113,1.621493
3028114,0.000000
3028115,2.371820
3028116,1314.946655
3028117,0.000000
3028118,258.738373
3028119,8.265100
3028120,471.779633
3028121,429.165710
3028122,129.426315
3028123,50.777580
3028124,66.460495
3028125,1857.333496
3028126,23.865461
3028127,0.000000
3028128,8.459112
3028129,12.517396
3028130,0.000000
3028131,125.957085
3028132,11.996984
3028133,1.767851
3028134,7.612304
3028135,55.965874
3028136,3.722350
3028137,666.696167
3028138,134.365173
3028139,2.982600
3028140,4.107218
3028141,289.379547
3028142,30.565830
3028143,981.266968
3028144,0.039724
3028145,7.812844
3028146,2.935372
3028147,0.000000
3028148,7.837183
3028149,2807.605225
3028150,0.000000
3028151,624.424316
3028152,16.961336
3028153,883.077148
3028154,1057.189941
3028155,241.061172
3028156,194.829773
3028157,146.618271
3028158,3476.468750
3028159,26.127352
3028160,0.869828
3028161,22.186117
3028162,31.722782
3028163,0.000000
3028164,232.734390
3028165,12.094920
3028166,26.237392
3028167,9.634571
3028168,83.577141
3028169,11.827072
3028170,358.582275
3028171,230.308136
3028172,15.277885
3028173,9.502897
3028174,444.713074
3028175,103.898651
3028176,3003.240967
3028177,0.039724
3028178,22.881691
3028179,2.454532
3028180,0.000000
3028181,2.609181
3028182,2041.543701
3028183,0.000000
3028184,366.588043
3028185,5.284904
3028186,401.874451
3028187,464.594757
3028188,128.713638
3028189,105.506538
3028190,79.470825
3028191,1739.248291
3028192,16.425602
3028193,0.411083
3028194,14.763601
3028195,13.867172
3028196,0.000000
3028197,97.128845
3028198,0.000000
3028199,22.490791
3028200,3.349951
3028201,199.265411
3028202,6.478352
3028203,175.087784
3028204,106.338074
3028205,3.937249
3028206,5.014866
3028207,157.034454
3028208,35.773735
3028209,1448.121948
3028210,1.101698
3028211,2.793993
3028212,3.331393
3028213,0.000000
3028214,0.963798
3028215,675.789734
3028216,0.000000
3028217,175.733093
3028218,4.068185
3028219,267.405914
3028220,165.620712
3028221,46.960190
3028222,23.399725
3028223,30.033390
3028224,1023.726196
3028225,3.315687
3028226,0.000000
3028227,10.791005
3028228,7.160541
3028229,0.000000
3028230,67.612595
3028231,0.000000
3028232,5.884565
3028233,0.666538
3028234,19.453661
3028235,0.000000
3028236,192.431915
3028237,102.357986
3028238,1.407869
3028239,1.119068
3028240,105.254883
3028241,16.422697
3028242,367.452728
3028243,1.689351
3028244,1.788834
3028245,5.606352
3028246,0.000000
3028247,4.344458
3028248,2281.725830
3028249,0.000000
3028250,472.577454
3028251,13.851828
3028252,600.115601
3028253,703.247559
3028254,232.941223
3028255,185.832184
3028256,108.260544
3028257,2874.857178
3028258,19.940722
3028259,1.295116
3028260,16.076092
3028261,24.005438
3028262,0.000000
3028263,174.842804
3028264,5.752445
3028265,30.342516
3028266,6.809629
3028267,115.871788
3028268,4.988244
3028269,222.690460
3028270,182.160599
3028271,8.533133
3028272,7.293306
3028273,325.280396
3028274,63.606869
3028275,2007.747803
3028276,0.542763
3028277,15.103479
3028278,5.327304
3028279,0.000000
3028280,2.079950
3028281,2638.546387
3028282,0.000000
3028283,423.521149
3028284,11.814366
3028285,880.822388
3028286,614.957947
3028287,296.526917
3028288,177.816666
3028289,57.616913
3028290,3672.960693
3028291,10.615066
3028292,0.283139
3028293,24.104828
3028294,17.421638
3028295,0.980473
3028296,225.181702
3028297,0.000000
3028298,4.176138
3028299,3.585557
3028300,37.161789
3028301,1.317840
3028302,271.353394
3028303,235.341354
3028304,3.517294
3028305,3.831335
3028306,176.103088
3028307,64.145515
3028308,1081.593384
3028309,2.615289
3028310,3.811751
3028311,4.339500
3028312,0.000000
3028313,2.481364
3028314,2622.335693
3028315,0.000000
3028316,485.763885
3028317,1.749274
3028318,721.601135
3028319,541.029175
3028320,225.844620
3028321,166.098679
3028322,61.618465
3028323,3387.407715
3028324,13.790806
3028325,0.886319
3028326,21.839403
3028327,16.828571
3028328,0.000000
3028329,184.088150
3028330,0.000000
3028331,4.101490
3028332,5.935851
3028333,85.179077
3028334,1.241989
3028335,150.754959
3028336,177.150711
3028337,3.637305
3028338,3.923845
3028339,166.239243
3028340,56.224560
3028341,821.641235
3028342,1.676009
3028343,4.197820
3028344,7.767025
3028345,2.730162
3028346,15.140491
3028347,6593.438477
3028348,0.000000
3028349,875.347534
3028350,29.918873
3028351,1406.607422
3028352,1476.960205
3028353,283.467499
3028354,372.525299
3028355,281.092407
3028356,6120.661133
3028357,63.719185
3028358,2.670855
3028359,51.732624
3028360,43.114819
3028361,0.000000
3028362,353.083649
3028363,29.043219
3028364,40.846180
3028365,23.833817
3028366,204.586487
3028367,23.086866
3028368,582.317261
3028369,403.468140
3028370,16.595650
3028371,20.991610
3028372,847.352600
3028373,205.711929
3028374,6144.964844
3028375,3.313039
3028376,76.452179
3028377,2.890821
3028378,0.000000
3028379,0.561704
3028380,1367.871704
3028381,0.000000
3028382,163.740814
3028383,3.565930
3028384,543.471252
3028385,232.048859
3028386,109.863647
3028387,110.157974
3028388,52.176304
3028389,2280.440918
3028390,3.501719
3028391,0.000000
3028392,13.674192
3028393,8.131663
3028394,0.000000
3028395,141.437897
3028396,0.253719
3028397,0.528411
3028398,2.187460
3028399,28.145380
3028400,1.241095
3028401,158.785049
3028402,89.873238
3028403,1.435608
3028404,3.713351
3028405,106.431198
3028406,21.214989
3028407,472.418152
3028408,0.039724
3028409,3.093748
3028410,6.676296
3028411,0.000000
3028412,1.022816
3028413,2625.675537
3028414,0.000000
3028415,462.499634
3028416,8.001641
3028417,1110.643799
3028418,532.990417
3028419,190.641266
3028420,212.765701
3028421,84.246124
3028422,3812.138184
3028423,8.462891
3028424,0.000000
3028425,21.282866
3028426,19.331650
3028427,0.000000
3028428,234.056366
3028429,0.699798
3028430,1.770695
3028431,9.350806
3028432,17.388748
3028433,1.252066
3028434,630.372681
3028435,207.782593
3028436,2.834404
3028437,4.984274
3028438,125.174232
3028439,56.594414
3028440,876.359558
3028441,1.346015
3028442,3.606382
3028443,1.252047
3028444,0.000000
3028445,2.444807
3028446,827.556458
3028447,0.000000
3028448,128.985489
3028449,2.689619
3028450,542.375366
3028451,131.677521
3028452,91.177429
3028453,207.071106
3028454,14.580699
3028455,1664.817383
3028456,1.006520
3028457,0.000000
3028458,6.307170
3028459,3.887703
3028460,0.000000
3028461,83.947166
3028462,0.000000
3028463,0.529045
3028464,1.122841
3028465,13.368359
3028466,0.000000
3028467,109.959557
3028468,86.926994
3028469,0.939463
3028470,1.680992
3028471,47.706871
3028472,9.079166
3028473,174.712143
3028474,0.039724
3028475,1.840075
3028476,16.510393
3028477,0.000000
3028478,4.042665
3028479,2094.224609
3028480,0.000000
3028481,218.247009
3028482,18.185305
3028483,991.048157
3028484,384.158783
3028485,188.056396
3028486,135.542770
3028487,71.525192
3028488,3012.641357
3028489,4.111241
3028490,0.000765
3028491,43.962574
3028492,23.028677
3028493,0.000000
3028494,200.899734
3028495,0.000000
3028496,1.551742
3028497,14.990582
3028498,39.443020
3028499,4.579201
3028500,382.789307
3028501,200.769012
3028502,5.243379
3028503,5.181412
3028504,206.847137
3028505,27.586897
3028506,1026.517090
3028507,0.000000
3028508,3.735509
3028509,2.700887
3028510,0.000000
3028511,2.597553
3028512,2257.186523
3028513,0.000000
3028514,613.516907
3028515,7.451310
3028516,737.621643
3028517,518.534424
3028518,215.944199
3028519,112.094315
3028520,78.807487
3028521,3771.954590
3028522,5.966467
3028523,2.679443
3028524,25.743935
3028525,34.410282
3028526,0.000000
3028527,187.650833
3028528,2.493456
3028529,6.466856
3028530,3.374531
3028531,29.573219
3028532,3.645774
3028533,229.171722
3028534,233.924637
3028535,3.774783
3028536,7.106522
3028537,129.810425
3028538,31.860353
3028539,599.493958
3028540,4.943282
3028541,3.294170
3028542,3.590939
3028543,0.000000
3028544,2.693399
3028545,1345.068481
3028546,0.000000
3028547,97.649353
3028548,1.565832
3028549,433.610992
3028550,168.413284
3028551,85.097740
3028552,99.278297
3028553,32.550385
3028554,1686.644165
3028555,2.586525
3028556,0.000000
3028557,7.663136
3028558,3.724451
3028559,0.000000
3028560,93.651184
3028561,0.000000
3028562,0.086607
3028563,0.039724
3028564,18.064022
3028565,0.049165
3028566,300.721558
3028567,89.578369
3028568,0.000000
3028569,0.723200
3028570,53.742039
3028571,19.542482
3028572,369.070038
3028573,0.039724
3028574,0.122075
3028575,3.421963
3028576,0.000000
3028577,1.931621
3028578,3358.182861
3028579,0.000000
3028580,436.233521
3028581,8.401713
3028582,758.609863
3028583,477.131348
3028584,182.163010
3028585,128.503143
3028586,70.710785
3028587,3570.202393
3028588,8.456428
3028589,0.000000
3028590,23.411083
3028591,12.169410
3028592,0.000000
3028593,185.030319
3028594,0.000000
3028595,22.996101
3028596,2.353554
3028597,43.333233
3028598,3.033408
3028599,412.071686
3028600,181.450195
3028601,3.622292
3028602,4.193723
3028603,131.915863
3028604,54.112473
3028605,1157.306641
3028606,2.714811
3028607,1.796619
3028608,3.000583
3028609,0.000000
3028610,8.311738
3028611,2410.821533
3028612,0.000000
3028613,487.977814
3028614,5.518369
3028615,767.857239
3028616,706.860046
3028617,145.050232
3028618,123.051666
3028619,105.633224
3028620,3227.700928
3028621,50.982029
3028622,1.244301
3028623,22.963326
3028624,22.834518
3028625,0.000000
3028626,204.001633
3028627,20.816660
3028628,26.476313
3028629,2.079571
3028630,125.372414
3028631,9.481763
3028632,209.909744
3028633,240.563034
3028634,11.089540
3028635,11.905714
3028636,221.290588
3028637,77.268867
3028638,2293.484619
3028639,0.186363
3028640,10.235198
3028641,5.001898
3028642,0.000000
3028643,8.849515
3028644,1918.973267
3028645,0.000000
3028646,372.342072
3028647,8.984217
3028648,694.421997
3028649,581.051025
3028650,127.559258
3028651,77.275513
3028652,101.989128
3028653,2904.817139
3028654,21.205153
3028655,0.819983
3028656,31.543501
3028657,28.675426
3028658,0.000000
3028659,244.952240
3028660,20.525785
3028661,15.080771
3028662,7.007185
3028663,82.409904
3028664,10.345591
3028665,128.459213
3028666,328.788544
3028667,6.166108
3028668,8.913152
3028669,106.576088
3028670,78.720673
3028671,1755.703491
3028672,10.065893
3028673,15.414064
3028674,7.365376
3028675,0.000000
3028676,5.967643
3028677,2938.143799
3028678,0.000000
3028679,605.610779
3028680,4.059505
3028681,1476.983521
3028682,522.512146
3028683,160.978134
3028684,246.494598
3028685,58.968380
3028686,4656.347656
3028687,24.350769
3028688,1.384931
3028689,22.339590
3028690,17.002241
3028691,0.000000
3028692,271.844543
3028693,4.916924
3028694,14.282406
3028695,8.729058
3028696,54.861431
3028697,5.802989
3028698,219.167526
3028699,277.238861
3028700,5.246469
3028701,7.984720
3028702,200.084152
3028703,57.489487
3028704,1216.872803
3028705,9.526208
3028706,10.691685
3028707,2.957606
3028708,0.000000
3028709,6.235478
3028710,1823.278320
3028711,0.000000
3028712,275.363647
3028713,5.905360
3028714,571.323669
3028715,577.939941
3028716,162.982468
3028717,101.240715
3028718,67.264236
3028719,2497.759277
3028720,12.578586
3028721,2.183669
3028722,10.377892
3028723,9.785026
3028724,0.000000
3028725,154.042038
3028726,16.069748
3028727,16.242720
3028728,1.722622
3028729,65.513954
3028730,6.172774
3028731,250.174393
3028732,177.443069
3028733,5.223930
3028734,5.751270
3028735,284.296692
3028736,41.683090
3028737,1730.853760
3028738,0.039724
3028739,22.399073
3028740,3.614898
3028741,0.000000
3028742,4.442807
3028743,4321.701172
3028744,0.000000
3028745,370.188568
3028746,6.929689
3028747,1219.647461
3028748,552.296753
3028749,221.993973
3028750,152.481064
3028751,58.491035
3028752,4762.119141
3028753,7.208105
3028754,1.382186
3028755,25.953005
3028756,24.059370
3028757,0.000000
3028758,318.426971
3028759,0.000000
3028760,0.039724
3028761,8.392759
3028762,29.968203
3028763,2.288494
3028764,147.822250
3028765,256.264923
3028766,3.095954
3028767,9.102824
3028768,160.173141
3028769,40.624504
3028770,837.001282
3028771,0.039724
3028772,4.750850
3028773,4.236961
3028774,0.000000
3028775,5.142490
3028776,1766.136841
3028777,0.000000
3028778,371.723389
3028779,10.313276
3028780,742.766113
3028781,518.287109
3028782,175.338791
3028783,102.731583
3028784,116.908195
3028785,2955.907227
3028786,21.698030
3028787,0.861236
3028788,18.123447
3028789,25.927450
3028790,0.000000
3028791,175.036331
3028792,11.758174
3028793,13.592834
3028794,4.564083
3028795,77.141708
3028796,8.835520
3028797,167.430481
3028798,228.783691
3028799,9.263326
3028800,6.948613
3028801,152.769653
3028802,53.646797
3028803,1674.334595
3028804,0.211650
3028805,5.105782
3028806,3.241078
3028807,0.000000
3028808,4.429792
3028809,1931.007202
3028810,0.000000
3028811,367.823029
3028812,7.421680
3028813,573.237000
3028814,699.041809
3028815,155.770248
3028816,103.287369
3028817,103.286400
3028818,2486.692871
3028819,19.841064
3028820,0.682335
3028821,16.715014
3028822,15.384949
3028823,0.000000
3028824,157.242661
3028825,12.226661
3028826,35.555141
3028827,4.301427
3028828,80.865952
3028829,8.757652
3028830,227.977005
3028831,167.735657
3028832,7.162540
3028833,6.147696
3028834,188.986679
3028835,55.272495
3028836,1990.303711
3028837,0.122075
3028838,13.835076
3028839,5.173127
3028840,0.000000
3028841,3.132769
3028842,4338.104980
3028843,0.000000
3028844,462.284363
3028845,14.114963
3028846,1068.748291
3028847,582.749268
3028848,226.278061
3028849,160.830948
3028850,57.714417
3028851,4043.696777
3028852,10.291590
3028853,0.000000
3028854,16.596027
3028855,16.594503
3028856,0.000000
3028857,214.229553
3028858,0.000000
3028859,9.664888
3028860,1.337349
3028861,62.397564
3028862,1.526795
3028863,270.661224
3028864,255.225891
3028865,5.508122
3028866,1.468975
3028867,222.147476
3028868,112.153160
3028869,1107.871460
3028870,3.145368
3028871,0.709731
3028872,12.514417
3028873,0.000000
3028874,14.325762
3028875,7038.027832
3028876,0.000000
3028877,1195.348267
3028878,26.341105
3028879,1748.493164
3028880,1785.620728
3028881,405.617554
3028882,418.090271
3028883,407.397430
3028884,7750.341309
3028885,76.377495
3028886,2.987735
3028887,97.254509
3028888,100.125404
3028889,0.000000
3028890,454.279816
3028891,23.234882
3028892,20.013325
3028893,54.759350
3028894,295.998169
3028895,18.058241
3028896,699.720947
3028897,409.850769
3028898,31.326021
3028899,31.094774
3028900,876.359253
3028901,283.167877
3028902,7137.320312
3028903,290.545929
3028904,69.093178
3028905,12.821225
3028906,0.000000
3028907,14.462187
3028908,6545.620117
3028909,0.000000
3028910,885.947815
3028911,26.457226
3028912,1823.937012
3028913,1436.848633
3028914,574.863098
3028915,309.649323
3028916,248.943649
3028917,8604.252930
3028918,103.138977
3028919,1.063902
3028920,57.926498
3028921,66.055237
3028922,1.025756
3028923,459.345825
3028924,22.725157
3028925,27.234913
3028926,13.876151
3028927,245.077408
3028928,11.441524
3028929,849.536499
3028930,575.572327
3028931,17.625078
3028932,21.058641
3028933,887.226624
3028934,223.426559
3028935,4522.530273
3028936,425.422394
3028937,63.075668
3028938,9.543449
3028939,0.000000
3028940,20.036440
3028941,4189.948730
3028942,0.000000
3028943,711.804688
3028944,14.260678
3028945,1442.955200
3028946,1051.122070
3028947,577.893250
3028948,97.304749
3028949,189.986908
3028950,6543.786621
3028951,31.932775
3028952,3.269056
3028953,28.313080
3028954,25.644890
3028955,0.039670
3028956,416.199921
3028957,23.079521
3028958,20.232382
3028959,10.369812
3028960,121.558594
3028961,9.557413
3028962,729.308044
3028963,577.899170
3028964,20.347223
3028965,31.083458
3028966,587.057312
3028967,127.741837
3028968,2055.056885
3028969,347.218475
3028970,38.812393
3028971,12.618186
3028972,0.000000
3028973,20.761774
3028974,5992.288086
3028975,0.000000
3028976,873.281067
3028977,19.682877
3028978,1473.156128
3028979,1447.963379
3028980,466.501160
3028981,242.556885
3028982,210.598938
3028983,7912.860352
3028984,50.942009
3028985,1.117970
3028986,58.550961
3028987,58.114586
3028988,0.471696
3028989,461.299530
3028990,25.348875
3028991,28.675169
3028992,20.656677
3028993,199.242889
3028994,13.012663
3028995,698.450195
3028996,591.862366
3028997,17.480064
3028998,23.701399
3028999,786.224365
3029000,191.333466
3029001,4043.622803
3029002,375.559570
3029003,58.115780
3029004,8.555058
3029005,0.000000
3029006,20.080719
3029007,3309.032471
3029008,0.000000
3029009,598.674377
3029010,5.251382
3029011,1261.297241
3029012,846.393066
3029013,451.904480
3029014,80.208084
3029015,138.820694
3029016,5739.972656
3029017,31.539690
3029018,0.000000
3029019,27.910782
3029020,23.275991
3029021,0.000000
3029022,396.248627
3029023,21.591585
3029024,8.913326
3029025,8.946503
3029026,111.448456
3029027,6.393755
3029028,605.700928
3029029,571.435913
3029030,13.016171
3029031,18.360813
3029032,523.676697
3029033,79.822823
3029034,1315.354126
3029035,359.207642
3029036,19.378288
3029037,9.144124
3029038,0.000000
3029039,14.032906
3029040,4929.725586
3029041,0.000000
3029042,921.959778
3029043,26.150236
3029044,1402.978882
3029045,1587.873413
3029046,364.307892
3029047,367.809326
3029048,281.484863
3029049,5974.383789
3029050,60.400032
3029051,1.006172
3029052,52.877964
3029053,51.276394
3029054,0.000000
3029055,355.444824
3029056,17.572599
3029057,24.433203
3029058,10.527493
3029059,241.333649
3029060,15.185512
3029061,606.077881
3029062,369.429993
3029063,15.801358
3029064,23.953482
3029065,699.867371
3029066,173.047485
3029067,5880.848633
3029068,235.481750
3029069,78.589134
3029070,5.030771
3029071,0.000000
3029072,6.159665
3029073,1558.567993
3029074,0.000000
3029075,278.911804
3029076,21.045584
3029077,711.430115
3029078,474.993866
3029079,189.316544
3029080,60.841923
3029081,80.254066
3029082,2531.784424
3029083,20.651859
3029084,0.894376
3029085,23.396599
3029086,20.745819
3029087,0.000000
3029088,163.951065
3029089,11.249023
3029090,7.633096
3029091,10.257747
3029092,62.115543
3029093,8.676533
3029094,232.370712
3029095,205.414215
3029096,2.750505
3029097,6.593010
3029098,180.817963
3029099,58.730049
3029100,1343.149780
3029101,0.335881
3029102,10.727970
3029103,7.996081
3029104,0.000000
3029105,12.085076
3029106,3607.727783
3029107,0.000000
3029108,470.713135
3029109,26.398556
3029110,1248.872437
3029111,889.783020
3029112,409.841675
3029113,81.781944
3029114,171.594437
3029115,5769.097656
3029116,58.439182
3029117,0.892125
3029118,52.098358
3029119,29.519342
3029120,0.000000
3029121,314.847626
3029122,13.713096
3029123,8.859763
3029124,2.951653
3029125,136.199081
3029126,7.871974
3029127,466.695984
3029128,401.089050
3029129,9.983475
3029130,18.167923
3029131,317.348480
3029132,82.008324
3029133,1920.632690
3029134,347.462341
3029135,15.891115
3029136,5.499782
3029137,0.000000
3029138,4.028173
3029139,3631.237305
3029140,0.000000
3029141,616.450745
3029142,9.900180
3029143,991.508545
3029144,1220.581909
3029145,186.724121
3029146,291.047089
3029147,221.792938
3029148,3832.622314
3029149,31.268887
3029150,0.558903
3029151,24.202597
3029152,30.386217
3029153,0.000000
3029154,219.030655
3029155,1.939258
3029156,51.024605
3029157,3.155712
3029158,133.105621
3029159,8.436524
3029160,471.099335
3029161,196.899460
3029162,15.287770
3029163,8.527811
3029164,514.586365
3029165,106.969002
3029166,4385.598633
3029167,3.477998
3029168,36.139572
3029169,8.163343
3029170,0.000000
3029171,6.945297
3029172,3864.426025
3029173,0.000000
3029174,736.830200
3029175,9.799345
3029176,1331.635986
3029177,959.830811
3029178,287.361176
3029179,180.524704
3029180,334.437164
3029181,5050.259277
3029182,29.450834
3029183,2.848280
3029184,50.433918
3029185,32.299305
3029186,0.000000
3029187,270.388367
3029188,5.164041
3029189,53.674076
3029190,5.966117
3029191,295.376373
3029192,9.951933
3029193,422.804840
3029194,267.171295
3029195,14.722233
3029196,18.563734
3029197,393.017517
3029198,124.641792
3029199,4177.663574
3029200,3.519413
3029201,9.163968
3029202,5.915679
3029203,0.000000
3029204,3.087721
3029205,1506.598877
3029206,0.000000
3029207,363.558197
3029208,7.200123
3029209,631.350098
3029210,360.666931
3029211,175.442291
3029212,65.116707
3029213,99.430916
3029214,2320.535400
3029215,10.447189
3029216,0.846262
3029217,19.633387
3029218,20.955626
3029219,0.000000
3029220,149.391037
3029221,3.457982
3029222,9.578816
3029223,4.175230
3029224,79.768044
3029225,3.652865
3029226,213.773788
3029227,181.997910
3029228,3.612333
3029229,4.325508
3029230,124.580948
3029231,52.694431
3029232,1517.157349
3029233,0.039724
3029234,3.259784
3029235,6.124066
3029236,0.000000
3029237,1.129234
3029238,2760.605957
3029239,0.000000
3029240,183.327240
3029241,3.699561
3029242,795.150940
3029243,196.534531
3029244,176.342148
3029245,65.205338
3029246,28.703512
3029247,2747.089600
3029248,9.688182
3029249,0.251513
3029250,16.114697
3029251,11.274428
3029252,0.000000
3029253,174.904953
3029254,0.000000
3029255,2.174592
3029256,3.068559
3029257,17.915916
3029258,2.027096
3029259,55.889870
3029260,157.785141
3029261,0.000000
3029262,2.295185
3029263,56.623531
3029264,83.641312
3029265,535.939148
3029266,0.039724
3029267,2.640661
3029268,4.225452
3029269,0.000000
3029270,7.053012
3029271,2469.511963
3029272,0.000000
3029273,419.766510
3029274,9.153418
3029275,795.974792
3029276,698.443604
3029277,249.550568
3029278,125.062485
3029279,106.252335
3029280,3802.402100
3029281,25.348282
3029282,0.000000
3029283,19.298689
3029284,36.388115
3029285,0.000000
3029286,208.888641
3029287,17.509266
3029288,14.660675
3029289,12.624250
3029290,82.971535
3029291,6.269199
3029292,361.852936
3029293,256.673645
3029294,6.615623
3029295,11.303027
3029296,410.336853
3029297,78.688225
3029298,1847.756592
3029299,0.039724
3029300,24.950500
3029301,3.736335
3029302,0.000000
3029303,7.419234
3029304,3333.744385
3029305,0.000000
3029306,540.809998
3029307,17.457296
3029308,785.292358
3029309,1074.657471
3029310,163.910583
3029311,258.935608
3029312,187.730637
3029313,3392.413086
3029314,31.241325
3029315,2.486512
3029316,24.561419
3029317,26.191265
3029318,2.407000
3029319,188.047760
3029320,12.465174
3029321,34.056133
3029322,8.046112
3029323,143.187805
3029324,13.388496
3029325,379.330139
3029326,205.827118
3029327,5.653158
3029328,13.051821
3029329,508.877197
3029330,129.139221
3029331,4180.294434
3029332,0.141034
3029333,43.054016
3029334,3.170157
3029335,0.000000
3029336,11.565426
3029337,3795.894775
3029338,0.000000
3029339,712.635498
3029340,20.048935
3029341,878.332520
3029342,1090.369019
3029343,225.529831
3029344,229.049957
3029345,130.752853
3029346,3995.282227
3029347,30.555475
3029348,2.559324
3029349,32.229183
3029350,41.863079
3029351,0.000000
3029352,252.630997
3029353,25.247705
3029354,32.469639
3029355,22.304213
3029356,142.261673
3029357,15.592996
3029358,369.290985
3029359,248.819153
3029360,14.272373
3029361,16.030054
3029362,421.275543
3029363,137.818604
3029364,3502.341309
3029365,3.731982
3029366,31.004074
3029367,10.268592
3029368,0.000000
3029369,10.466945
3029370,2650.666748
3029371,0.000000
3029372,374.812744
3029373,9.810664
3029374,1247.728149
3029375,599.074402
3029376,432.720123
3029377,163.182526
3029378,99.109444
3029379,5168.068848
3029380,7.564864
3029381,1.274240
3029382,41.733639
3029383,33.610939
3029384,0.000000
3029385,314.897491
3029386,9.526852
3029387,5.688877
3029388,10.749002
3029389,38.377724
3029390,4.071227
3029391,503.864014
3029392,361.893890
3029393,4.168987
3029394,6.143901
3029395,360.876648
3029396,102.289070
3029397,1116.365723
3029398,160.276535
3029399,13.628517
